Date,Open,High,Low,Close,Volume,DXY,VIX,SP500,Gold
2018-01-02,13382.16,15473.49,12890.02,14675.11,20078.092111,91.8499984741211,9.770000457763672,2695.81005859375,1313.699951171875
2018-01-03,14690.0,15307.56,14150.0,14919.51,15905.667639,92.16000366210938,9.149999618530272,2713.06005859375,1316.199951171875
2018-01-04,14919.51,15280.0,13918.04,15059.54,21329.649574,91.8499984741211,9.220000267028809,2723.989990234375,1319.4000244140625
2018-01-05,15059.56,17176.24,14600.0,16960.39,23251.491125,91.9499969482422,9.220000267028809,2743.14990234375,1320.300048828125
2018-01-06,16960.39,17143.13,16011.21,17069.79,18571.457508,91.9499969482422,9.220000267028809,2743.14990234375,1320.300048828125
2018-01-07,17069.79,17099.96,15610.0,16150.03,12493.125558,91.9499969482422,9.220000267028809,2743.14990234375,1320.300048828125
2018-01-08,16218.85,16322.3,12812.0,14902.54,26600.609912,92.33000183105467,9.520000457763672,2747.7099609375,1318.5999755859375
2018-01-09,14902.54,15500.0,14011.05,14400.0,14315.004253,92.52999877929688,10.079999923706056,2751.2900390625,1311.699951171875
2018-01-10,14401.0,14955.66,13131.31,14907.09,17411.001655,92.33000183105467,9.81999969482422,2748.22998046875,1317.4000244140625
2018-01-11,14940.0,14968.68,11400.0,13238.78,33554.723751,91.8499984741211,9.880000114440918,2767.56005859375,1320.5999755859375
2018-01-12,13238.76,14109.78,12500.0,13740.01,16417.162137,90.97000122070312,10.15999984741211,2786.239990234375,1333.4000244140625
2018-01-13,13749.95,14580.0,13706.15,14210.0,12221.508528,90.97000122070312,10.15999984741211,2786.239990234375,1333.4000244140625
2018-01-14,14210.0,14339.5,12569.2,13474.99,17017.894329,90.97000122070312,10.15999984741211,2786.239990234375,1333.4000244140625
2018-01-15,13477.98,14249.99,13147.79,13539.93,14652.094705,90.97000122070312,10.15999984741211,2786.239990234375,1333.4000244140625
2018-01-16,13500.0,13542.93,9035.0,10900.0,63401.169175,90.38999938964844,11.65999984741211,2776.419921875,1335.4000244140625
2018-01-17,10899.99,11680.99,9037.94,10988.79,72331.796646,90.54000091552734,11.90999984741211,2802.56005859375,1338.0
2018-01-18,10972.59,11878.82,10435.33,10961.97,48464.434937,90.5,12.220000267028809,2798.030029296875,1326.0
2018-01-19,10960.0,11795.0,10360.0,11474.98,34129.375421,90.56999969482422,11.270000457763672,2810.300048828125,1331.9000244140625
2018-01-20,11474.98,13099.0,11412.45,12799.94,28768.857827,90.56999969482422,11.270000457763672,2810.300048828125,1331.9000244140625
2018-01-21,12799.8,12799.8,10965.0,11530.0,41379.773426,90.56999969482422,11.270000457763672,2810.300048828125,1331.9000244140625
2018-01-22,11530.0,11926.35,9900.24,10760.05,43752.606791,90.4000015258789,11.029999732971191,2832.969970703125,1330.9000244140625
2018-01-23,10760.05,11399.0,9905.0,10799.18,37473.922552,90.12000274658205,11.100000381469728,2839.1298828125,1335.699951171875
2018-01-24,10799.14,11570.48,10500.0,11349.99,27158.587762,89.20999908447266,11.470000267028809,2837.5400390625,1355.9000244140625
2018-01-25,11349.96,11794.05,10950.21,11175.27,20839.954183,89.38999938964844,11.579999923706056,2839.25,1362.4000244140625
2018-01-26,11184.7,11643.0,10311.15,11089.0,33056.87196,89.06999969482422,11.079999923706056,2872.8701171875,1351.5999755859375
2018-01-27,11089.0,11650.0,10842.69,11491.0,18860.768345,89.06999969482422,11.079999923706056,2872.8701171875,1351.5999755859375
2018-01-28,11499.98,12244.0,11408.0,11879.95,16887.339524,89.06999969482422,11.079999923706056,2872.8701171875,1351.5999755859375
2018-01-29,11879.95,11975.02,11139.55,11251.0,14170.377538,89.30999755859375,13.84000015258789,2853.530029296875,1351.5999755859375
2018-01-30,11250.11,11308.42,9900.0,10237.51,25554.372946,89.19000244140625,14.789999961853027,2822.429931640625,1335.4000244140625
2018-01-31,10230.0,10425.85,9700.0,10285.1,18015.956805,89.12999725341797,13.539999961853027,2823.81005859375,1339.0
2018-02-01,10285.1,10335.0,8750.99,9224.52,33564.764311,88.66999816894531,13.470000267028809,2821.97998046875,1344.300048828125
2018-02-02,9224.52,9250.0,8010.02,8873.03,49971.626975,89.19999694824219,17.309999465942383,2762.1298828125,1333.699951171875
2018-02-03,8873.03,9473.01,8229.0,9199.96,28725.000735,89.19999694824219,17.309999465942383,2762.1298828125,1333.699951171875
2018-02-04,9199.96,9368.0,7930.0,8184.81,32014.308449,89.19999694824219,17.309999465942383,2762.1298828125,1333.699951171875
2018-02-05,8179.99,8382.8,6625.0,6939.99,63403.182579,89.55000305175781,37.31999969482422,2648.93994140625,1333.0
2018-02-06,6939.63,7878.0,6000.01,7652.14,100201.500307,89.58999633789062,29.979999542236328,2695.139892578125,1326.0999755859375
2018-02-07,7655.02,8476.0,7150.01,7599.0,60778.460497,90.26000213623048,27.729999542236328,2681.659912109375,1311.5999755859375
2018-02-08,7599.0,7844.0,7572.09,7784.02,1521.537318,90.2300033569336,33.459999084472656,2581.0,1316.9000244140625
2018-02-09,7789.9,8738.0,7789.9,8683.92,20482.910825,90.44000244140624,29.059999465942383,2619.550048828125,1313.0999755859375
2018-02-10,8683.93,9065.78,8120.0,8533.98,49381.512653,90.44000244140624,29.059999465942383,2619.550048828125,1313.0999755859375
2018-02-11,8533.99,8549.0,7726.53,8063.88,45025.187952,90.44000244140624,29.059999465942383,2619.550048828125,1313.0999755859375
2018-02-12,8063.82,8989.0,8053.0,8903.0,41987.85049,90.20999908447266,25.61000061035156,2656.0,1324.199951171875
2018-02-13,8903.0,8950.0,8351.0,8539.9,35454.972956,89.69999694824219,24.96999931335449,2662.93994140625,1328.0999755859375
2018-02-14,8535.17,9489.6,8533.0,9449.99,40811.952867,89.12000274658203,19.26000022888184,2698.6298828125,1355.5
2018-02-15,9449.98,10219.5,9301.5,10000.09,52427.596715,88.58999633789062,19.1299991607666,2731.199951171875,1352.0999755859375
2018-02-16,10000.89,10323.37,9666.0,10159.98,38161.205974,89.0999984741211,19.459999084472656,2732.219970703125,1353.199951171875
2018-02-17,10156.07,11075.07,10050.0,11039.55,41882.108407,89.0999984741211,19.459999084472656,2732.219970703125,1353.199951171875
2018-02-18,11039.55,11274.0,10080.0,10383.43,61137.380728,89.0999984741211,19.459999084472656,2732.219970703125,1353.199951171875
2018-02-19,10375.01,11250.0,10270.33,11153.0,40831.417131,89.0999984741211,19.459999084472656,2732.219970703125,1353.199951171875
2018-02-20,11147.11,11786.01,11100.59,11200.99,48153.354288,89.72000122070312,20.600000381469727,2716.260009765625,1328.800048828125
2018-02-21,11195.07,11304.03,10200.0,10437.6,68113.818754,90.08000183105467,20.020000457763672,2701.330078125,1330.0
2018-02-22,10439.02,10933.44,9679.0,9811.04,67060.166483,89.75,18.71999931335449,2703.9599609375,1330.5999755859375
2018-02-23,9815.55,10435.0,9570.19,10131.04,57202.70237,89.87999725341797,16.489999771118164,2747.300048828125,1328.199951171875
2018-02-24,10131.04,10496.97,9352.0,9694.51,40888.156299,89.87999725341797,16.489999771118164,2747.300048828125,1328.199951171875
2018-02-25,9694.51,9847.0,9274.8,9590.0,28373.517586,89.87999725341797,16.489999771118164,2747.300048828125,1328.199951171875
2018-02-26,9590.0,10444.32,9350.0,10324.0,34878.292756,89.81999969482422,15.800000190734863,2779.60009765625,1330.699951171875
2018-02-27,10321.0,10870.0,10121.0,10569.04,30705.385123,90.36000061035156,18.59000015258789,2744.280029296875,1315.5
2018-02-28,10584.33,11098.0,10300.0,10326.76,30800.983782,90.61000061035156,19.850000381469727,2713.830078125,1315.5
2018-03-01,10325.64,11060.41,10240.0,10920.0,25092.55393,90.31999969482422,22.46999931335449,2677.669921875,1302.9000244140625
2018-03-02,10923.36,11200.0,10770.0,11039.0,23910.71009,89.94000244140625,19.59000015258789,2691.25,1321.0999755859375
2018-03-03,11038.99,11544.0,11015.01,11464.48,21287.15328,89.94000244140625,19.59000015258789,2691.25,1321.0999755859375
2018-03-04,11464.47,11565.0,11050.02,11515.0,17295.918653,89.94000244140625,19.59000015258789,2691.25,1321.0999755859375
2018-03-05,11515.0,11710.0,11415.01,11454.0,15144.231063,90.08000183105467,18.729999542236328,2720.93994140625,1318.0999755859375
2018-03-06,11455.0,11455.0,10555.48,10716.48,29515.572363,89.62000274658203,18.36000061035156,2728.1201171875,1333.5999755859375
2018-03-07,10716.48,10899.0,9389.31,9910.0,50647.67108,89.63999938964844,17.760000228881836,2726.800048828125,1326.0
2018-03-08,9910.0,10099.0,9060.0,9271.64,41109.473226,90.12000274658205,16.540000915527344,2738.969970703125,1319.9000244140625
2018-03-09,9267.07,9410.0,8329.0,9227.0,64112.291407,90.08999633789062,14.640000343322754,2786.570068359375,1322.4000244140625
2018-03-10,9230.0,9490.0,8667.07,8770.22,37180.012857,90.08999633789062,14.640000343322754,2786.570068359375,1322.4000244140625
2018-03-11,8770.22,9740.0,8450.0,9533.57,44325.973386,90.08999633789062,14.640000343322754,2786.570068359375,1322.4000244140625
2018-03-12,9533.57,9888.88,8780.0,9131.34,42230.77793,89.9000015258789,15.779999732971191,2783.02001953125,1319.4000244140625
2018-03-13,9131.34,9474.0,8823.0,9150.0,40191.409358,89.66000366210938,16.350000381469727,2765.31005859375,1325.9000244140625
2018-03-14,9151.92,9333.78,7900.28,8170.0,49708.094108,89.69999694824219,17.229999542236328,2749.47998046875,1324.4000244140625
2018-03-15,8184.01,8430.0,7650.0,8240.98,52291.022277,90.13999938964844,16.59000015258789,2747.330078125,1316.800048828125
2018-03-16,8240.98,8611.64,7900.0,8260.0,38815.409893,90.2300033569336,15.800000190734863,2752.010009765625,1311.300048828125
2018-03-17,8260.0,8348.62,7721.99,7824.8,33110.206329,90.2300033569336,15.800000190734863,2752.010009765625,1311.300048828125
2018-03-18,7824.01,8317.4,7322.0,8189.99,59488.231711,90.2300033569336,15.800000190734863,2752.010009765625,1311.300048828125
2018-03-19,8189.0,8705.23,8088.4,8600.0,55297.084942,89.9000015258789,19.020000457763672,2712.919921875,1316.800048828125
2018-03-20,8595.01,9050.0,8280.0,8909.98,44865.105835,90.37000274658205,18.200000762939453,2716.93994140625,1311.0999755859375
2018-03-21,8909.96,9177.01,8750.6,8885.0,39972.405371,89.77999877929688,17.860000610351562,2711.929931640625,1320.699951171875
2018-03-22,8884.82,9100.0,8465.1,8722.9,40617.556809,89.86000061035156,23.34000015258789,2643.68994140625,1326.5999755859375
2018-03-23,8720.0,8909.0,8269.0,8898.03,39991.007666,89.44000244140625,24.8700008392334,2588.260009765625,1349.300048828125
2018-03-24,8898.04,8999.95,8491.0,8546.86,35466.609572,89.44000244140625,24.8700008392334,2588.260009765625,1349.300048828125
2018-03-25,8531.25,8669.85,8365.77,8470.15,29001.769316,89.44000244140625,24.8700008392334,2588.260009765625,1349.300048828125
2018-03-26,8470.14,8514.89,7831.0,8134.23,44033.59566,89.02999877929688,21.030000686645508,2658.550048828125,1354.4000244140625
2018-03-27,8134.22,8215.94,7730.0,7795.51,37427.64805,89.37000274658203,22.5,2612.6201171875,1341.300048828125
2018-03-28,7795.51,8109.0,7728.0,7949.3,26401.33167,90.05999755859375,22.8700008392334,2605.0,1324.199951171875
2018-03-29,7949.3,7975.0,6941.11,7090.14,54620.915125,90.1500015258789,19.96999931335449,2640.8701171875,1322.800048828125
2018-03-30,7090.16,7292.43,6600.1,6840.23,65306.031976,90.1500015258789,19.96999931335449,2640.8701171875,1322.800048828125
2018-03-31,6840.24,7223.36,6777.0,6923.91,36868.539087,90.1500015258789,19.96999931335449,2640.8701171875,1322.800048828125
2018-04-01,6922.0,7049.98,6430.0,6813.01,44071.430463,90.1500015258789,19.96999931335449,2640.8701171875,1322.800048828125
2018-04-02,6813.01,7125.0,6765.0,7056.0,32123.560072,90.05000305175781,23.6200008392334,2581.8798828125,1342.0999755859375
2018-04-03,7063.97,7520.0,7011.01,7405.21,37787.331811,90.1999969482422,21.100000381469727,2614.449951171875,1332.800048828125
2018-04-04,7405.21,7427.52,6707.0,6796.1,42227.183804,90.13999938964844,20.059999465942383,2644.68994140625,1335.800048828125
2018-04-05,6796.1,6902.0,6566.69,6770.76,39029.73146,90.45999908447266,18.940000534057617,2662.840087890625,1324.300048828125
2018-04-06,6770.0,6850.0,6500.0,6601.39,27455.01192,90.11000061035156,21.489999771118164,2604.469970703125,1331.9000244140625
2018-04-07,6601.39,7070.0,6586.28,6895.8,32269.578267,90.11000061035156,21.489999771118164,2604.469970703125,1331.9000244140625
2018-04-08,6895.81,7109.13,6880.0,7018.0,21427.673165,90.11000061035156,21.489999771118164,2604.469970703125,1331.9000244140625
2018-04-09,7011.04,7185.0,6611.0,6782.72,34078.297206,89.83999633789062,21.770000457763672,2613.159912109375,1336.300048828125
2018-04-10,6781.55,6890.0,6656.0,6843.9,22326.728095,89.58999633789062,20.46999931335449,2656.8701171875,1342.0
2018-04-11,6839.56,6990.0,6787.0,6953.79,23997.871177,89.56999969482422,20.239999771118164,2642.18994140625,1356.5
2018-04-12,6953.78,8012.23,6743.2,7923.0,64861.595987,89.75,18.489999771118164,2663.989990234375,1338.4000244140625
2018-04-13,7922.99,8233.39,7732.0,7877.41,55044.523148,89.80000305175781,17.40999984741211,2656.300048828125,1344.800048828125
2018-04-14,7877.48,8186.0,7810.0,7999.01,31621.286357,89.80000305175781,17.40999984741211,2656.300048828125,1344.800048828125
2018-04-15,8004.0,8429.54,7999.02,8355.0,27946.720444,89.80000305175781,17.40999984741211,2656.300048828125,1344.800048828125
2018-04-16,8355.07,8419.0,7867.0,8064.92,36664.069715,89.43000030517578,16.559999465942383,2677.840087890625,1347.5
2018-04-17,8064.92,8173.7,7825.4,7885.02,32152.603567,89.5199966430664,15.25,2706.389892578125,1347.199951171875
2018-04-18,7890.96,8236.43,7868.0,8173.0,26969.04457,89.62000274658203,15.600000381469728,2708.639892578125,1351.199951171875
2018-04-19,8173.99,8296.0,8080.0,8278.0,27113.847464,89.94000244140625,15.960000038146973,2693.1298828125,1346.800048828125
2018-04-20,8273.84,8930.0,8177.09,8856.98,39795.337485,90.31999969482422,16.8799991607666,2670.139892578125,1336.699951171875
2018-04-21,8852.12,9035.0,8565.0,8915.31,40872.229909,90.31999969482422,16.8799991607666,2670.139892578125,1336.699951171875
2018-04-22,8915.31,9020.67,8727.68,8787.02,29458.25348,90.31999969482422,16.8799991607666,2670.139892578125,1336.699951171875
2018-04-23,8785.7,8985.0,8745.0,8934.01,25838.114709,90.94000244140624,16.34000015258789,2670.2900390625,1322.5
2018-04-24,8934.0,9731.01,8922.0,9619.99,46268.790106,90.7699966430664,18.020000457763672,2634.56005859375,1331.4000244140625
2018-04-25,9618.96,9759.82,8730.0,8869.99,81110.037589,91.16999816894533,17.84000015258789,2639.39990234375,1321.199951171875
2018-04-26,8869.99,9307.48,8651.62,9266.0,43300.304245,91.55999755859376,16.239999771118164,2666.93994140625,1316.300048828125
2018-04-27,9267.03,9395.0,8889.0,8915.35,37241.347036,91.54000091552734,15.40999984741211,2669.909912109375,1320.300048828125
2018-04-28,8915.35,9427.48,8870.0,9348.0,34759.62842,91.54000091552734,15.40999984741211,2669.909912109375,1320.300048828125
2018-04-29,9348.0,9570.51,9163.74,9419.0,38149.850035,91.54000091552734,15.40999984741211,2669.909912109375,1320.300048828125
2018-04-30,9417.04,9458.64,9124.99,9246.01,35002.033875,91.83999633789062,15.93000030517578,2648.050048828125,1316.199951171875
2018-05-01,9246.01,9248.99,8800.49,9071.48,41018.463633,92.4499969482422,15.489999771118164,2654.800048828125,1303.800048828125
2018-05-02,9071.48,9268.0,8970.2,9247.84,26123.543961,92.51000213623048,15.970000267028809,2635.669921875,1302.5999755859375
2018-05-03,9247.81,9844.0,9168.4,9750.0,38768.388288,92.41000366210938,15.899999618530272,2629.72998046875,1310.699951171875
2018-05-04,9750.0,9830.04,9520.85,9713.99,28681.588879,92.56999969482422,14.770000457763672,2663.419921875,1312.699951171875
2018-05-05,9714.0,10020.0,9682.0,9864.0,24990.018345,92.56999969482422,14.770000457763672,2663.419921875,1312.699951171875
2018-05-06,9863.99,9970.0,9417.03,9659.01,27690.351559,92.56999969482422,14.770000457763672,2663.419921875,1312.699951171875
2018-05-07,9661.02,9689.67,9181.0,9365.0,33787.640012,92.75,14.75,2672.6298828125,1312.199951171875
2018-05-08,9365.0,9475.7,9060.54,9187.56,25533.831889,93.12000274658205,14.710000038146973,2671.919921875,1312.0
2018-05-09,9178.0,9390.0,8965.0,9310.0,25673.524899,93.04000091552734,13.420000076293944,2697.7900390625,1311.300048828125
2018-05-10,9310.0,9395.12,8970.0,9002.2,25055.063718,92.6500015258789,13.229999542236328,2723.070068359375,1320.800048828125
2018-05-11,9002.21,9016.8,8341.0,8400.0,48227.048061,92.54000091552734,12.649999618530272,2727.719970703125,1319.0
2018-05-12,8405.94,8646.88,8153.0,8465.94,40241.32081,92.54000091552734,12.649999618530272,2727.719970703125,1319.0
2018-05-13,8475.44,8763.36,8298.0,8679.71,25632.869362,92.54000091552734,12.649999618530272,2727.719970703125,1319.0
2018-05-14,8679.71,8879.99,8277.0,8663.34,37389.666533,92.58999633789062,12.93000030517578,2730.1298828125,1316.5
2018-05-15,8663.37,8859.99,8401.3,8462.0,28126.956136,93.22000122070312,14.630000114440918,2711.449951171875,1288.9000244140625
2018-05-16,8462.0,8488.0,8083.01,8330.0,31130.718908,93.38999938964844,13.420000076293944,2722.4599609375,1290.199951171875
2018-05-17,8330.0,8464.0,7979.0,8041.46,25439.844799,93.47000122070312,13.43000030517578,2720.1298828125,1288.199951171875
2018-05-18,8038.82,8273.21,7911.9,8239.81,23476.158251,93.63999938964844,13.420000076293944,2712.969970703125,1290.199951171875
2018-05-19,8238.01,8390.8,8095.73,8233.49,17193.424276,93.63999938964844,13.420000076293944,2712.969970703125,1290.199951171875
2018-05-20,8233.49,8609.0,8163.9,8526.98,19957.057109,93.63999938964844,13.420000076293944,2712.969970703125,1290.199951171875
2018-05-21,8526.97,8595.31,8305.0,8381.24,21516.596486,93.68000030517578,13.079999923706056,2733.010009765625,1290.199951171875
2018-05-22,8386.89,8400.18,7935.11,7977.11,23710.902858,93.61000061035156,13.220000267028809,2724.43994140625,1291.699951171875
2018-05-23,7977.12,8031.9,7425.0,7501.95,42910.666774,94.01000213623048,12.579999923706056,2733.2900390625,1289.300048828125
2018-05-24,7501.95,7730.73,7266.99,7575.01,37845.446595,93.77999877929688,12.529999732971191,2727.760009765625,1303.699951171875
2018-05-25,7578.99,7649.55,7308.15,7457.0,26739.95664,94.19000244140624,13.220000267028809,2721.330078125,1303.300048828125
2018-05-26,7456.99,7620.0,7300.0,7333.96,19464.086071,94.19000244140624,13.220000267028809,2721.330078125,1303.300048828125
2018-05-27,7334.0,7400.0,7231.11,7338.99,18706.945515,94.19000244140624,13.220000267028809,2721.330078125,1303.300048828125
2018-05-28,7338.99,7437.0,7058.02,7099.0,27219.438963,94.19000244140624,13.220000267028809,2721.330078125,1303.300048828125
2018-05-29,7099.0,7540.0,7032.95,7461.29,39407.21183,94.83000183105467,17.020000457763672,2689.860107421875,1298.699951171875
2018-05-30,7467.98,7569.0,7260.5,7375.96,32041.583623,94.1500015258789,14.9399995803833,2724.010009765625,1301.5
2018-05-31,7382.07,7699.0,7327.51,7485.01,30776.063102,93.98999786376952,15.43000030517578,2705.27001953125,1300.0999755859375
2018-06-01,7485.01,7608.55,7355.54,7521.01,28259.124078,94.19000244140624,13.460000038146973,2734.6201171875,1294.800048828125
2018-06-02,7521.01,7697.33,7437.0,7640.03,26720.690219,94.19000244140624,13.460000038146973,2734.6201171875,1294.800048828125
2018-06-03,7636.81,7786.69,7600.0,7714.26,27505.158951,94.19000244140624,13.460000038146973,2734.6201171875,1294.800048828125
2018-06-04,7714.26,7760.52,7446.5,7487.0,32258.835115,94.0199966430664,12.739999771118164,2746.8701171875,1293.0999755859375
2018-06-05,7487.0,7679.49,7358.0,7625.0,31722.973384,93.88999938964844,12.399999618530272,2748.800048828125,1297.5
2018-06-06,7626.64,7699.0,7467.05,7658.84,27229.991898,93.66000366210938,11.640000343322754,2772.35009765625,1297.0999755859375
2018-06-07,7658.79,7765.0,7620.0,7691.08,25062.227202,93.4000015258789,12.130000114440918,2770.3701171875,1298.699951171875
2018-06-08,7691.08,7703.5,7531.0,7603.44,23396.804671,93.5500030517578,12.18000030517578,2779.030029296875,1298.0999755859375
2018-06-09,7603.44,7683.98,7450.0,7491.73,19339.885176,93.5500030517578,12.18000030517578,2779.030029296875,1298.0999755859375
2018-06-10,7491.73,7491.73,6622.81,6764.99,52342.020032,93.5500030517578,12.18000030517578,2779.030029296875,1298.0999755859375
2018-06-11,6765.0,6922.0,6610.0,6872.0,34552.162303,93.58000183105467,12.350000381469728,2782.0,1298.9000244140625
2018-06-12,6872.0,6890.51,6435.0,6530.0,36722.211191,93.8000030517578,12.34000015258789,2786.85009765625,1295.0999755859375
2018-06-13,6530.0,6627.6,6118.68,6292.78,46185.5181,93.70999908447266,12.9399995803833,2775.6298828125,1296.9000244140625
2018-06-14,6292.78,6720.0,6260.0,6635.98,44478.130837,94.7699966430664,12.119999885559082,2782.489990234375,1304.0
2018-06-15,6638.67,6666.66,6362.31,6388.9,30018.329905,94.79000091552734,11.979999542236328,2779.659912109375,1274.5999755859375
2018-06-16,6380.01,6560.0,6320.86,6483.98,22277.241147,94.79000091552734,11.979999542236328,2779.659912109375,1274.5999755859375
2018-06-17,6482.5,6589.03,6422.0,6449.61,19847.247688,94.79000091552734,11.979999542236328,2779.659912109375,1274.5999755859375
2018-06-18,6444.06,6794.38,6380.0,6712.46,31821.434995,94.75,12.3100004196167,2773.75,1276.199951171875
2018-06-19,6711.39,6841.74,6653.0,6741.21,24311.421143,95.08999633789062,13.350000381469728,2762.590087890625,1275.5999755859375
2018-06-20,6740.0,6817.23,6551.81,6761.51,26359.752452,95.05999755859376,12.789999961853027,2767.320068359375,1271.199951171875
2018-06-21,6763.21,6795.0,6672.57,6718.84,25428.854048,94.87000274658205,14.640000343322754,2749.760009765625,1267.199951171875
2018-06-22,6717.69,6733.97,5918.94,6045.0,52157.370833,94.5199966430664,13.770000457763672,2754.8798828125,1267.4000244140625
2018-06-23,6045.92,6260.0,6008.48,6149.98,26622.788589,94.5199966430664,13.770000457763672,2754.8798828125,1267.4000244140625
2018-06-24,6149.98,6259.8,5750.0,6136.97,47445.998955,94.5199966430664,13.770000457763672,2754.8798828125,1267.4000244140625
2018-06-25,6137.95,6350.0,6061.97,6252.0,39164.515306,94.27999877929688,17.329999923706055,2717.070068359375,1265.5999755859375
2018-06-26,6252.0,6272.54,6035.0,6070.78,19377.240484,94.68000030517578,15.920000076293944,2723.06005859375,1256.5999755859375
2018-06-27,6065.89,6190.43,5971.0,6133.73,19225.671098,95.29000091552734,17.90999984741211,2699.6298828125,1252.800048828125
2018-06-28,6134.73,6173.01,5827.0,5853.98,30585.266026,95.38999938964844,16.850000381469727,2716.31005859375,1247.800048828125
2018-06-29,5851.01,6300.0,5780.0,6197.92,33911.287278,94.62999725341795,16.09000015258789,2718.3701171875,1251.300048828125
2018-06-30,6197.92,6528.99,6186.03,6390.07,37919.61284,94.62999725341795,16.09000015258789,2718.3701171875,1251.300048828125
2018-07-01,6391.08,6441.06,6251.0,6356.81,27562.965974,94.62999725341795,16.09000015258789,2718.3701171875,1251.300048828125
2018-07-02,6360.82,6685.0,6271.62,6615.29,36230.452264,94.87000274658205,15.600000381469728,2726.7099609375,1239.800048828125
2018-07-03,6615.29,6679.35,6463.01,6513.86,38657.781691,94.58999633789062,16.139999389648438,2713.219970703125,1251.5999755859375
2018-07-04,6511.01,6784.92,6441.11,6586.98,23571.892777,94.58999633789062,16.139999389648438,2713.219970703125,1251.5999755859375
2018-07-05,6585.53,6712.0,6453.33,6529.2,35071.972898,94.47000122070312,14.970000267028809,2736.610107421875,1257.300048828125
2018-07-06,6529.2,6648.54,6425.0,6609.78,29397.094748,94.04000091552734,13.369999885559082,2759.820068359375,1254.300048828125
2018-07-07,6609.79,6818.16,6508.88,6756.98,23973.876886,94.04000091552734,13.369999885559082,2759.820068359375,1254.300048828125
2018-07-08,6753.48,6780.0,6667.44,6712.1,24622.947794,94.04000091552734,13.369999885559082,2759.820068359375,1254.300048828125
2018-07-09,6712.1,6802.06,6612.24,6662.12,26732.40655,94.08000183105467,12.6899995803833,2784.169921875,1258.0999755859375
2018-07-10,6662.78,6681.0,6263.0,6296.91,38560.672702,94.11000061035156,12.640000343322754,2793.840087890625,1253.800048828125
2018-07-11,6296.91,6406.0,6278.99,6378.07,28715.498487,94.72000122070312,13.630000114440918,2774.02001953125,1242.800048828125
2018-07-12,6378.07,6380.28,6070.0,6250.57,31306.663348,94.80999755859376,12.579999923706056,2798.2900390625,1245.0
2018-07-13,6251.4,6350.0,6110.0,6214.57,26375.325286,94.75,12.18000030517578,2801.31005859375,1239.5999755859375
2018-07-14,6214.57,6335.0,6178.0,6251.99,17783.071999,94.75,12.18000030517578,2801.31005859375,1239.5999755859375
2018-07-15,6250.9,6395.0,6225.4,6353.01,22979.211508,94.75,12.18000030517578,2801.31005859375,1239.5999755859375
2018-07-16,6354.15,6747.3,6330.4,6723.35,36204.87708,94.51000213623048,12.829999923706056,2798.429931640625,1238.0999755859375
2018-07-17,6723.33,7468.99,6652.04,7317.44,52105.423459,94.97000122070312,12.0600004196167,2809.550048828125,1225.699951171875
2018-07-18,7317.44,7588.08,7225.38,7381.9,59487.64345,95.08000183105467,12.100000381469728,2815.6201171875,1226.300048828125
2018-07-19,7381.88,7576.28,7270.0,7466.21,41218.256437,95.16999816894533,12.869999885559082,2804.489990234375,1222.4000244140625
2018-07-20,7468.86,7700.0,7273.0,7337.53,46140.313447,94.45999908447266,12.859999656677246,2801.830078125,1229.5
2018-07-21,7337.47,7458.47,7211.0,7398.78,28886.490291,94.45999908447266,12.859999656677246,2801.830078125,1229.5
2018-07-22,7399.25,7582.4,7335.5,7394.79,30270.21844,94.45999908447266,12.859999656677246,2801.830078125,1229.5
2018-07-23,7394.78,7833.0,7375.0,7721.01,41646.346671,94.66999816894533,12.619999885559082,2806.97998046875,1224.0
2018-07-24,7721.65,8486.0,7696.0,8397.24,60121.163749,94.61000061035156,12.40999984741211,2820.39990234375,1223.9000244140625
2018-07-25,8397.24,8491.77,8050.0,8175.64,48257.649124,94.36000061035156,12.289999961853027,2846.070068359375,1231.4000244140625
2018-07-26,8175.63,8315.69,7850.06,7920.0,43223.481682,94.75,12.140000343322754,2837.43994140625,1225.300048828125
2018-07-27,7920.0,8285.0,7805.0,8188.57,43671.005891,94.68000030517578,13.029999732971191,2818.820068359375,1222.5999755859375
2018-07-28,8188.57,8246.54,8067.0,8225.04,26215.173839,94.68000030517578,13.029999732971191,2818.820068359375,1222.5999755859375
2018-07-29,8225.04,8294.51,8115.0,8211.0,25531.226185,94.68000030517578,13.029999732971191,2818.820068359375,1222.5999755859375
2018-07-30,8210.99,8273.0,7866.0,8173.92,39692.416542,94.36000061035156,14.260000228881836,2802.60009765625,1221.300048828125
2018-07-31,8171.4,8180.0,7633.0,7730.93,48296.915587,94.48999786376952,12.829999923706056,2816.2900390625,1223.699951171875
2018-08-01,7735.67,7750.0,7430.0,7604.58,42582.312932,94.62000274658205,13.149999618530272,2813.360107421875,1217.9000244140625
2018-08-02,7600.08,7709.46,7455.72,7525.71,37665.696684,95.16999816894533,12.1899995803833,2827.219970703125,1210.5999755859375
2018-08-03,7525.71,7540.0,7282.44,7418.78,44669.486047,95.13999938964844,11.640000343322754,2840.35009765625,1214.199951171875
2018-08-04,7412.27,7494.81,6926.0,7009.84,36288.42601,95.13999938964844,11.640000343322754,2840.35009765625,1214.199951171875
2018-08-05,7009.84,7089.87,6882.29,7024.19,32894.849782,95.13999938964844,11.640000343322754,2840.35009765625,1214.199951171875
2018-08-06,7024.19,7160.0,6821.0,6934.82,32760.191643,95.36000061035156,11.270000457763672,2850.39990234375,1208.5999755859375
2018-08-07,6935.0,7150.46,6670.0,6720.06,45438.473501,95.22000122070312,10.93000030517578,2858.449951171875,1209.5999755859375
2018-08-08,6720.63,6721.54,6123.0,6285.0,59550.536319,95.0999984741211,10.850000381469728,2857.699951171875,1212.5999755859375
2018-08-09,6283.27,6622.81,6178.6,6529.79,51941.185111,95.5,11.270000457763672,2853.580078125,1211.9000244140625
2018-08-10,6529.79,6575.88,6026.39,6144.01,59034.974902,96.36000061035156,13.15999984741211,2833.280029296875,1211.0999755859375
2018-08-11,6148.13,6488.0,5971.0,6232.35,47133.418555,96.36000061035156,13.15999984741211,2833.280029296875,1211.0999755859375
2018-08-12,6222.55,6472.3,6130.0,6308.33,38567.770712,96.36000061035156,13.15999984741211,2833.280029296875,1211.0999755859375
2018-08-13,6308.56,6545.0,6145.04,6246.35,53895.828783,96.38999938964844,14.779999732971191,2821.929931640625,1191.300048828125
2018-08-14,6248.25,6250.33,5880.0,6188.08,50186.745091,96.7300033569336,13.3100004196167,2839.9599609375,1193.0
2018-08-15,6188.08,6609.0,6172.11,6267.16,68806.687026,96.6999969482422,14.640000343322754,2818.3701171875,1177.5
2018-08-16,6265.27,6480.0,6205.6,6311.75,48515.254618,96.6500015258789,13.449999809265137,2840.68994140625,1176.199951171875
2018-08-17,6316.0,6585.0,6285.4,6584.49,57851.610803,96.0999984741211,12.640000343322754,2850.1298828125,1176.5
2018-08-18,6579.04,6620.0,6288.0,6387.96,53742.322172,96.0999984741211,12.640000343322754,2850.1298828125,1176.5
2018-08-19,6387.96,6541.0,6300.0,6477.53,45190.847994,96.0999984741211,12.640000343322754,2850.1298828125,1176.5
2018-08-20,6477.53,6530.0,6220.0,6254.84,49435.55526,95.9000015258789,12.489999771118164,2857.050048828125,1186.800048828125
2018-08-21,6251.0,6500.0,6235.08,6480.0,41569.947408,95.26000213623048,12.859999656677246,2862.9599609375,1192.5999755859375
2018-08-22,6479.98,6882.54,6251.2,6360.89,77909.391359,95.1500015258789,12.25,2861.820068359375,1196.300048828125
2018-08-23,6362.57,6576.99,6342.28,6525.01,40358.166825,95.62000274658205,12.40999984741211,2856.97998046875,1187.0
2018-08-24,6525.0,6725.0,6440.5,6681.64,38305.675322,95.1500015258789,11.989999771118164,2874.68994140625,1206.300048828125
2018-08-25,6686.98,6789.0,6650.61,6733.64,19220.505929,95.1500015258789,11.989999771118164,2874.68994140625,1206.300048828125
2018-08-26,6733.64,6775.27,6568.0,6700.0,20107.297208,95.1500015258789,11.989999771118164,2874.68994140625,1206.300048828125
2018-08-27,6700.0,6940.51,6646.5,6908.64,37747.078747,94.77999877929688,12.15999984741211,2896.739990234375,1209.0
2018-08-28,6907.26,7135.0,6860.0,7076.11,48352.917163,94.72000122070312,12.5,2897.52001953125,1207.4000244140625
2018-08-29,7077.0,7133.81,6912.34,7031.22,43252.487392,94.5999984741211,12.25,2914.0400390625,1204.5
2018-08-30,7033.21,7063.63,6784.81,6984.84,44716.77462,94.72000122070312,13.529999732971191,2901.1298828125,1197.699951171875
2018-08-31,6984.84,7089.0,6888.0,7011.21,40467.400638,95.13999938964844,12.859999656677246,2901.52001953125,1200.300048828125
2018-09-01,7011.21,7275.0,7008.74,7200.01,40323.414093,95.13999938964844,12.859999656677246,2901.52001953125,1200.300048828125
2018-09-02,7201.57,7345.45,7127.0,7302.01,39814.840352,95.13999938964844,12.859999656677246,2901.52001953125,1200.300048828125
2018-09-03,7302.0,7338.28,7191.63,7263.02,32396.018371,95.13999938964844,12.859999656677246,2901.52001953125,1200.300048828125
2018-09-04,7263.0,7410.0,7227.17,7359.06,35300.640518,95.41999816894533,13.15999984741211,2896.719970703125,1192.699951171875
2018-09-05,7359.05,7397.3,6682.0,6700.0,63715.256267,95.12999725341795,13.90999984741211,2888.60009765625,1194.9000244140625
2018-09-06,6697.27,6725.0,6265.0,6516.01,60644.464227,95.0199966430664,14.649999618530272,2878.050048828125,1197.9000244140625
2018-09-07,6516.84,6544.0,6320.0,6395.54,38906.28805,95.37000274658205,14.880000114440918,2871.679931640625,1193.5999755859375
2018-09-08,6395.54,6478.0,6111.0,6185.05,38215.032171,95.37000274658205,14.880000114440918,2871.679931640625,1193.5999755859375
2018-09-09,6185.06,6441.0,6141.53,6250.81,37053.92382,95.37000274658205,14.880000114440918,2871.679931640625,1193.5999755859375
2018-09-10,6252.26,6373.98,6221.0,6312.0,32439.456432,95.1500015258789,14.15999984741211,2877.1298828125,1193.0
2018-09-11,6311.99,6404.0,6169.68,6294.91,33104.88859,95.05999755859376,13.220000267028809,2887.889892578125,1195.4000244140625
2018-09-12,6293.0,6360.0,6192.37,6338.62,31433.645939,94.8000030517578,13.140000343322754,2888.919921875,1204.699951171875
2018-09-13,6338.62,6535.0,6337.4,6487.38,40465.063107,94.54000091552734,12.369999885559082,2904.179931640625,1202.0
2018-09-14,6487.39,6584.99,6385.62,6476.63,37173.339277,94.9800033569336,12.06999969482422,2904.97998046875,1195.0
2018-09-15,6476.63,6565.45,6466.13,6514.96,25243.656612,94.9800033569336,12.06999969482422,2904.97998046875,1195.0
2018-09-16,6514.96,6524.62,6370.0,6505.0,27568.132897,94.9800033569336,12.06999969482422,2904.97998046875,1195.0
2018-09-17,6500.08,6533.84,6201.0,6248.69,35987.254738,94.51000213623048,13.68000030517578,2888.800048828125,1199.699951171875
2018-09-18,6248.69,6390.0,6224.98,6336.45,32620.86667,94.62000274658205,12.789999961853027,2904.31005859375,1196.800048828125
2018-09-19,6336.39,6517.7,6123.0,6391.89,39044.080082,94.5500030517578,11.75,2907.949951171875,1202.199951171875
2018-09-20,6392.0,6540.0,6325.0,6492.0,25189.024728,93.91000366210938,11.800000190734863,2930.75,1206.199951171875
2018-09-21,6492.0,6784.86,6491.0,6759.02,51779.343463,94.22000122070312,11.68000030517578,2929.669921875,1196.199951171875
2018-09-22,6759.01,6839.03,6627.0,6723.05,29349.690667,94.22000122070312,11.68000030517578,2929.669921875,1196.199951171875
2018-09-23,6723.05,6788.23,6661.75,6708.0,30286.229773,94.22000122070312,11.68000030517578,2929.669921875,1196.199951171875
2018-09-24,6706.81,6730.0,6557.0,6581.39,35305.73991,94.26000213623048,12.199999809265137,2919.3701171875,1199.300048828125
2018-09-25,6581.42,6584.01,6325.02,6447.54,40301.029452,94.12999725341795,12.420000076293944,2915.56005859375,1200.0
2018-09-26,6445.11,6557.99,6379.7,6465.12,33484.54207,94.19000244140624,12.890000343322754,2905.969970703125,1194.0
2018-09-27,6467.84,6750.0,6434.0,6689.13,33087.428297,95.0,12.40999984741211,2914.0,1182.300048828125
2018-09-28,6689.12,6814.8,6540.88,6634.58,42399.448523,95.19000244140624,12.119999885559082,2913.97998046875,1191.5
2018-09-29,6634.58,6636.0,6464.57,6596.38,30255.9597,95.19000244140624,12.119999885559082,2913.97998046875,1191.5
2018-09-30,6597.66,6662.0,6533.0,6626.57,27764.724519,95.19000244140624,12.119999885559082,2913.97998046875,1191.5
2018-10-01,6626.57,6667.09,6510.0,6611.61,20621.506894,95.3000030517578,12.0,2924.590087890625,1187.0999755859375
2018-10-02,6610.0,6640.0,6494.0,6525.79,28245.810088,95.51000213623048,12.050000190734863,2923.429931640625,1202.4000244140625
2018-10-03,6525.79,6549.0,6430.0,6510.0,28451.969138,95.76000213623048,11.609999656677246,2925.510009765625,1198.300048828125
2018-10-04,6510.01,6643.46,6505.09,6593.79,20074.300818,95.75,14.220000267028809,2901.610107421875,1197.199951171875
2018-10-05,6591.69,6697.0,6543.08,6635.65,16096.552392,95.62000274658205,14.81999969482422,2885.570068359375,1201.199951171875
2018-10-06,6635.65,6651.0,6566.77,6594.27,10939.505391,95.62000274658205,14.81999969482422,2885.570068359375,1201.199951171875
2018-10-07,6596.44,6640.0,6525.0,6615.26,17406.831762,95.62000274658205,14.81999969482422,2885.570068359375,1201.199951171875
2018-10-08,6615.26,6715.6,6587.0,6673.01,23123.419541,95.7699966430664,15.6899995803833,2884.429931640625,1184.4000244140625
2018-10-09,6673.01,6685.38,6607.0,6656.61,15354.779469,95.68000030517578,15.949999809265137,2880.340087890625,1187.199951171875
2018-10-10,6656.67,6659.95,6530.0,6631.0,15390.661444,95.51000213623048,22.959999084472656,2785.679931640625,1189.300048828125
2018-10-11,6630.21,6633.92,6205.0,6252.68,48712.400332,95.0199966430664,24.979999542236328,2728.3701171875,1223.5
2018-10-12,6252.71,6360.0,6209.0,6298.01,29004.071419,95.22000122070312,21.309999465942383,2767.1298828125,1218.0999755859375
2018-10-13,6298.0,6345.0,6285.07,6332.93,19098.070025,95.22000122070312,21.309999465942383,2767.1298828125,1218.0999755859375
2018-10-14,6332.92,6416.0,6308.0,6339.34,15627.411314,95.22000122070312,21.309999465942383,2767.1298828125,1218.0999755859375
2018-10-15,6339.34,7680.0,6300.0,6752.5,90748.031246,95.06999969482422,21.299999237060547,2750.7900390625,1226.4000244140625
2018-10-16,6752.5,6900.0,6670.0,6759.27,27557.957764,95.0500030517578,17.6200008392334,2809.919921875,1227.300048828125
2018-10-17,6762.76,6811.12,6676.01,6740.89,26641.431379,95.58000183105467,17.399999618530273,2809.2099609375,1223.699951171875
2018-10-18,6739.01,6796.0,6567.0,6618.96,20116.521941,95.9000015258789,20.059999465942383,2768.780029296875,1226.5
2018-10-19,6618.96,6648.14,6523.0,6528.88,20772.60077,95.70999908447266,19.88999938964844,2767.780029296875,1225.300048828125
2018-10-20,6528.88,6617.65,6505.55,6588.4,19240.722247,95.70999908447266,19.88999938964844,2767.780029296875,1225.300048828125
2018-10-21,6585.72,6663.9,6580.0,6590.11,6515.357792,95.70999908447266,19.88999938964844,2767.780029296875,1225.300048828125
2018-10-22,6590.12,6639.0,6535.27,6581.2,16213.69266,96.01000213623048,19.63999938964844,2755.8798828125,1221.199951171875
2018-10-23,6581.2,6595.0,6515.45,6553.51,13856.601756,95.95999908447266,20.709999084472656,2740.68994140625,1233.4000244140625
2018-10-24,6553.51,6630.0,6547.53,6565.5,11951.543977,96.43000030517578,25.229999542236328,2656.10009765625,1227.800048828125
2018-10-25,6566.81,6575.09,6502.8,6528.09,10342.701244,96.68000030517578,24.21999931335449,2705.570068359375,1229.0999755859375
2018-10-26,6528.13,6600.0,6515.01,6538.63,9443.504156,96.36000061035156,24.15999984741211,2658.68994140625,1232.5
2018-10-27,6538.63,6558.35,6463.04,6505.6,7776.907864,96.36000061035156,24.15999984741211,2658.68994140625,1232.5
2018-10-28,6505.6,6514.17,6453.0,6489.93,5743.933728,96.36000061035156,24.15999984741211,2658.68994140625,1232.5
2018-10-29,6489.93,6505.01,6315.0,6344.5,13827.224067,96.58000183105467,24.700000762939453,2641.25,1224.5
2018-10-30,6344.5,6395.0,6317.01,6330.87,8877.175385,97.01000213623048,23.350000381469727,2682.6298828125,1222.5999755859375
2018-10-31,6330.01,6428.0,6245.02,6371.93,12148.888216,97.12999725341795,21.229999542236328,2711.739990234375,1212.300048828125
2018-11-01,6369.52,6442.65,6348.66,6410.0,9099.035841,96.27999877929688,19.34000015258789,2740.3701171875,1236.0
2018-11-02,6410.0,6460.34,6388.2,6433.98,9739.440679,96.54000091552734,19.51000022888184,2723.06005859375,1230.9000244140625
2018-11-03,6432.8,6439.97,6345.0,6387.09,7661.241476,96.54000091552734,19.51000022888184,2723.06005859375,1230.9000244140625
2018-11-04,6388.0,6525.0,6359.0,6485.85,10592.394943,96.54000091552734,19.51000022888184,2723.06005859375,1230.9000244140625
2018-11-05,6485.85,6504.39,6431.02,6468.99,8987.882156,96.3499984741211,19.959999084472656,2738.31005859375,1229.800048828125
2018-11-06,6468.99,6531.31,6445.18,6519.11,11926.565699,96.31999969482422,19.90999984741211,2755.449951171875,1223.800048828125
2018-11-07,6522.73,6615.15,6509.0,6578.46,14271.591117,96.0,16.360000610351562,2813.889892578125,1226.199951171875
2018-11-08,6578.46,6594.0,6468.22,6479.84,13259.789282,96.63999938964844,16.719999313354492,2806.830078125,1222.9000244140625
2018-11-09,6479.84,6511.53,6391.01,6419.99,11787.616583,96.91000366210938,17.360000610351562,2781.010009765625,1206.4000244140625
2018-11-10,6419.99,6475.55,6411.0,6433.05,7714.829926,96.91000366210938,17.360000610351562,2781.010009765625,1206.4000244140625
2018-11-11,6435.16,6462.14,6355.0,6449.81,8213.507117,96.91000366210938,17.360000610351562,2781.010009765625,1206.4000244140625
2018-11-12,6450.71,6497.0,6421.0,6453.07,10132.782567,97.54000091552734,20.450000762939453,2726.219970703125,1201.300048828125
2018-11-13,6451.68,6498.0,6391.15,6457.66,11790.564933,97.3000030517578,20.020000457763672,2722.179931640625,1199.199951171875
2018-11-14,6458.98,6482.84,5656.87,5922.41,46478.964003,96.8000030517578,21.25,2701.580078125,1207.9000244140625
2018-11-15,5917.2,5939.54,5403.42,5753.4,47700.829401,96.93000030517578,19.979999542236328,2730.199951171875,1212.800048828125
2018-11-16,5757.09,5782.89,5549.25,5655.94,38721.802274,96.47000122070312,18.13999938964844,2736.27001953125,1220.800048828125
2018-11-17,5650.57,5656.6,5565.43,5628.29,26411.241413,96.47000122070312,18.13999938964844,2736.27001953125,1220.800048828125
2018-11-18,5630.49,5738.17,5617.0,5662.0,23844.999347,96.47000122070312,18.13999938964844,2736.27001953125,1220.800048828125
2018-11-19,5661.94,5664.0,4855.0,4910.03,70580.892856,96.19000244140624,20.100000381469727,2690.72998046875,1223.0999755859375
2018-11-20,4913.4,5048.24,4326.0,4558.86,117380.95159,96.80999755859376,22.479999542236328,2641.889892578125,1219.0
2018-11-21,4559.91,4787.2,4413.85,4661.07,61071.829475,96.70999908447266,20.799999237060547,2649.929931640625,1225.800048828125
2018-11-22,4661.08,4721.77,4335.0,4370.0,34531.119143,96.70999908447266,20.799999237060547,2649.929931640625,1225.800048828125
2018-11-23,4370.9,4484.0,4222.94,4420.61,49371.920322,96.91999816894533,21.520000457763672,2632.56005859375,1221.0
2018-11-24,4415.63,4527.0,3824.69,3932.44,61693.111006,96.91999816894533,21.520000457763672,2632.56005859375,1221.0
2018-11-25,3933.68,4233.0,3652.66,4085.78,101693.975588,96.91999816894533,21.520000457763672,2632.56005859375,1221.0
2018-11-26,4088.69,4206.0,3701.0,3862.2,94504.865717,97.06999969482422,18.899999618530277,2673.449951171875,1220.199951171875
2018-11-27,3864.45,3940.0,3689.12,3875.21,67480.607212,97.37000274658205,19.020000457763672,2682.169921875,1211.199951171875
2018-11-28,3875.63,4394.47,3874.27,4264.85,91983.567949,96.79000091552734,18.489999771118164,2743.7900390625,1221.4000244140625
2018-11-29,4262.06,4450.38,4125.65,4295.84,73980.198669,96.77999877929688,18.790000915527344,2737.800048828125,1224.0999755859375
2018-11-30,4295.72,4341.36,3943.0,4041.32,67758.446283,97.2699966430664,18.06999969482422,2760.169921875,1220.199951171875
2018-12-01,4041.27,4299.99,3963.01,4190.02,44840.073481,97.2699966430664,18.06999969482422,2760.169921875,1220.199951171875
2018-12-02,4190.98,4312.99,4103.04,4161.01,38912.15479,97.2699966430664,18.06999969482422,2760.169921875,1220.199951171875
2018-12-03,4160.55,4179.0,3827.0,3884.01,49094.369163,97.04000091552734,16.440000534057617,2790.3701171875,1233.9000244140625
2018-12-04,3884.76,4085.0,3781.0,3951.64,48489.551613,96.97000122070312,20.739999771118164,2700.06005859375,1241.0999755859375
2018-12-05,3950.98,3970.0,3745.0,3769.84,44004.799448,96.97000122070312,20.739999771118164,2700.06005859375,1241.0999755859375
2018-12-06,3768.44,3899.99,3500.0,3508.75,68378.796943,96.80999755859376,21.190000534057617,2695.949951171875,1238.0999755859375
2018-12-07,3508.75,3549.99,3224.6,3403.55,95145.457442,96.51000213623048,23.229999542236328,2633.080078125,1246.800048828125
2018-12-08,3403.57,3495.0,3222.0,3410.93,55365.949949,96.51000213623048,23.229999542236328,2633.080078125,1246.800048828125
2018-12-09,3411.36,3658.0,3394.04,3545.37,45956.893296,96.51000213623048,23.229999542236328,2633.080078125,1246.800048828125
2018-12-10,3548.49,3610.0,3370.11,3432.88,40989.244553,97.22000122070312,22.63999938964844,2637.719970703125,1243.699951171875
2018-12-11,3434.01,3480.0,3324.32,3380.39,35920.864154,97.38999938964844,21.76000022888184,2636.780029296875,1241.9000244140625
2018-12-12,3379.23,3492.0,3350.0,3445.0,33922.931286,97.04000091552734,21.459999084472656,2651.070068359375,1244.4000244140625
2018-12-13,3446.38,3460.0,3255.5,3302.06,40040.917013,97.05999755859376,20.649999618530277,2650.5400390625,1242.699951171875
2018-12-14,3302.06,3335.39,3177.0,3224.17,44492.983807,97.44000244140624,21.6299991607666,2599.949951171875,1237.0
2018-12-15,3225.19,3276.5,3156.26,3211.72,29796.041436,97.44000244140624,21.6299991607666,2599.949951171875,1237.0
2018-12-16,3211.71,3294.0,3186.0,3228.67,24628.808538,97.44000244140624,21.6299991607666,2599.949951171875,1237.0
2018-12-17,3229.22,3585.0,3216.0,3509.08,66762.216388,97.0999984741211,24.520000457763672,2545.93994140625,1247.4000244140625
2018-12-18,3509.03,3678.59,3424.47,3652.98,61369.615257,97.13999938964844,25.57999992370605,2546.159912109375,1249.199951171875
2018-12-19,3653.0,3912.73,3622.55,3662.22,94137.341014,97.04000091552734,25.57999992370605,2506.9599609375,1252.0999755859375
2018-12-20,3660.01,4120.0,3635.0,4049.62,101543.835986,96.27999877929688,28.3799991607666,2467.419921875,1263.5999755859375
2018-12-21,4051.86,4139.99,3764.0,3838.66,82343.850112,96.95999908447266,30.11000061035156,2416.6201171875,1253.800048828125
2018-12-22,3840.25,3979.0,3785.0,3948.91,42822.350872,96.95999908447266,30.11000061035156,2416.6201171875,1253.800048828125
2018-12-23,3948.91,4021.53,3870.0,3929.71,40117.531529,96.95999908447266,30.11000061035156,2416.6201171875,1253.800048828125
2018-12-24,3929.71,4198.0,3924.83,4008.01,64647.809129,96.5500030517578,36.06999969482422,2351.10009765625,1267.5
2018-12-25,4010.11,4020.0,3646.41,3745.79,62725.629432,96.5500030517578,36.06999969482422,2351.10009765625,1267.5
2018-12-26,3745.56,3837.15,3656.74,3777.74,42629.375817,97.0500030517578,30.40999984741211,2467.699951171875,1269.199951171875
2018-12-27,3777.74,3813.98,3535.0,3567.91,44097.392912,96.4800033569336,29.959999084472656,2488.830078125,1277.300048828125
2018-12-28,3567.89,3887.25,3540.04,3839.26,45964.304987,96.38999938964844,28.34000015258789,2485.739990234375,1279.9000244140625
2018-12-29,3839.0,3892.0,3670.0,3695.32,38874.373903,96.38999938964844,28.34000015258789,2485.739990234375,1279.9000244140625
2018-12-30,3696.71,3903.5,3657.9,3801.91,33222.369262,96.38999938964844,28.34000015258789,2485.739990234375,1279.9000244140625
2018-12-31,3803.12,3810.0,3630.33,3702.9,29991.77835,96.16999816894533,25.420000076293945,2506.85009765625,1278.300048828125
2019-01-01,3701.23,3810.16,3642.0,3797.14,23741.687033,96.16999816894533,25.420000076293945,2506.85009765625,1278.300048828125
2019-01-02,3796.45,3882.14,3750.45,3858.56,35156.463369,96.81999969482422,23.21999931335449,2510.030029296875,1281.0
2019-01-03,3857.57,3862.74,3730.0,3766.78,29406.948359,96.30999755859376,25.450000762939453,2447.889892578125,1291.800048828125
2019-01-04,3767.2,3823.64,3703.57,3792.01,29519.554671,96.19000244140624,21.3799991607666,2531.93994140625,1282.699951171875
2019-01-05,3790.09,3840.99,3751.0,3770.96,30490.667751,96.19000244140624,21.3799991607666,2531.93994140625,1282.699951171875
2019-01-06,3771.12,4027.71,3740.0,3987.6,36553.806709,96.19000244140624,21.3799991607666,2531.93994140625,1282.699951171875
2019-01-07,3987.62,4017.9,3921.53,3975.45,31869.846264,95.70999908447266,21.399999618530277,2549.68994140625,1286.800048828125
2019-01-08,3976.76,4069.8,3903.0,3955.13,38901.423122,95.9000015258789,20.46999931335449,2574.409912109375,1283.199951171875
2019-01-09,3955.45,4006.81,3930.04,3966.65,28989.439511,95.22000122070312,19.979999542236328,2584.9599609375,1289.300048828125
2019-01-10,3966.06,3996.01,3540.0,3585.88,59402.22851,95.54000091552734,19.5,2596.639892578125,1284.699951171875
2019-01-11,3585.88,3658.0,3465.0,3601.31,38338.654733,95.66999816894533,18.190000534057617,2596.260009765625,1287.0999755859375
2019-01-12,3601.31,3618.19,3530.0,3583.13,21999.928354,95.66999816894533,18.190000534057617,2596.260009765625,1287.0999755859375
2019-01-13,3584.1,3611.1,3441.3,3476.81,26385.757454,95.66999816894533,18.190000534057617,2596.260009765625,1287.0999755859375
2019-01-14,3477.56,3671.87,3467.02,3626.09,35235.211215,95.58999633789062,19.06999969482422,2582.610107421875,1289.0999755859375
2019-01-15,3626.08,3648.42,3516.62,3553.06,34137.997459,95.97000122070312,18.600000381469727,2610.300048828125,1286.199951171875
2019-01-16,3553.06,3645.0,3543.51,3591.84,27480.179977,96.05999755859376,19.040000915527344,2616.10009765625,1291.5999755859375
2019-01-17,3591.84,3634.7,3530.39,3616.21,29755.440838,96.06999969482422,18.059999465942383,2635.9599609375,1291.0
2019-01-18,3613.32,3620.0,3565.75,3594.87,22713.446755,96.33999633789062,17.799999237060547,2670.7099609375,1281.300048828125
2019-01-19,3594.87,3720.0,3594.23,3665.3,22171.578123,96.33999633789062,17.799999237060547,2670.7099609375,1281.300048828125
2019-01-20,3665.75,3693.73,3475.0,3539.28,27901.938598,96.33999633789062,17.799999237060547,2670.7099609375,1281.300048828125
2019-01-21,3539.26,3559.51,3475.5,3526.9,19644.436839,96.33999633789062,17.799999237060547,2670.7099609375,1281.300048828125
2019-01-22,3526.88,3608.5,3434.85,3570.93,29336.442967,96.3000030517578,20.799999237060547,2632.89990234375,1282.5
2019-01-23,3570.41,3607.98,3514.5,3552.82,24938.842698,96.12000274658205,19.520000457763672,2638.699951171875,1283.0999755859375
2019-01-24,3552.97,3589.0,3529.22,3569.62,20826.25118,96.5999984741211,18.88999938964844,2642.330078125,1279.0999755859375
2019-01-25,3569.07,3587.15,3522.51,3565.29,17608.346671,95.79000091552734,17.420000076293945,2664.760009765625,1297.4000244140625
2019-01-26,3566.69,3662.94,3545.0,3565.25,19476.532344,95.79000091552734,17.420000076293945,2664.760009765625,1297.4000244140625
2019-01-27,3565.62,3579.0,3486.0,3550.84,22735.598162,95.79000091552734,17.420000076293945,2664.760009765625,1297.4000244140625
2019-01-28,3550.05,3557.75,3380.27,3434.15,40405.111401,95.75,18.8700008392334,2643.85009765625,1302.4000244140625
2019-01-29,3434.0,3443.45,3349.92,3411.04,29544.928977,95.81999969482422,19.1299991607666,2640.0,1308.199951171875
2019-01-30,3410.04,3478.0,3387.1,3458.18,23968.260243,95.33999633789062,17.65999984741211,2681.050048828125,1309.9000244140625
2019-01-31,3457.5,3489.2,3418.8,3434.1,29607.190253,95.58000183105467,16.56999969482422,2704.10009765625,1319.699951171875
2019-02-01,3434.1,3488.0,3401.2,3462.07,25260.476159,95.58000183105467,16.139999389648438,2706.530029296875,1316.9000244140625
2019-02-02,3462.2,3526.4,3440.29,3504.77,17920.802,95.58000183105467,16.139999389648438,2706.530029296875,1316.9000244140625
2019-02-03,3504.06,3511.09,3426.0,3458.11,19867.33639,95.58000183105467,16.139999389648438,2706.530029296875,1316.9000244140625
2019-02-04,3458.11,3484.88,3433.31,3463.22,23131.981108,95.8499984741211,15.729999542236328,2724.8701171875,1314.300048828125
2019-02-05,3463.22,3478.97,3448.43,3471.59,25264.41503,96.0999984741211,15.56999969482422,2737.699951171875,1314.199951171875
2019-02-06,3471.57,3482.72,3380.0,3405.37,35310.244846,96.41999816894533,15.380000114440918,2731.610107421875,1309.5
2019-02-07,3407.0,3426.45,3390.0,3398.4,18665.538638,96.51000213623048,16.3700008392334,2706.050048828125,1309.4000244140625
2019-02-08,3398.4,3733.58,3373.1,3659.04,47968.058013,96.63999938964844,15.720000267028809,2707.8798828125,1313.699951171875
2019-02-09,3660.27,3680.02,3625.13,3665.18,24759.833719,96.63999938964844,15.720000267028809,2707.8798828125,1313.699951171875
2019-02-10,3665.18,3684.99,3609.76,3680.06,23250.602634,96.63999938964844,15.720000267028809,2707.8798828125,1313.699951171875
2019-02-11,3679.75,3684.9,3615.53,3631.05,24954.614571,97.05999755859376,15.970000267028809,2709.800048828125,1307.0
2019-02-12,3631.05,3667.6,3582.34,3631.46,29479.59823,96.70999908447266,15.43000030517578,2744.72998046875,1309.199951171875
2019-02-13,3631.51,3670.0,3591.75,3609.4,25773.997648,97.12999725341795,15.649999618530272,2753.030029296875,1310.800048828125
2019-02-14,3608.34,3626.4,3568.11,3590.56,21753.501261,96.9800033569336,16.219999313354492,2745.72998046875,1309.800048828125
2019-02-15,3590.57,3653.23,3573.45,3602.47,20777.872899,96.91999816894533,14.90999984741211,2775.60009765625,1318.0999755859375
2019-02-16,3602.49,3648.2,3597.91,3618.41,19565.992751,96.91999816894533,14.90999984741211,2775.60009765625,1318.0999755859375
2019-02-17,3617.22,3700.11,3604.4,3667.58,25690.227779,96.91999816894533,14.90999984741211,2775.60009765625,1318.0999755859375
2019-02-18,3667.62,3925.0,3655.0,3898.6,64042.730492,96.91999816894533,14.90999984741211,2775.60009765625,1318.0999755859375
2019-02-19,3897.35,3994.52,3856.0,3907.79,50207.172667,96.5199966430664,14.880000114440918,2779.760009765625,1340.0999755859375
2019-02-20,3907.35,3986.98,3870.66,3969.74,36205.14085,96.4499969482422,14.020000457763672,2784.699951171875,1343.300048828125
2019-02-21,3969.74,4016.48,3901.03,3937.31,31103.884728,96.61000061035156,14.460000038146973,2774.8798828125,1323.5
2019-02-22,3937.31,3988.0,3926.65,3962.0,23943.16375,96.51000213623048,13.510000228881836,2792.669921875,1329.199951171875
2019-02-23,3962.0,4162.02,3933.15,4117.76,33657.942883,96.51000213623048,13.510000228881836,2792.669921875,1329.199951171875
2019-02-24,4118.0,4198.0,3712.66,3743.56,62224.18689,96.51000213623048,13.510000228881836,2792.669921875,1329.199951171875
2019-02-25,3743.56,3872.66,3740.0,3827.92,38102.966245,96.41000366210938,14.850000381469728,2796.110107421875,1325.9000244140625
2019-02-26,3828.44,3841.51,3777.0,3809.23,28838.748036,96.0,15.170000076293944,2793.89990234375,1325.0999755859375
2019-02-27,3809.31,3838.85,3677.17,3818.07,31500.995466,96.1500015258789,14.699999809265137,2792.3798828125,1317.699951171875
2019-02-28,3818.04,3888.0,3763.87,3813.69,32561.961044,96.16000366210938,14.779999732971191,2784.489990234375,1312.800048828125
2019-03-01,3814.26,3857.0,3813.01,3823.0,23174.57217,96.52999877929688,13.56999969482422,2803.68994140625,1296.4000244140625
2019-03-02,3822.17,3841.31,3772.25,3819.93,19445.838355,96.52999877929688,13.56999969482422,2803.68994140625,1296.4000244140625
2019-03-03,3819.97,3835.0,3781.32,3807.75,16718.16541,96.52999877929688,13.56999969482422,2803.68994140625,1296.4000244140625
2019-03-04,3807.32,3830.0,3670.69,3715.3,34742.84166,96.68000030517578,14.630000114440918,2792.81005859375,1284.800048828125
2019-03-05,3716.1,3877.1,3703.55,3857.73,32962.536162,96.8499984741211,14.739999771118164,2789.64990234375,1282.0
2019-03-06,3857.58,3907.0,3813.09,3861.84,24775.11883,96.87000274658205,15.739999771118164,2771.449951171875,1284.9000244140625
2019-03-07,3861.84,3905.4,3840.4,3873.64,26455.257661,97.66999816894533,16.59000015258789,2748.929931640625,1283.800048828125
2019-03-08,3873.63,3932.0,3800.0,3864.89,34730.366592,97.37000274658205,16.049999237060547,2743.070068359375,1297.0
2019-03-09,3864.88,3971.75,3854.75,3943.04,30979.747653,97.37000274658205,16.049999237060547,2743.070068359375,1297.0
2019-03-10,3943.43,3943.43,3881.69,3916.82,23187.561412,97.37000274658205,16.049999237060547,2743.070068359375,1297.0
2019-03-11,3915.99,3936.98,3830.0,3871.61,38066.885705,97.22000122070312,14.329999923706056,2783.300048828125,1288.800048828125
2019-03-12,3871.61,3905.2,3826.06,3882.73,26921.008622,96.94000244140624,13.770000457763672,2791.52001953125,1296.300048828125
2019-03-13,3882.69,3893.56,3840.0,3866.0,24461.008757,96.5500030517578,13.40999984741211,2810.919921875,1307.5
2019-03-14,3866.0,3920.0,3810.43,3877.12,27048.74853,96.79000091552734,13.5,2808.47998046875,1293.4000244140625
2019-03-15,3877.12,3939.22,3872.2,3923.76,21740.061498,96.5999984741211,12.880000114440918,2822.47998046875,1301.800048828125
2019-03-16,3924.46,4056.98,3921.98,4005.98,28568.376124,96.5999984741211,12.880000114440918,2822.47998046875,1301.800048828125
2019-03-17,4005.98,4012.0,3950.01,3981.14,18814.255577,96.5999984741211,12.880000114440918,2822.47998046875,1301.800048828125
2019-03-18,3981.85,4037.0,3953.33,3987.81,22454.47801,96.5199966430664,13.100000381469728,2832.93994140625,1300.300048828125
2019-03-19,3987.83,4031.0,3970.0,4015.53,19893.741815,96.37999725341795,13.5600004196167,2832.570068359375,1305.0
2019-03-20,4017.48,4050.0,3980.5,4043.04,23432.300255,95.76000213623048,13.90999984741211,2824.22998046875,1300.5
2019-03-21,4043.04,4069.32,3880.01,3980.64,35997.682119,96.5,13.630000114440918,2854.8798828125,1306.0999755859375
2019-03-22,3980.85,4008.0,3968.25,3986.93,20022.606318,96.6500015258789,16.479999542236328,2800.7099609375,1311.5999755859375
2019-03-23,3987.89,4018.83,3978.01,4006.01,17302.604318,96.6500015258789,16.479999542236328,2800.7099609375,1311.5999755859375
2019-03-24,4006.01,4006.02,3950.0,3992.18,17179.850648,96.6500015258789,16.479999542236328,2800.7099609375,1311.5999755859375
2019-03-25,3991.35,3999.3,3888.71,3936.12,33192.890217,96.56999969482422,16.329999923706055,2798.360107421875,1321.9000244140625
2019-03-26,3935.47,3958.98,3894.0,3948.55,29349.537627,96.73999786376952,14.68000030517578,2818.4599609375,1314.300048828125
2019-03-27,3948.77,4048.0,3936.15,4038.05,32364.555852,96.7699966430664,15.149999618530272,2805.3701171875,1309.9000244140625
2019-03-28,4039.58,4039.7,4002.0,4027.81,20089.293875,97.1999969482422,14.43000030517578,2815.43994140625,1289.800048828125
2019-03-29,4028.22,4123.71,4024.03,4103.25,30084.217444,97.27999877929688,13.710000038146973,2834.39990234375,1293.0
2019-03-30,4104.24,4140.0,4052.0,4106.97,19509.292601,97.27999877929688,13.710000038146973,2834.39990234375,1293.0
2019-03-31,4106.99,4116.12,4082.57,4103.95,13525.087433,97.27999877929688,13.710000038146973,2834.39990234375,1293.0
2019-04-01,4102.44,4158.7,4067.0,4144.56,25507.067641,97.25,13.399999618530272,2867.18994140625,1288.4000244140625
2019-04-02,4144.54,4897.99,4140.54,4857.29,105383.639263,97.36000061035156,13.359999656677246,2867.239990234375,1290.0
2019-04-03,4857.19,5275.01,4753.5,4932.6,109890.125743,97.08999633789062,13.739999771118164,2873.39990234375,1289.9000244140625
2019-04-04,4932.59,5039.08,4777.0,4898.66,61054.254168,97.30999755859376,13.579999923706056,2879.389892578125,1289.0
2019-04-05,4898.64,5028.22,4880.62,5004.95,39768.552806,97.4000015258789,12.81999969482422,2892.739990234375,1290.4000244140625
2019-04-06,5004.96,5205.0,4928.59,5043.89,41770.842313,97.4000015258789,12.81999969482422,2892.739990234375,1290.4000244140625
2019-04-07,5042.07,5234.0,5026.0,5170.27,37615.486804,97.4000015258789,12.81999969482422,2892.739990234375,1290.4000244140625
2019-04-08,5170.27,5305.0,5039.0,5236.9,50178.430782,97.0500030517578,13.18000030517578,2895.77001953125,1297.0999755859375
2019-04-09,5238.38,5238.4,5076.68,5150.0,34067.012311,97.01000213623048,14.279999732971191,2878.199951171875,1303.5
2019-04-10,5150.0,5422.0,5135.0,5308.25,40073.620471,96.9499969482422,13.300000190734863,2888.2099609375,1309.0999755859375
2019-04-11,5307.86,5332.67,4927.0,5017.37,54696.600686,97.18000030517578,13.020000457763672,2888.320068359375,1288.5999755859375
2019-04-12,5017.37,5080.58,4861.22,5048.01,33276.678614,96.97000122070312,12.010000228881836,2907.409912109375,1290.5999755859375
2019-04-13,5047.0,5099.0,5004.0,5045.22,17292.456802,96.97000122070312,12.010000228881836,2907.409912109375,1290.5999755859375
2019-04-14,5047.45,5152.99,5000.0,5131.3,18281.607739,96.97000122070312,12.010000228881836,2907.409912109375,1290.5999755859375
2019-04-15,5131.28,5167.38,4950.0,5024.95,29057.191581,96.94000244140624,12.31999969482422,2905.580078125,1286.800048828125
2019-04-16,5024.95,5197.72,5003.94,5173.72,24242.229493,97.04000091552734,12.18000030517578,2907.06005859375,1272.5999755859375
2019-04-17,5173.72,5230.4,5146.8,5202.82,23307.536134,97.01000213623048,12.600000381469728,2900.449951171875,1272.199951171875
2019-04-18,5202.41,5287.0,5198.8,5258.44,22619.239001,97.47000122070312,12.09000015258789,2905.030029296875,1271.9000244140625
2019-04-19,5258.44,5320.0,5175.0,5258.68,24611.236323,97.47000122070312,12.09000015258789,2905.030029296875,1271.9000244140625
2019-04-20,5258.68,5333.42,5230.1,5291.73,19168.908274,97.47000122070312,12.09000015258789,2905.030029296875,1271.9000244140625
2019-04-21,5292.91,5314.35,5165.0,5256.14,25549.570939,97.47000122070312,12.09000015258789,2905.030029296875,1271.9000244140625
2019-04-22,5257.41,5400.0,5208.35,5357.14,29563.852309,97.27999877929688,12.420000076293944,2907.969970703125,1273.5
2019-04-23,5357.14,5600.0,5332.41,5493.31,41262.103917,97.56999969482422,12.279999732971191,2933.679931640625,1269.300048828125
2019-04-24,5490.91,5582.2,5333.35,5415.0,48224.152413,98.0999984741211,13.140000343322754,2927.25,1275.5
2019-04-25,5415.0,5491.84,5102.0,5219.9,49636.089948,98.1999969482422,13.25,2926.169921875,1275.800048828125
2019-04-26,5220.47,5510.0,5161.62,5314.1,48912.294513,98.01000213623048,12.729999542236328,2939.8798828125,1284.9000244140625
2019-04-27,5315.0,5342.5,5257.67,5295.69,15422.896935,98.01000213623048,12.729999542236328,2939.8798828125,1284.9000244140625
2019-04-28,5295.69,5340.0,5259.48,5307.52,14371.433869,98.01000213623048,12.729999542236328,2939.8798828125,1284.9000244140625
2019-04-29,5309.81,5332.0,5178.8,5238.14,19918.135079,97.86000061035156,13.109999656677246,2943.030029296875,1278.5999755859375
2019-04-30,5238.14,5339.98,5192.15,5320.81,22238.06823,97.4800033569336,13.119999885559082,2945.830078125,1282.800048828125
2019-05-01,5321.94,5402.0,5316.2,5383.2,17217.473216,97.69000244140624,14.800000190734863,2923.72998046875,1281.4000244140625
2019-05-02,5383.2,5538.0,5370.0,5492.87,22795.787835,97.83000183105467,14.420000076293944,2917.52001953125,1269.699951171875
2019-05-03,5494.81,5844.0,5477.57,5772.69,46297.172849,97.5199966430664,12.869999885559082,2945.639892578125,1279.199951171875
2019-05-04,5770.62,5900.0,5587.45,5829.45,39682.408991,97.5199966430664,12.869999885559082,2945.639892578125,1279.199951171875
2019-05-05,5829.83,5839.9,5696.0,5775.62,23822.543775,97.5199966430664,12.869999885559082,2945.639892578125,1279.199951171875
2019-05-06,5773.18,5805.0,5619.14,5747.79,25256.596325,97.5199966430664,15.4399995803833,2932.469970703125,1281.699951171875
2019-05-07,5749.92,6028.41,5747.74,5846.34,39905.064422,97.62999725341795,19.31999969482422,2884.050048828125,1283.5
2019-05-08,5846.34,6014.72,5772.2,5987.29,23074.186907,97.62000274658205,19.399999618530277,2879.419921875,1279.4000244140625
2019-05-09,5986.66,6224.55,5983.71,6209.18,27453.011436,97.37000274658205,19.100000381469727,2870.719970703125,1283.5
2019-05-10,6209.95,6468.92,6172.0,6373.33,36623.61079,97.33000183105467,16.040000915527344,2881.39990234375,1285.699951171875
2019-05-11,6375.16,7343.99,6372.85,7076.22,74022.424393,97.33000183105467,16.040000915527344,2881.39990234375,1285.699951171875
2019-05-12,7076.24,7521.78,6750.0,6967.31,86948.975339,97.33000183105467,16.040000915527344,2881.39990234375,1285.699951171875
2019-05-13,6968.24,8100.0,6870.0,7790.71,85804.735333,97.31999969482422,20.549999237060547,2811.8701171875,1300.0999755859375
2019-05-14,7795.62,8366.0,7599.56,7947.56,76583.722603,97.52999877929688,18.059999465942383,2834.409912109375,1294.699951171875
2019-05-15,7945.26,8249.0,7850.0,8169.87,37884.327211,97.56999969482422,16.440000534057617,2850.9599609375,1296.300048828125
2019-05-16,8169.08,8320.0,7705.0,7866.59,69630.513996,97.83999633789062,15.289999961853027,2876.320068359375,1285.0
2019-05-17,7868.67,7925.0,6913.0,7355.26,88752.008159,98.0,15.960000038146973,2859.530029296875,1274.5
2019-05-18,7355.28,7458.0,7156.61,7257.45,37054.944779,98.0,15.960000038146973,2859.530029296875,1274.5
2019-05-19,7257.32,8275.09,7243.08,8148.48,65577.442058,98.0,15.960000038146973,2859.530029296875,1274.5
2019-05-20,8147.94,8156.03,7553.0,7938.15,65859.208564,97.93000030517578,16.309999465942383,2840.22998046875,1276.0999755859375
2019-05-21,7937.16,8042.32,7771.0,7904.87,52301.752247,98.05999755859376,14.949999809265137,2864.360107421875,1272.0
2019-05-22,7904.48,8016.0,7465.0,7628.43,49136.994589,98.11000061035156,14.75,2856.27001953125,1273.5999755859375
2019-05-23,7627.8,7940.98,7461.0,7851.51,49648.184701,97.8499984741211,16.920000076293945,2822.239990234375,1284.800048828125
2019-05-24,7849.95,8130.0,7766.0,7964.87,46664.785325,97.61000061035156,15.850000381469728,2826.06005859375,1283.0
2019-05-25,7964.52,8091.8,7908.34,8025.41,28414.328817,97.61000061035156,15.850000381469728,2826.06005859375,1283.0
2019-05-26,8023.0,8740.0,7833.42,8614.43,49652.144567,97.61000061035156,15.850000381469728,2826.06005859375,1283.0
2019-05-27,8612.54,8908.32,8589.0,8756.32,51886.768793,97.61000061035156,15.850000381469728,2826.06005859375,1283.0
2019-05-28,8752.52,8798.49,8510.63,8715.64,31470.551534,97.95999908447266,17.5,2802.389892578125,1276.5
2019-05-29,8716.87,8750.0,8406.6,8645.68,33880.865922,98.13999938964844,17.899999618530273,2783.02001953125,1280.5999755859375
2019-05-30,8646.5,9074.26,8005.0,8269.54,70379.998521,98.13999938964844,17.299999237060547,2788.860107421875,1287.0999755859375
2019-05-31,8267.1,8594.0,8108.5,8555.0,44727.49162,97.75,18.709999084472656,2752.06005859375,1305.800048828125
2019-06-01,8555.0,8626.0,8442.36,8544.07,31868.234157,97.75,18.709999084472656,2752.06005859375,1305.800048828125
2019-06-02,8545.1,8814.78,8524.0,8725.98,27835.133265,97.75,18.709999084472656,2752.06005859375,1305.800048828125
2019-06-03,8726.0,8800.95,8080.8,8115.82,45692.965104,97.13999938964844,18.86000061035156,2744.449951171875,1322.699951171875
2019-06-04,8115.66,8115.66,7481.02,7687.03,74143.948941,97.06999969482422,16.969999313354492,2803.27001953125,1323.4000244140625
2019-06-05,7687.04,7896.7,7572.78,7776.5,48679.656455,97.37000274658205,16.09000015258789,2826.14990234375,1328.300048828125
2019-06-06,7778.08,7868.13,7444.58,7786.7,36624.118747,97.02999877929688,15.93000030517578,2843.489990234375,1337.5999755859375
2019-06-07,7787.57,8100.0,7737.49,7980.53,33942.225658,96.61000061035156,16.299999237060547,2873.340087890625,1341.199951171875
2019-06-08,7978.94,8044.65,7751.0,7893.62,22657.329634,96.61000061035156,16.299999237060547,2873.340087890625,1341.199951171875
2019-06-09,7895.28,7935.0,7506.66,7628.13,31568.465157,96.61000061035156,16.299999237060547,2873.340087890625,1341.199951171875
2019-06-10,7627.57,8020.0,7511.0,7982.75,36756.078468,96.76000213623048,15.9399995803833,2886.72998046875,1324.699951171875
2019-06-11,7981.0,8010.0,7692.23,7884.9,30334.999427,96.69000244140624,15.989999771118164,2885.719970703125,1326.4000244140625
2019-06-12,7884.9,8200.0,7788.99,8127.64,41597.082622,97.0,15.90999984741211,2879.840087890625,1331.9000244140625
2019-06-13,8127.64,8309.82,8010.03,8218.54,30467.764341,97.01000213623048,15.81999969482422,2891.639892578125,1339.199951171875
2019-06-14,8216.44,8684.41,8144.32,8650.0,39835.246255,97.56999969482422,15.279999732971191,2886.97998046875,1340.0999755859375
2019-06-15,8650.88,8864.99,8567.63,8808.7,31791.636039,97.56999969482422,15.279999732971191,2886.97998046875,1340.0999755859375
2019-06-16,8810.77,9333.0,8760.0,8953.33,63289.251219,97.56999969482422,15.279999732971191,2886.97998046875,1340.0999755859375
2019-06-17,8953.0,9444.0,8950.0,9313.96,47895.485374,97.55999755859376,15.350000381469728,2889.669921875,1338.699951171875
2019-06-18,9312.13,9336.36,8950.0,9081.55,51554.569401,97.63999938964844,15.149999618530272,2917.75,1346.5999755859375
2019-06-19,9081.97,9304.0,8960.0,9255.49,32147.706495,97.12000274658205,14.329999923706056,2926.4599609375,1344.5999755859375
2019-06-20,9253.76,9590.0,9175.2,9517.12,34556.053982,96.62999725341795,14.75,2954.179931640625,1392.9000244140625
2019-06-21,9518.06,10174.99,9518.06,10159.86,50484.415892,96.22000122070312,15.399999618530272,2950.4599609375,1396.199951171875
2019-06-22,10159.86,11160.0,9921.72,10729.5,104169.447976,96.22000122070312,15.399999618530272,2950.4599609375,1396.199951171875
2019-06-23,10729.0,11392.64,10555.18,10906.07,57445.323945,96.22000122070312,15.399999618530272,2950.4599609375,1396.199951171875
2019-06-24,10905.95,11143.63,10620.8,11056.59,43101.045285,95.9800033569336,15.260000228881836,2945.35009765625,1414.300048828125
2019-06-25,11056.59,11850.0,11026.0,11820.86,61276.686648,96.16000366210938,16.280000686645508,2917.3798828125,1414.9000244140625
2019-06-26,11821.28,13970.0,11741.0,13093.8,155930.147386,96.20999908447266,16.209999084472656,2913.780029296875,1411.5999755859375
2019-06-27,13098.38,13478.04,10525.1,11329.99,173894.820889,96.19000244140624,15.81999969482422,2924.919921875,1408.4000244140625
2019-06-28,11329.99,12480.0,10982.88,12400.63,95795.203964,96.12999725341795,15.079999923706056,2941.760009765625,1409.699951171875
2019-06-29,12407.06,12441.54,11475.02,11903.13,69642.074157,96.12999725341795,15.079999923706056,2941.760009765625,1409.699951171875
2019-06-30,11903.13,12180.0,10766.03,10854.1,84512.530443,96.12999725341795,15.079999923706056,2941.760009765625,1409.699951171875
2019-07-01,10854.1,11282.28,10030.0,10624.93,90962.268271,96.83999633789062,14.0600004196167,2964.330078125,1385.5999755859375
2019-07-02,10624.9,10938.75,9727.0,10842.85,109561.038728,96.7300033569336,12.93000030517578,2973.010009765625,1404.5999755859375
2019-07-03,10844.98,11991.89,10841.04,11940.0,96815.90029,96.7699966430664,12.56999969482422,2995.820068359375,1417.699951171875
2019-07-04,11940.0,12000.0,11055.0,11145.67,66512.221892,96.7699966430664,12.56999969482422,2995.820068359375,1417.699951171875
2019-07-05,11145.67,11406.83,10796.44,10970.73,63534.350582,97.25,13.279999732971191,2990.409912109375,1396.699951171875
2019-07-06,10982.41,11665.0,10964.51,11256.49,51469.496331,97.25,13.279999732971191,2990.409912109375,1396.699951171875
2019-07-07,11256.45,11538.0,11094.37,11406.24,38884.795599,97.25,13.279999732971191,2990.409912109375,1396.699951171875
2019-07-08,11410.0,12338.03,11220.0,12238.6,52182.367215,97.37999725341795,13.960000038146973,2975.949951171875,1397.0
2019-07-09,12238.6,12794.73,12068.0,12543.41,78442.130343,97.48999786376952,14.09000015258789,2979.6298828125,1397.5
2019-07-10,12548.51,13147.08,11569.0,12108.37,109246.044997,97.0999984741211,13.029999732971191,2993.070068359375,1410.0999755859375
2019-07-11,12108.11,12111.73,11000.0,11342.89,87506.461058,97.0500030517578,12.93000030517578,2999.909912109375,1404.300048828125
2019-07-12,11342.88,11885.0,11073.0,11757.22,56321.858281,96.80999755859376,12.390000343322754,3013.77001953125,1409.9000244140625
2019-07-13,11757.22,11799.98,10830.0,11355.76,54245.594548,96.80999755859376,12.390000343322754,3013.77001953125,1409.9000244140625
2019-07-14,11355.78,11452.0,10103.0,10174.18,72517.579236,96.80999755859376,12.390000343322754,3013.77001953125,1409.9000244140625
2019-07-15,10174.18,11100.0,9860.0,10838.72,81922.426332,96.93000030517578,12.68000030517578,3014.300048828125,1411.4000244140625
2019-07-16,10833.78,11028.0,9350.01,9439.59,97219.443413,97.4000015258789,12.859999656677246,3004.0400390625,1409.199951171875
2019-07-17,9430.17,9957.0,9060.0,9667.92,84942.672717,97.22000122070312,13.970000267028809,2984.419921875,1421.300048828125
2019-07-18,9668.86,10788.0,9252.0,10627.16,80283.310252,96.79000091552734,13.529999732971191,2995.110107421875,1426.0999755859375
2019-07-19,10628.64,10769.71,10121.84,10504.29,56546.932133,97.1500015258789,14.449999809265137,2976.610107421875,1425.0999755859375
2019-07-20,10505.78,11068.99,10350.0,10740.23,47331.899848,97.1500015258789,14.449999809265137,2976.610107421875,1425.0999755859375
2019-07-21,10740.27,10817.9,10288.0,10589.45,38834.287935,97.1500015258789,14.449999809265137,2976.610107421875,1425.0999755859375
2019-07-22,10590.15,10683.16,10100.0,10340.31,40467.954839,97.26000213623048,13.529999732971191,2985.030029296875,1425.300048828125
2019-07-23,10343.08,10343.97,9822.0,9864.91,47624.37071,97.70999908447266,12.609999656677246,3005.469970703125,1420.0999755859375
2019-07-24,9864.78,9937.0,9525.0,9763.28,43475.380377,97.7300033569336,12.06999969482422,3019.56005859375,1422.800048828125
2019-07-25,9763.4,10175.0,9720.03,9879.87,37873.354728,97.81999969482422,12.739999771118164,3003.669921875,1413.9000244140625
2019-07-26,9882.15,9889.98,9637.0,9824.0,27167.463217,98.01000213623048,12.15999984741211,3025.860107421875,1418.5
2019-07-27,9824.0,10188.66,9333.0,9476.52,43809.778301,98.01000213623048,12.15999984741211,3025.860107421875,1418.5
2019-07-28,9478.92,9594.99,9165.0,9541.54,29401.022937,98.01000213623048,12.15999984741211,3025.860107421875,1418.5
2019-07-29,9541.54,9729.0,9395.0,9507.64,29021.937411,98.04000091552734,12.829999923706056,3020.969970703125,1419.5999755859375
2019-07-30,9509.07,9714.28,9402.0,9574.21,32536.368834,98.0500030517578,13.9399995803833,3013.179931640625,1429.699951171875
2019-07-31,9575.0,10109.8,9555.0,10080.53,39515.35456,98.5199966430664,16.1200008392334,2980.3798828125,1426.0999755859375
2019-08-01,10080.53,10467.86,9863.46,10374.99,41727.637028,98.38999938964844,17.8700008392334,2953.56005859375,1420.9000244140625
2019-08-02,10375.0,10670.0,10281.35,10523.75,42990.444221,98.0999984741211,17.610000610351562,2932.050048828125,1445.5999755859375
2019-08-03,10523.75,10904.77,10497.93,10816.86,33802.318824,98.0999984741211,17.610000610351562,2932.050048828125,1445.5999755859375
2019-08-04,10816.86,11040.0,10552.0,10929.23,39924.745141,98.0999984741211,17.610000610351562,2932.050048828125,1445.5999755859375
2019-08-05,10929.99,11937.52,10927.8,11828.8,65153.673713,97.5,24.59000015258789,2844.739990234375,1464.5999755859375
2019-08-06,11830.0,12330.7,11226.7,11481.69,76705.389875,97.62999725341795,20.170000076293945,2881.77001953125,1472.4000244140625
2019-08-07,11481.69,12141.17,11382.84,11975.03,69173.390353,97.54000091552734,19.489999771118164,2883.97998046875,1507.300048828125
2019-08-08,11975.04,12060.0,11521.0,11999.77,51207.257174,97.62000274658205,16.90999984741211,2938.090087890625,1497.699951171875
2019-08-09,11994.17,12045.68,11700.0,11879.99,39427.152588,97.48999786376952,17.969999313354492,2918.64990234375,1496.5999755859375
2019-08-10,11879.98,11985.0,11270.0,11309.31,42633.087048,97.48999786376952,17.969999313354492,2918.64990234375,1496.5999755859375
2019-08-11,11309.24,11600.0,11112.11,11549.97,26772.90691,97.48999786376952,17.969999313354492,2918.64990234375,1496.5999755859375
2019-08-12,11539.08,11577.89,11235.32,11396.08,17568.227075,97.37999725341795,21.09000015258789,2882.699951171875,1505.300048828125
2019-08-13,11398.35,11456.16,10788.45,10892.71,33234.72968,97.80999755859376,17.520000457763672,2926.320068359375,1502.199951171875
2019-08-14,10893.36,10897.48,9928.1,10050.37,54451.847499,97.98999786376952,22.100000381469727,2840.60009765625,1515.9000244140625
2019-08-15,10055.16,10460.0,9911.0,10293.93,38174.45112,98.13999938964844,21.18000030517578,2847.60009765625,1519.5999755859375
2019-08-16,10296.77,10536.03,9750.0,10331.54,51758.142918,98.13999938964844,18.46999931335449,2888.679931640625,1512.5
2019-08-17,10331.15,10465.14,10000.0,10216.02,29000.581201,98.13999938964844,18.46999931335449,2888.679931640625,1512.5
2019-08-18,10216.05,10500.0,10080.0,10306.78,24085.395172,98.13999938964844,18.46999931335449,2888.679931640625,1512.5
2019-08-19,10306.17,10930.0,10258.6,10915.54,37243.319217,98.3499984741211,16.8799991607666,2923.64990234375,1500.4000244140625
2019-08-20,10914.73,10949.96,10560.0,10760.51,32298.921679,98.19000244140624,17.5,2900.510009765625,1504.5999755859375
2019-08-21,10760.51,10804.13,9858.0,10142.57,47355.719282,98.3000030517578,15.800000190734863,2924.429931640625,1504.5999755859375
2019-08-22,10140.82,10242.0,9762.0,10099.88,34059.642738,98.16999816894533,16.68000030517578,2922.949951171875,1497.300048828125
2019-08-23,10099.9,10445.0,10019.79,10389.55,27550.336173,97.63999938964844,19.8700008392334,2847.110107421875,1526.5999755859375
2019-08-24,10388.16,10419.42,9890.0,10134.35,27692.456844,97.63999938964844,19.8700008392334,2847.110107421875,1526.5999755859375
2019-08-25,10134.61,10333.0,9906.97,10142.69,26271.657398,97.63999938964844,19.8700008392334,2847.110107421875,1526.5999755859375
2019-08-26,10142.69,10604.0,10137.93,10372.25,41687.511599,98.08000183105467,19.31999969482422,2878.3798828125,1526.300048828125
2019-08-27,10373.6,10391.08,10051.08,10185.05,28402.775383,98.0,20.309999465942383,2869.159912109375,1541.0
2019-08-28,10185.69,10299.0,9601.01,9721.0,42110.555375,98.20999908447266,19.350000381469727,2887.93994140625,1537.800048828125
2019-08-29,9721.0,9724.0,9320.0,9498.44,35532.69491,98.51000213623048,17.8799991607666,2924.580078125,1526.5
2019-08-30,9499.01,9696.0,9350.41,9584.54,26834.318104,98.91999816894533,18.979999542236328,2926.4599609375,1519.0999755859375
2019-08-31,9582.76,9684.51,9420.75,9587.47,17130.290074,98.91999816894533,18.979999542236328,2926.4599609375,1519.0999755859375
2019-09-01,9588.74,9830.0,9520.0,9724.98,19545.404843,98.91999816894533,18.979999542236328,2926.4599609375,1519.0999755859375
2019-09-02,9723.59,10450.0,9712.5,10340.0,44740.248093,98.91999816894533,18.979999542236328,2926.4599609375,1519.0999755859375
2019-09-03,10340.0,10773.0,10272.0,10615.28,47998.376781,98.9499969482422,19.65999984741211,2906.27001953125,1545.9000244140625
2019-09-04,10611.85,10799.0,10369.89,10567.02,43943.889026,98.4499969482422,17.329999923706055,2937.780029296875,1550.300048828125
2019-09-05,10565.92,10900.0,10450.0,10564.49,33970.960639,98.41000366210938,16.270000457763672,2976.0,1515.4000244140625
2019-09-06,10563.13,10905.87,10150.0,10298.73,58799.640959,98.38999938964844,15.0,2978.7099609375,1506.199951171875
2019-09-07,10298.71,10558.0,10288.57,10455.88,27637.877392,98.38999938964844,15.0,2978.7099609375,1506.199951171875
2019-09-08,10455.9,10592.5,10208.0,10381.18,23984.672018,98.38999938964844,15.0,2978.7099609375,1506.199951171875
2019-09-09,10381.24,10480.0,10068.5,10303.12,39835.727608,98.27999877929688,15.270000457763672,2978.429931640625,1502.199951171875
2019-09-10,10302.58,10384.99,9953.0,10098.15,28915.412225,98.33000183105467,15.199999809265137,2979.389892578125,1490.300048828125
2019-09-11,10098.19,10293.0,9880.0,10158.33,31953.824562,98.6500015258789,14.609999656677246,3000.929931640625,1494.4000244140625
2019-09-12,10158.75,10448.81,10040.0,10415.01,34511.162755,98.30999755859376,14.220000267028809,3009.570068359375,1498.699951171875
2019-09-13,10415.01,10439.0,10153.0,10342.06,30280.339776,98.26000213623048,13.739999771118164,3007.389892578125,1490.9000244140625
2019-09-14,10344.13,10419.99,10222.33,10335.02,23621.533519,98.26000213623048,13.739999771118164,3007.389892578125,1490.9000244140625
2019-09-15,10332.81,10360.0,10252.15,10302.01,18047.654013,98.26000213623048,13.739999771118164,3007.389892578125,1490.9000244140625
2019-09-16,10303.34,10355.0,10078.0,10251.31,28971.401657,98.6500015258789,14.670000076293944,2997.9599609375,1503.0999755859375
2019-09-17,10249.68,10275.0,10128.01,10187.82,22914.324563,98.26000213623048,14.4399995803833,3005.699951171875,1505.0999755859375
2019-09-18,10187.48,10258.02,10100.0,10156.99,24250.249303,98.5999984741211,13.949999809265137,3006.72998046875,1507.5
2019-09-19,10156.41,10325.0,9653.0,10244.29,44826.282579,98.2699966430664,14.050000190734863,3006.7900390625,1498.4000244140625
2019-09-20,10243.7,10281.0,10061.39,10168.59,25088.491069,98.51000213623048,15.31999969482422,2992.070068359375,1507.300048828125
2019-09-21,10167.92,10176.7,9900.0,9986.39,20544.175196,98.51000213623048,15.31999969482422,2992.070068359375,1507.300048828125
2019-09-22,9985.15,10089.0,9853.97,10028.87,22049.275256,98.51000213623048,15.31999969482422,2992.070068359375,1507.300048828125
2019-09-23,10028.05,10049.99,9615.77,9702.25,31937.232356,98.5999984741211,14.90999984741211,2991.780029296875,1523.699951171875
2019-09-24,9702.2,9794.99,7800.0,8493.14,94007.345203,98.33999633789062,17.049999237060547,2966.60009765625,1532.0999755859375
2019-09-25,8497.55,8730.0,8215.64,8430.05,60783.892258,99.04000091552734,15.960000038146973,2984.8701171875,1504.5999755859375
2019-09-26,8430.05,8465.99,7750.0,8063.73,67930.853749,99.20999908447266,16.06999969482422,2977.6201171875,1507.5
2019-09-27,8063.49,8265.0,7852.15,8177.91,43882.924625,99.11000061035156,17.219999313354492,2961.7900390625,1499.0999755859375
2019-09-28,8177.47,8315.0,8001.09,8198.81,34473.605165,99.11000061035156,17.219999313354492,2961.7900390625,1499.0999755859375
2019-09-29,8199.38,8229.13,7890.0,8043.82,31544.211388,99.11000061035156,17.219999313354492,2961.7900390625,1499.0999755859375
2019-09-30,8043.04,8337.26,7710.0,8289.34,55865.48726,99.37999725341795,16.239999771118164,2976.739990234375,1465.699951171875
2019-10-01,8289.97,8500.0,8173.05,8292.44,43479.58742,99.12999725341795,18.559999465942383,2940.25,1482.0
2019-10-02,8292.67,8373.91,8151.22,8359.94,26243.386644,99.04000091552734,20.559999465942383,2887.610107421875,1501.0
2019-10-03,8360.0,8393.0,8060.0,8223.96,30488.284058,98.86000061035156,19.1200008392334,2910.6298828125,1507.0999755859375
2019-10-04,8224.43,8232.41,8005.0,8137.13,26476.330404,98.80999755859376,17.040000915527344,2952.010009765625,1506.199951171875
2019-10-05,8137.09,8183.41,8012.98,8126.19,21907.615564,98.80999755859376,17.040000915527344,2952.010009765625,1506.199951171875
2019-10-06,8127.55,8153.87,7785.0,7854.25,34676.104049,98.80999755859376,17.040000915527344,2952.010009765625,1506.199951171875
2019-10-07,7855.3,8299.92,7762.0,8190.09,52202.072297,98.98999786376952,17.860000610351562,2938.7900390625,1497.699951171875
2019-10-08,8190.82,8325.0,8088.75,8168.39,35452.657423,99.13999938964844,20.280000686645508,2893.06005859375,1497.199951171875
2019-10-09,8170.79,8670.0,8115.0,8560.74,55038.704378,99.12000274658205,18.63999938964844,2919.39990234375,1506.0999755859375
2019-10-10,8562.15,8644.0,8414.52,8558.03,39137.946167,98.70999908447266,17.56999969482422,2938.1298828125,1494.800048828125
2019-10-11,8557.82,8779.51,8212.38,8258.5,50405.284418,98.3000030517578,15.579999923706056,2970.27001953125,1482.699951171875
2019-10-12,8257.95,8400.0,8250.0,8300.09,21339.334098,98.3000030517578,15.579999923706056,2970.27001953125,1482.699951171875
2019-10-13,8301.98,8451.37,8160.0,8275.01,27840.739953,98.3000030517578,15.579999923706056,2970.27001953125,1482.699951171875
2019-10-14,8275.24,8388.85,8203.0,8348.2,29810.663253,98.4499969482422,14.56999969482422,2966.14990234375,1491.699951171875
2019-10-15,8346.86,8403.0,8090.0,8159.29,32773.062476,98.29000091552734,13.539999961853027,2995.679931640625,1477.5999755859375
2019-10-16,8159.3,8181.16,7917.0,7991.74,34733.593966,98.01000213623048,13.68000030517578,2989.68994140625,1488.0
2019-10-17,7995.02,8124.92,7929.03,8070.58,29656.949158,97.61000061035156,13.789999961853027,2997.949951171875,1492.300048828125
2019-10-18,8070.71,8115.0,7816.01,7947.01,31353.181416,97.27999877929688,14.25,2986.199951171875,1488.199951171875
2019-10-19,7946.89,8098.1,7866.92,7948.01,26627.889388,97.27999877929688,14.25,2986.199951171875,1488.199951171875
2019-10-20,7949.87,8297.0,7870.0,8223.35,34286.452654,97.27999877929688,14.25,2986.199951171875,1488.199951171875
2019-10-21,8223.35,8333.0,8142.03,8197.27,30448.679539,97.33000183105467,14.0,3006.719970703125,1482.4000244140625
2019-10-22,8197.28,8297.99,8000.0,8020.0,34651.828663,97.52999877929688,14.460000038146973,2995.989990234375,1481.699951171875
2019-10-23,8020.06,8047.59,7300.0,7466.62,63897.457098,97.47000122070312,14.010000228881836,3004.52001953125,1489.9000244140625
2019-10-24,7468.47,7503.68,7337.99,7412.41,32714.383265,97.62999725341795,13.710000038146973,3010.2900390625,1498.9000244140625
2019-10-25,7412.41,8799.0,7361.0,8655.02,90748.218174,97.83000183105467,12.649999618530272,3022.550048828125,1499.5
2019-10-26,8655.88,10370.0,8470.38,9230.0,162588.585413,97.83000183105467,12.649999618530272,3022.550048828125,1499.5
2019-10-27,9230.0,9794.98,9074.34,9529.93,93833.541604,97.83000183105467,12.649999618530272,3022.550048828125,1499.5
2019-10-28,9528.23,9902.1,9160.0,9205.14,80174.217323,97.76000213623048,13.109999656677246,3039.419921875,1490.0
2019-10-29,9204.45,9550.0,9072.0,9407.62,64158.462446,97.69000244140624,13.199999809265137,3036.889892578125,1487.0
2019-10-30,9407.62,9409.84,9001.01,9154.72,55241.786434,97.6500015258789,12.329999923706056,3046.77001953125,1493.199951171875
2019-10-31,9154.02,9405.0,8913.0,9140.85,54376.024902,97.3499984741211,13.220000267028809,3037.56005859375,1511.4000244140625
2019-11-01,9140.86,9279.0,9030.0,9231.61,43594.814115,97.23999786376952,12.300000190734863,3066.909912109375,1508.0
2019-11-02,9231.4,9373.74,9186.21,9289.52,28923.060828,97.23999786376952,12.300000190734863,3066.909912109375,1508.0
2019-11-03,9289.85,9362.57,9066.14,9194.71,27894.378279,97.23999786376952,12.300000190734863,3066.909912109375,1508.0
2019-11-04,9196.46,9513.68,9115.84,9393.35,45894.456277,97.51000213623048,12.829999923706056,3078.27001953125,1508.0
2019-11-05,9392.4,9454.95,9175.76,9308.66,45935.873665,97.9800033569336,13.100000381469728,3074.6201171875,1480.800048828125
2019-11-06,9307.73,9440.91,9250.01,9339.05,37336.170372,97.9499969482422,12.619999885559082,3076.780029296875,1490.199951171875
2019-11-07,9339.16,9375.0,9101.0,9216.2,39117.470853,98.13999938964844,12.729999542236328,3085.179931640625,1464.199951171875
2019-11-08,9214.0,9261.0,8696.0,8773.73,62107.289243,98.3499984741211,12.06999969482422,3093.080078125,1461.300048828125
2019-11-09,8773.74,8880.0,8724.88,8809.41,29469.481405,98.3499984741211,12.06999969482422,3093.080078125,1461.300048828125
2019-11-10,8809.18,9147.19,8750.0,9039.47,34422.029797,98.3499984741211,12.06999969482422,3093.080078125,1461.300048828125
2019-11-11,9040.16,9072.32,8618.68,8733.27,44888.053545,98.1999969482422,12.6899995803833,3087.010009765625,1455.5
2019-11-12,8733.36,8888.0,8567.6,8821.94,40366.629471,98.30999755859376,12.68000030517578,3091.840087890625,1452.0999755859375
2019-11-13,8821.91,8844.99,8702.0,8777.12,26810.116918,98.37000274658205,13.0,3094.0400390625,1461.699951171875
2019-11-14,8777.54,8800.0,8582.6,8646.68,33468.468961,98.16000366210938,13.050000190734863,3096.6298828125,1471.800048828125
2019-11-15,8646.38,8790.0,8400.0,8471.73,46087.417751,98.0,12.050000190734863,3120.4599609375,1467.300048828125
2019-11-16,8471.62,8543.0,8400.0,8491.02,20902.299752,98.0,12.050000190734863,3120.4599609375,1467.300048828125
2019-11-17,8490.74,8635.0,8350.68,8502.4,27009.037082,98.0,12.050000190734863,3120.4599609375,1467.300048828125
2019-11-18,8502.87,8503.52,8060.0,8187.17,43017.69094,97.79000091552734,12.460000038146973,3122.030029296875,1470.9000244140625
2019-11-19,8186.5,8218.63,8003.0,8133.64,43556.061025,97.86000061035156,12.859999656677246,3120.179931640625,1473.300048828125
2019-11-20,8133.83,8264.29,8038.4,8098.01,32466.23098,97.93000030517578,12.779999732971191,3108.4599609375,1473.300048828125
2019-11-21,8098.56,8134.73,7500.0,7627.74,58418.780261,97.98999786376952,13.130000114440918,3103.5400390625,1463.0999755859375
2019-11-22,7627.79,7750.0,6790.0,7268.23,126603.140259,98.2699966430664,12.34000015258789,3110.2900390625,1463.0999755859375
2019-11-23,7268.23,7344.48,7080.01,7311.57,50449.894755,98.2699966430664,12.34000015258789,3110.2900390625,1463.0999755859375
2019-11-24,7311.1,7330.39,6861.0,6903.28,67890.206483,98.2699966430664,12.34000015258789,3110.2900390625,1463.0999755859375
2019-11-25,6900.23,7377.69,6515.0,7109.57,119645.735197,98.31999969482422,11.869999885559082,3133.639892578125,1456.5999755859375
2019-11-26,7109.99,7340.0,7017.48,7156.14,65722.39769,98.25,11.539999961853027,3140.52001953125,1459.800048828125
2019-11-27,7154.75,7655.0,6840.0,7508.52,92452.87349,98.41000366210938,11.75,3153.6298828125,1453.4000244140625
2019-11-28,7507.9,7643.0,7360.0,7419.49,56933.981109,98.41000366210938,11.75,3153.6298828125,1453.4000244140625
2019-11-29,7418.52,7850.0,7362.3,7739.68,60745.300873,98.2699966430664,12.619999885559082,3140.97998046875,1465.5999755859375
2019-11-30,7740.99,7810.0,7441.0,7541.89,46989.433619,98.2699966430664,12.619999885559082,3140.97998046875,1465.5999755859375
2019-12-01,7540.63,7541.85,7210.0,7390.89,60769.342313,98.2699966430664,12.619999885559082,3140.97998046875,1465.5999755859375
2019-12-02,7391.5,7420.56,7151.1,7294.28,46330.25604,97.86000061035156,14.90999984741211,3113.8701171875,1462.300048828125
2019-12-03,7294.42,7400.0,7241.35,7292.71,33149.477487,97.73999786376952,15.960000038146973,3093.199951171875,1478.199951171875
2019-12-04,7292.71,7750.0,7067.0,7194.32,83153.701586,97.6500015258789,14.800000190734863,3112.760009765625,1474.0
2019-12-05,7194.59,7485.0,7150.0,7389.0,59306.678855,97.41000366210938,14.520000457763672,3117.429931640625,1476.9000244140625
2019-12-06,7389.0,7590.03,7305.0,7527.47,48189.087944,97.6999969482422,13.619999885559082,3145.909912109375,1459.0999755859375
2019-12-07,7527.8,7619.62,7470.16,7488.21,31498.684173,97.6999969482422,13.619999885559082,3145.909912109375,1459.0999755859375
2019-12-08,7487.31,7564.0,7374.86,7510.11,29856.897631,97.6999969482422,13.619999885559082,3145.909912109375,1459.0999755859375
2019-12-09,7510.11,7650.0,7273.0,7338.64,46621.887493,97.63999938964844,15.859999656677246,3135.9599609375,1459.300048828125
2019-12-10,7338.64,7407.6,7157.1,7224.13,49723.76214,97.41000366210938,15.68000030517578,3132.52001953125,1462.5999755859375
2019-12-11,7224.15,7275.5,7125.66,7210.0,30093.091944,97.16000366210938,14.989999771118164,3141.6298828125,1469.4000244140625
2019-12-12,7210.0,7295.0,7080.3,7198.08,42288.600932,97.4000015258789,13.9399995803833,3168.570068359375,1466.699951171875
2019-12-13,7197.76,7309.05,7190.76,7258.48,27609.873795,97.16999816894533,12.630000114440918,3168.800048828125,1475.5999755859375
2019-12-14,7257.37,7271.77,7012.0,7064.05,29561.985967,97.16999816894533,12.630000114440918,3168.800048828125,1475.5999755859375
2019-12-15,7064.14,7200.3,7008.35,7118.59,26395.778137,97.16999816894533,12.630000114440918,3168.800048828125,1475.5999755859375
2019-12-16,7119.6,7150.0,6836.0,6891.72,43863.993059,97.06999969482422,12.140000343322754,3191.449951171875,1475.0
2019-12-17,6891.44,6942.21,6560.0,6623.82,53865.069929,97.20999908447266,12.289999961853027,3192.52001953125,1474.5999755859375
2019-12-18,6623.84,7440.0,6435.0,7277.83,95636.651251,97.41000366210938,12.579999923706056,3191.139892578125,1472.5999755859375
2019-12-19,7277.83,7380.0,7038.31,7150.3,55509.049075,97.41999816894533,12.5,3205.3701171875,1478.199951171875
2019-12-20,7151.31,7220.0,7079.5,7187.83,32132.069205,97.70999908447266,12.510000228881836,3221.219970703125,1474.699951171875
2019-12-21,7188.01,7190.58,7105.0,7132.75,19467.174028,97.70999908447266,12.510000228881836,3221.219970703125,1474.699951171875
2019-12-22,7131.59,7518.54,7122.47,7501.44,39137.45515,97.70999908447266,12.510000228881836,3221.219970703125,1474.699951171875
2019-12-23,7500.71,7695.38,7265.84,7317.09,68051.997203,97.66000366210938,12.609999656677246,3224.010009765625,1482.5
2019-12-24,7317.3,7436.68,7157.04,7255.77,43629.494188,97.6500015258789,12.670000076293944,3223.3798828125,1499.0999755859375
2019-12-25,7255.77,7271.77,7128.86,7204.63,27492.044323,97.6500015258789,12.670000076293944,3223.3798828125,1499.0999755859375
2019-12-26,7205.01,7435.0,7157.12,7202.0,36259.761076,97.58999633789062,12.649999618530272,3239.909912109375,1509.300048828125
2019-12-27,7202.0,7275.86,7076.42,7254.74,33642.701861,96.91999816894533,13.43000030517578,3240.02001953125,1513.800048828125
2019-12-28,7254.77,7365.01,7238.67,7316.14,26848.982199,96.91999816894533,13.43000030517578,3240.02001953125,1513.800048828125
2019-12-29,7315.36,7528.45,7288.0,7388.24,31387.106085,96.91999816894533,13.43000030517578,3240.02001953125,1513.800048828125
2019-12-30,7388.43,7408.24,7220.0,7246.0,29605.911782,96.73999786376952,14.81999969482422,3221.2900390625,1514.5
2019-12-31,7246.0,7320.0,7145.01,7195.23,25954.453533,96.38999938964844,13.779999732971191,3230.780029296875,1519.5
2020-01-01,7195.24,7255.0,7175.15,7200.85,16792.388165,96.38999938964844,13.779999732971191,3230.780029296875,1519.5
2020-01-02,7200.77,7212.5,6924.74,6965.71,31951.483932,96.8499984741211,12.470000267028809,3257.85009765625,1524.5
2020-01-03,6965.49,7405.0,6871.04,7344.96,68428.500451,96.83999633789062,14.020000457763672,3234.85009765625,1549.199951171875
2020-01-04,7345.0,7404.0,7272.21,7354.11,29987.974977,96.83999633789062,14.020000457763672,3234.85009765625,1549.199951171875
2020-01-05,7354.19,7495.0,7318.0,7358.75,38331.085604,96.83999633789062,14.020000457763672,3234.85009765625,1549.199951171875
2020-01-06,7357.64,7795.34,7346.76,7758.0,54635.695316,96.66999816894533,13.850000381469728,3246.280029296875,1566.199951171875
2020-01-07,7758.9,8207.68,7723.71,8145.28,91171.684661,96.9800033569336,13.789999961853027,3237.179931640625,1571.800048828125
2020-01-08,8145.92,8455.0,7870.0,8055.98,112622.64264,97.3000030517578,13.449999809265137,3253.050048828125,1557.4000244140625
2020-01-09,8054.72,8055.96,7750.0,7817.76,64239.51983,97.4499969482422,12.539999961853027,3274.699951171875,1551.699951171875
2020-01-10,7817.74,8199.0,7672.0,8197.02,82406.777448,97.36000061035156,12.5600004196167,3265.35009765625,1557.5
2020-01-11,8198.86,8286.34,8003.16,8020.01,54810.032667,97.36000061035156,12.5600004196167,3265.35009765625,1557.5
2020-01-12,8020.01,8197.0,7960.0,8184.98,38131.494336,97.36000061035156,12.5600004196167,3265.35009765625,1557.5
2020-01-13,8184.97,8196.0,8055.89,8110.34,31159.755683,97.3499984741211,12.31999969482422,3288.1298828125,1548.4000244140625
2020-01-14,8110.34,8880.0,8105.54,8810.01,120399.126742,97.37000274658205,12.390000343322754,3283.14990234375,1542.4000244140625
2020-01-15,8814.64,8916.48,8564.0,8821.41,84816.297606,97.2300033569336,12.420000076293944,3289.2900390625,1552.0999755859375
2020-01-16,8820.01,8859.81,8586.0,8720.01,51991.074284,97.31999969482422,12.31999969482422,3316.81005859375,1549.0
2020-01-17,8720.15,9041.65,8672.44,8913.28,70897.737377,97.61000061035156,12.100000381469728,3329.6201171875,1558.800048828125
2020-01-18,8913.27,8988.88,8806.38,8915.96,38294.746545,97.61000061035156,12.100000381469728,3329.6201171875,1558.800048828125
2020-01-19,8915.09,9198.98,8466.0,8701.7,70676.889259,97.61000061035156,12.100000381469728,3329.6201171875,1558.800048828125
2020-01-20,8701.72,8746.99,8521.28,8642.35,38896.639746,97.61000061035156,12.100000381469728,3329.6201171875,1558.800048828125
2020-01-21,8642.35,8789.0,8488.0,8736.03,36494.687659,97.52999877929688,12.850000381469728,3320.7900390625,1556.4000244140625
2020-01-22,8736.04,8818.0,8590.0,8682.36,29080.557138,97.52999877929688,12.90999984741211,3321.75,1555.300048828125
2020-01-23,8682.77,8691.81,8306.39,8404.52,48165.944597,97.69000244140624,12.979999542236328,3325.5400390625,1564.5999755859375
2020-01-24,8404.52,8528.02,8238.0,8439.0,41687.529529,97.8499984741211,14.5600004196167,3295.469970703125,1571.0999755859375
2020-01-25,8438.99,8451.26,8254.9,8340.58,25521.157932,97.8499984741211,14.5600004196167,3295.469970703125,1571.0999755859375
2020-01-26,8340.01,8618.13,8293.66,8615.0,31130.485164,97.8499984741211,14.5600004196167,3295.469970703125,1571.0999755859375
2020-01-27,8614.39,9000.0,8535.0,8907.57,53973.542996,97.95999908447266,18.229999542236328,3243.6298828125,1576.800048828125
2020-01-28,8907.57,9400.0,8862.4,9374.21,74584.853765,98.0199966430664,16.280000686645508,3276.239990234375,1569.199951171875
2020-01-29,9375.34,9449.24,9216.0,9301.53,53864.065122,97.98999786376952,16.389999389648438,3273.39990234375,1569.800048828125
2020-01-30,9301.57,9578.0,9204.44,9513.21,60626.744259,97.87000274658205,15.489999771118164,3283.659912109375,1583.5
2020-01-31,9511.52,9530.22,9210.01,9352.89,45552.022352,97.38999938964844,18.84000015258789,3225.52001953125,1582.9000244140625
2020-02-01,9351.71,9464.53,9281.0,9384.61,28578.067354,97.38999938964844,18.84000015258789,3225.52001953125,1582.9000244140625
2020-02-02,9384.41,9477.03,9120.0,9331.51,45690.91254,97.38999938964844,18.84000015258789,3225.52001953125,1582.9000244140625
2020-02-03,9331.59,9618.79,9234.0,9292.24,50892.133451,97.8000030517578,17.969999313354492,3248.919921875,1577.199951171875
2020-02-04,9291.35,9350.0,9093.01,9197.02,53308.175266,97.95999908447266,16.049999237060547,3297.590087890625,1550.4000244140625
2020-02-05,9197.02,9744.45,9177.22,9612.04,64870.415615,98.2699966430664,15.149999618530272,3334.68994140625,1557.800048828125
2020-02-06,9612.03,9862.57,9526.35,9772.0,64949.706588,98.5,14.960000038146973,3345.780029296875,1565.0999755859375
2020-02-07,9772.0,9885.0,9730.0,9813.73,43966.114632,98.68000030517578,15.470000267028809,3327.7099609375,1568.5999755859375
2020-02-08,9813.87,9940.0,9667.11,9895.05,43600.843666,98.68000030517578,15.470000267028809,3327.7099609375,1568.5999755859375
2020-02-09,9895.04,10166.0,9880.75,10151.75,43408.475616,98.68000030517578,15.470000267028809,3327.7099609375,1568.5999755859375
2020-02-10,10151.72,10188.0,9756.0,9851.83,59573.084619,98.83000183105467,15.039999961853027,3352.090087890625,1574.699951171875
2020-02-11,9851.74,10323.59,9700.0,10223.08,62422.395224,98.72000122070312,15.18000030517578,3357.75,1565.5999755859375
2020-02-12,10223.08,10450.0,10223.08,10326.46,61008.06393,99.0500030517578,13.739999771118164,3379.449951171875,1567.4000244140625
2020-02-13,10325.33,10500.0,10080.0,10229.63,79344.358759,99.06999969482422,14.149999618530272,3373.93994140625,1575.0999755859375
2020-02-14,10227.78,10381.56,10111.37,10344.36,47038.480173,99.12000274658205,13.68000030517578,3380.159912109375,1582.699951171875
2020-02-15,10344.36,10375.0,9801.0,9904.72,57657.202947,99.12000274658205,13.68000030517578,3380.159912109375,1582.699951171875
2020-02-16,9904.46,10050.0,9638.12,9917.27,60023.999537,99.12000274658205,13.68000030517578,3380.159912109375,1582.699951171875
2020-02-17,9910.7,9964.16,9452.67,9706.0,70261.011901,99.12000274658205,13.68000030517578,3380.159912109375,1582.699951171875
2020-02-18,9706.0,10250.0,9576.01,10164.71,70604.124019,99.45999908447266,14.829999923706056,3370.2900390625,1600.0
2020-02-19,10164.78,10250.0,9350.0,9593.79,55162.586895,99.5999984741211,14.380000114440918,3386.14990234375,1607.5
2020-02-20,9594.65,9699.0,9400.0,9596.42,60152.342914,99.87000274658205,15.5600004196167,3373.22998046875,1616.5999755859375
2020-02-21,9597.21,9755.51,9550.21,9677.05,42181.554524,99.26000213623048,17.079999923706055,3337.75,1644.5999755859375
2020-02-22,9677.05,9709.17,9560.02,9650.86,24636.757623,99.26000213623048,17.079999923706055,3337.75,1644.5999755859375
2020-02-23,9650.85,9990.0,9645.0,9936.4,37702.089843,99.26000213623048,17.079999923706055,3337.75,1644.5999755859375
2020-02-24,9936.4,9990.0,9473.56,9656.13,55796.59612,99.29000091552734,25.030000686645508,3225.889892578125,1672.4000244140625
2020-02-25,9655.52,9675.0,9250.0,9315.84,54379.344552,98.97000122070312,27.850000381469727,3128.2099609375,1646.9000244140625
2020-02-26,9316.48,9377.44,8633.63,8785.25,92130.345482,99.0,27.559999465942383,3116.389892578125,1640.0
2020-02-27,8786.0,8971.77,8531.0,8823.21,72483.578762,98.44000244140624,39.15999984741211,2978.760009765625,1640.0
2020-02-28,8823.25,8900.0,8445.0,8692.91,71155.208977,98.12999725341795,40.11000061035156,2954.219970703125,1564.0999755859375
2020-02-29,8690.8,8790.0,8523.55,8523.61,36748.183035,98.12999725341795,40.11000061035156,2954.219970703125,1564.0999755859375
2020-03-01,8523.61,8750.0,8411.0,8531.88,43892.201779,98.12999725341795,40.11000061035156,2954.219970703125,1564.0999755859375
2020-03-02,8530.3,8965.75,8498.0,8915.24,60401.31773,97.36000061035156,33.41999816894531,3090.22998046875,1592.300048828125
2020-03-03,8911.18,8919.65,8651.0,8760.07,55154.997282,97.1500015258789,36.81999969482422,3003.3701171875,1642.0999755859375
2020-03-04,8760.07,8848.29,8660.0,8750.87,38696.482578,97.33999633789062,31.989999771118164,3130.1201171875,1641.0999755859375
2020-03-05,8750.99,9159.42,8746.54,9054.68,58201.866355,96.81999969482422,39.619998931884766,3023.93994140625,1666.4000244140625
2020-03-06,9054.64,9170.0,8985.5,9131.88,43782.948044,95.9499969482422,41.93999862670898,2972.3701171875,1670.800048828125
2020-03-07,9130.89,9188.0,8835.0,8886.66,45422.204525,95.9499969482422,41.93999862670898,2972.3701171875,1670.800048828125
2020-03-08,8885.25,8886.76,8000.0,8033.31,77537.315166,95.9499969482422,41.93999862670898,2972.3701171875,1670.800048828125
2020-03-09,8034.76,8179.31,7632.01,7929.87,116968.863268,94.9000015258789,54.459999084472656,2746.56005859375,1674.5
2020-03-10,7929.87,8149.0,7728.01,7894.56,86783.443875,96.41000366210938,47.29999923706055,2882.22998046875,1659.0999755859375
2020-03-11,7894.57,7980.0,7590.0,7934.52,79942.411172,96.51000213623048,53.900001525878906,2741.3798828125,1641.4000244140625
2020-03-12,7934.58,7966.17,4410.0,4800.0,261505.608653,97.47000122070312,75.47000122070312,2480.639892578125,1589.300048828125
2020-03-13,4800.01,5955.0,3782.13,5578.6,402201.673764,98.75,57.83000183105469,2711.02001953125,1515.699951171875
2020-03-14,5576.05,5640.52,5055.13,5172.06,136910.135974,98.75,57.83000183105469,2711.02001953125,1515.699951171875
2020-03-15,5172.48,5940.0,5093.1,5361.3,139916.146534,98.75,57.83000183105469,2711.02001953125,1515.699951171875
2020-03-16,5360.33,5365.42,4442.12,5028.97,227276.92276,98.08999633789062,82.69000244140625,2386.1298828125,1485.9000244140625
2020-03-17,5028.86,5525.0,4921.45,5312.64,150089.926318,99.58000183105467,75.91000366210938,2529.18994140625,1524.9000244140625
2020-03-18,5312.64,5436.17,5009.37,5393.04,137127.634894,101.16000366210938,76.44999694824219,2398.10009765625,1477.300048828125
2020-03-19,5393.26,6400.0,5252.53,6162.37,199020.873439,102.76000213623048,72.0,2409.389892578125,1478.5999755859375
2020-03-20,6162.05,6900.0,5670.0,6208.36,219298.329514,102.81999969482422,66.04000091552734,2304.919921875,1484.0
2020-03-21,6204.57,6456.98,5860.02,6186.98,128913.668363,102.81999969482422,66.04000091552734,2304.919921875,1484.0
2020-03-22,6187.04,6407.87,5734.01,5816.19,119115.990527,102.81999969482422,66.04000091552734,2304.919921875,1484.0
2020-03-23,5816.05,6600.0,5688.0,6467.31,164674.215785,102.48999786376952,61.59000015258789,2237.39990234375,1567.0
2020-03-24,6465.25,6833.0,6371.33,6744.72,151138.009878,101.73999786376952,61.66999816894531,2447.330078125,1660.199951171875
2020-03-25,6744.69,6957.96,6450.0,6677.43,132155.734989,101.0500030517578,63.95000076293945,2475.56005859375,1632.300048828125
2020-03-26,6677.42,6780.0,6510.0,6737.36,83026.555211,99.41999816894533,61.0,2630.070068359375,1650.0999755859375
2020-03-27,6737.27,6842.59,6261.0,6359.11,82914.968354,98.37000274658205,65.54000091552734,2541.469970703125,1623.9000244140625
2020-03-28,6359.11,6360.0,6024.0,6236.65,93159.693429,98.37000274658205,65.54000091552734,2541.469970703125,1623.9000244140625
2020-03-29,6236.65,6266.0,5866.56,5881.42,63311.627714,98.37000274658205,65.54000091552734,2541.469970703125,1623.9000244140625
2020-03-30,5880.5,6599.0,5857.76,6394.38,118889.549992,99.18000030517578,57.08000183105469,2626.64990234375,1622.0
2020-03-31,6394.45,6523.23,6321.4,6410.44,72337.595259,99.0500030517578,53.540000915527344,2584.590087890625,1583.4000244140625
2020-04-01,6412.14,6679.94,6150.11,6642.92,97500.7524,99.66999816894533,57.060001373291016,2470.5,1578.199951171875
2020-04-02,6643.36,7198.0,6551.0,6794.09,149299.906871,100.18000030517578,50.90999984741211,2526.89990234375,1625.699951171875
2020-04-03,6793.86,7048.0,6602.1,6734.1,104080.276939,100.58000183105467,46.79999923706055,2488.64990234375,1633.699951171875
2020-04-04,6732.97,6990.41,6650.01,6856.99,72990.861139,100.58000183105467,46.79999923706055,2488.64990234375,1633.699951171875
2020-04-05,6857.41,6895.54,6677.52,6772.78,49685.356983,100.58000183105467,46.79999923706055,2488.64990234375,1633.699951171875
2020-04-06,6772.78,7355.14,6765.0,7329.9,118052.000832,100.69000244140624,45.2400016784668,2663.679931640625,1677.0
2020-04-07,7329.9,7459.69,7077.0,7197.32,103585.168918,99.9800033569336,46.70000076293945,2659.409912109375,1664.800048828125
2020-04-08,7197.32,7420.0,7150.0,7361.28,76059.145838,100.12000274658205,43.34999847412109,2749.97998046875,1665.4000244140625
2020-04-09,7360.26,7371.92,7108.08,7283.54,61094.872417,99.5199966430664,41.66999816894531,2789.820068359375,1736.199951171875
2020-04-10,7283.54,7295.75,6739.98,6858.92,104674.623375,99.5199966430664,41.66999816894531,2789.820068359375,1736.199951171875
2020-04-11,6858.92,6944.3,6760.0,6876.83,45470.293206,99.5199966430664,41.66999816894531,2789.820068359375,1736.199951171875
2020-04-12,6876.84,7177.0,6780.0,6903.79,73868.666501,99.5199966430664,41.66999816894531,2789.820068359375,1736.199951171875
2020-04-13,6903.79,6903.79,6575.0,6837.91,96415.476573,99.3499984741211,41.16999816894531,2761.6298828125,1744.800048828125
2020-04-14,6838.04,6978.0,6754.28,6868.7,69068.623285,98.88999938964844,37.7599983215332,2846.06005859375,1756.699951171875
2020-04-15,6868.57,6933.0,6605.0,6621.24,61571.384994,99.45999908447266,40.84000015258789,2783.360107421875,1727.199951171875
2020-04-16,6621.25,7190.0,6468.27,7101.94,125009.857539,100.02999877929688,40.11000061035156,2799.550048828125,1720.4000244140625
2020-04-17,7101.99,7148.12,6972.98,7027.55,54126.509763,99.77999877929688,38.150001525878906,2874.56005859375,1689.199951171875
2020-04-18,7026.78,7293.08,7014.4,7248.6,49488.542819,99.77999877929688,38.150001525878906,2874.56005859375,1689.199951171875
2020-04-19,7248.6,7266.15,7055.6,7120.74,45664.86393,99.77999877929688,38.150001525878906,2874.56005859375,1689.199951171875
2020-04-20,7121.4,7220.0,6751.0,6826.83,90149.49137,99.95999908447266,43.83000183105469,2823.159912109375,1701.5999755859375
2020-04-21,6828.98,6940.0,6762.0,6841.37,60109.710808,100.26000213623048,45.40999984741211,2736.56005859375,1678.199951171875
2020-04-22,6841.36,7156.38,6818.0,7125.14,61486.377334,100.38999938964844,41.97999954223633,2799.31005859375,1728.699951171875
2020-04-23,7125.12,7738.0,7020.0,7482.39,102773.569561,100.43000030517578,41.380001068115234,2797.800048828125,1733.300048828125
2020-04-24,7483.96,7615.96,7388.0,7505.0,60182.119939,100.37999725341795,35.93000030517578,2836.739990234375,1723.5
2020-04-25,7505.0,7705.0,7431.07,7538.67,43874.427726,100.37999725341795,35.93000030517578,2836.739990234375,1723.5
2020-04-26,7539.03,7700.0,7480.0,7693.1,50522.616209,100.37999725341795,35.93000030517578,2836.739990234375,1723.5
2020-04-27,7693.1,7792.02,7606.0,7774.62,65441.339576,100.04000091552734,33.290000915527344,2878.47998046875,1711.9000244140625
2020-04-28,7773.51,7780.0,7659.12,7738.98,46302.752638,99.87000274658205,33.56999969482422,2863.389892578125,1710.5
2020-04-29,7738.58,8952.89,7710.05,8778.57,183546.887514,99.56999969482422,31.229999542236328,2939.510009765625,1703.4000244140625
2020-04-30,8778.58,9460.0,8401.0,8620.0,206277.214124,99.0199966430664,34.150001525878906,2912.429931640625,1684.199951171875
2020-05-01,8620.0,9059.18,8613.56,8826.96,91468.815059,98.8000030517578,37.18999862670898,2830.7099609375,1694.5
2020-05-02,8825.67,9010.0,8753.0,8972.05,59002.08755,98.8000030517578,37.18999862670898,2830.7099609375,1694.5
2020-05-03,8972.58,9200.0,8712.0,8894.16,90126.065643,98.8000030517578,37.18999862670898,2830.7099609375,1694.5
2020-05-04,8894.15,8950.0,8522.0,8871.96,84418.512331,99.4800033569336,35.970001220703125,2842.739990234375,1706.9000244140625
2020-05-05,8871.92,9118.58,8760.0,9021.83,76480.765342,99.70999908447266,33.61000061035156,2868.43994140625,1704.4000244140625
2020-05-06,9021.36,9395.0,8906.21,9142.92,105925.30242,100.08999633789062,34.119998931884766,2848.419921875,1684.199951171875
2020-05-07,9143.4,10067.0,9021.0,9986.4,147154.611378,99.88999938964844,31.440000534057617,2881.18994140625,1721.800048828125
2020-05-08,9986.3,10035.96,9705.0,9800.01,100683.7964,99.7300033569336,27.979999542236328,2929.800048828125,1709.9000244140625
2020-05-09,9800.02,9914.25,9520.0,9539.4,81950.679567,99.7300033569336,27.979999542236328,2929.800048828125,1709.9000244140625
2020-05-10,9539.1,9574.83,8117.0,8722.77,183865.182028,99.7300033569336,27.979999542236328,2929.800048828125,1709.9000244140625
2020-05-11,8722.77,9168.0,8200.0,8561.52,168807.251832,100.23999786376952,27.56999969482422,2930.18994140625,1695.300048828125
2020-05-12,8562.04,8978.26,8528.78,8810.79,86522.780066,99.93000030517578,33.040000915527344,2870.1201171875,1704.4000244140625
2020-05-13,8810.99,9398.0,8792.99,9309.37,92466.274018,100.23999786376952,35.279998779296875,2820.0,1713.9000244140625
2020-05-14,9309.35,9939.0,9256.76,9791.98,129565.37747,100.47000122070312,32.61000061035156,2852.5,1738.0999755859375
2020-05-15,9791.97,9845.62,9150.0,9316.42,115890.761516,100.4000015258789,31.88999938964844,2863.699951171875,1753.4000244140625
2020-05-16,9315.96,9588.0,9220.0,9381.27,59587.627862,100.4000015258789,31.88999938964844,2863.699951171875,1753.4000244140625
2020-05-17,9380.81,9888.0,9322.1,9680.04,68647.764323,100.4000015258789,31.88999938964844,2863.699951171875,1753.4000244140625
2020-05-18,9681.11,9950.0,9464.23,9733.93,82006.603583,99.66999816894533,29.299999237060547,2953.909912109375,1731.800048828125
2020-05-19,9733.93,9897.21,9474.0,9775.53,78539.760454,99.37000274658205,30.530000686645508,2922.93994140625,1744.199951171875
2020-05-20,9775.13,9842.0,9326.0,9511.43,74923.73809,99.12000274658205,27.989999771118164,2971.610107421875,1750.5999755859375
2020-05-21,9511.43,9578.47,8815.0,9068.65,108928.780969,99.37000274658205,29.530000686645508,2948.510009765625,1720.5
2020-05-22,9067.51,9271.0,8933.52,9170.0,58943.131024,99.86000061035156,28.15999984741211,2955.449951171875,1734.5999755859375
2020-05-23,9170.0,9307.85,9070.0,9179.15,43526.296966,99.86000061035156,28.15999984741211,2955.449951171875,1734.5999755859375
2020-05-24,9179.01,9298.0,8700.0,8720.34,70379.86645,99.86000061035156,28.15999984741211,2955.449951171875,1734.5999755859375
2020-05-25,8718.14,8979.66,8642.72,8900.35,62833.910949,99.86000061035156,28.15999984741211,2955.449951171875,1734.5999755859375
2020-05-26,8900.35,9017.67,8700.0,8841.18,58299.770138,98.91000366210938,28.01000022888184,2991.77001953125,1704.800048828125
2020-05-27,8841.0,9225.0,8811.73,9204.07,68910.355514,99.05999755859376,27.6200008392334,3036.1298828125,1710.300048828125
2020-05-28,9204.07,9625.47,9110.0,9575.89,74110.787662,98.37999725341795,28.59000015258789,3029.72998046875,1713.300048828125
2020-05-29,9575.87,9605.26,9330.0,9427.07,57374.362961,98.33999633789062,27.51000022888184,3044.31005859375,1736.9000244140625
2020-05-30,9426.6,9740.0,9331.23,9697.72,55665.27254,98.33999633789062,27.51000022888184,3044.31005859375,1736.9000244140625
2020-05-31,9697.72,9700.0,9381.41,9448.27,48333.786403,98.33999633789062,27.51000022888184,3044.31005859375,1736.9000244140625
2020-06-01,9448.27,10380.0,9421.67,10200.77,76649.12696,97.83000183105467,28.229999542236328,3055.72998046875,1737.800048828125
2020-06-02,10202.71,10228.99,9266.0,9518.04,108970.773151,97.66999816894533,26.84000015258789,3080.820068359375,1725.199951171875
2020-06-03,9518.02,9690.0,9365.21,9666.24,46252.644939,97.27999877929688,25.65999984741211,3122.8701171875,1697.800048828125
2020-06-04,9666.32,9881.63,9450.0,9789.06,57456.100969,96.68000030517578,25.809999465942383,3112.35009765625,1718.9000244140625
2020-06-05,9788.14,9854.75,9581.0,9621.16,47788.05005,96.94000244140624,24.520000457763672,3193.929931640625,1676.199951171875
2020-06-06,9621.17,9735.0,9531.05,9666.3,32752.950893,96.94000244140624,24.520000457763672,3193.929931640625,1676.199951171875
2020-06-07,9666.85,9802.0,9372.46,9746.99,57952.848385,96.94000244140624,24.520000457763672,3193.929931640625,1676.199951171875
2020-06-08,9746.99,9800.0,9633.0,9782.01,40664.664125,96.62000274658205,25.809999465942383,3232.389892578125,1698.300048828125
2020-06-09,9782.0,9877.0,9570.0,9772.43,46024.001289,96.31999969482422,27.56999969482422,3207.179931640625,1714.699951171875
2020-06-10,9772.44,9992.72,9704.18,9885.0,47130.762982,95.95999908447266,27.56999969482422,3190.139892578125,1713.300048828125
2020-06-11,9885.22,9964.0,9113.0,9280.4,94418.98473,96.7300033569336,40.790000915527344,3002.10009765625,1732.0
2020-06-12,9278.88,9557.12,9232.51,9465.13,50119.066932,97.31999969482422,36.09000015258789,3041.31005859375,1729.300048828125
2020-06-13,9464.96,9494.73,9351.0,9473.34,27759.784851,97.31999969482422,36.09000015258789,3041.31005859375,1729.300048828125
2020-06-14,9473.34,9480.99,9245.0,9342.1,30055.506608,97.31999969482422,36.09000015258789,3041.31005859375,1729.300048828125
2020-06-15,9342.1,9495.0,8910.45,9426.02,86107.924707,96.68000030517578,34.400001525878906,3066.590087890625,1720.300048828125
2020-06-16,9426.05,9589.0,9373.09,9525.59,52052.446927,96.95999908447266,33.66999816894531,3124.739990234375,1729.5999755859375
2020-06-17,9526.97,9565.0,9236.61,9465.14,48046.411152,97.16000366210938,33.470001220703125,3113.489990234375,1729.199951171875
2020-06-18,9465.13,9489.0,9280.0,9386.32,37381.953765,97.41999816894533,32.939998626708984,3115.340087890625,1724.800048828125
2020-06-19,9386.32,9438.3,9215.79,9310.23,45330.983673,97.62000274658205,35.119998931884766,3097.739990234375,1745.9000244140625
2020-06-20,9310.23,9395.0,9170.95,9358.95,30329.065384,97.62000274658205,35.119998931884766,3097.739990234375,1745.9000244140625
2020-06-21,9358.95,9422.0,9281.54,9294.69,24316.926234,97.62000274658205,35.119998931884766,3097.739990234375,1745.9000244140625
2020-06-22,9294.69,9780.0,9277.09,9685.69,57895.468343,97.04000091552734,31.770000457763672,3117.860107421875,1756.699951171875
2020-06-23,9685.69,9720.0,9577.03,9624.89,41031.02938,96.69000244140624,31.3700008392334,3131.2900390625,1772.0999755859375
2020-06-24,9624.33,9670.0,9208.0,9296.49,61571.561464,97.1500015258789,33.84000015258789,3050.330078125,1765.800048828125
2020-06-25,9298.33,9340.0,9009.69,9249.49,55831.619156,97.43000030517578,32.220001220703125,3083.760009765625,1762.0999755859375
2020-06-26,9249.49,9298.0,9045.45,9162.21,50292.298277,97.5,34.72999954223633,3009.050048828125,1772.5
2020-06-27,9162.21,9196.24,8833.0,9012.0,46290.930113,97.5,34.72999954223633,3009.050048828125,1772.5
2020-06-28,9012.0,9191.0,8948.06,9116.35,30688.176421,97.5,34.72999954223633,3009.050048828125,1772.5
2020-06-29,9116.16,9238.0,9024.67,9192.56,42120.293261,97.54000091552734,31.780000686645508,3053.239990234375,1774.800048828125
2020-06-30,9192.93,9205.0,9064.89,9138.55,31463.162801,97.38999938964844,30.43000030517578,3100.2900390625,1793.0
2020-07-01,9138.08,9292.0,9080.1,9232.0,38488.528699,97.1999969482422,28.6200008392334,3115.860107421875,1773.199951171875
2020-07-02,9231.99,9261.96,8940.0,9086.54,45725.168076,97.31999969482422,27.68000030517578,3130.010009765625,1784.0
2020-07-03,9086.54,9125.0,9037.47,9058.26,28943.420177,97.31999969482422,27.68000030517578,3130.010009765625,1784.0
2020-07-04,9057.79,9190.0,9040.04,9135.46,26441.968484,97.31999969482422,27.68000030517578,3130.010009765625,1784.0
2020-07-05,9135.0,9145.24,8893.03,9069.41,34073.653627,97.31999969482422,27.68000030517578,3130.010009765625,1784.0
2020-07-06,9069.41,9375.0,9055.92,9344.2,54463.132277,96.79000091552734,27.940000534057617,3179.719970703125,1788.5
2020-07-07,9342.47,9379.42,9203.0,9257.39,34587.336678,96.87999725341795,29.43000030517578,3145.320068359375,1804.199951171875
2020-07-08,9257.4,9470.0,9231.0,9436.06,56140.517781,96.43000030517578,28.07999992370605,3169.93994140625,1815.5
2020-07-09,9436.06,9440.79,9160.0,9232.43,48044.450645,96.6999969482422,29.26000022888184,3152.050048828125,1799.199951171875
2020-07-10,9232.42,9317.48,9125.0,9288.34,38295.494006,96.6500015258789,27.290000915527344,3185.0400390625,1798.199951171875
2020-07-11,9288.34,9299.28,9178.25,9234.03,22561.366,96.6500015258789,27.290000915527344,3185.0400390625,1798.199951171875
2020-07-12,9234.02,9345.0,9157.5,9302.75,30872.702286,96.6500015258789,27.290000915527344,3185.0400390625,1798.199951171875
2020-07-13,9303.31,9343.82,9200.89,9242.62,42740.069115,96.45999908447266,32.189998626708984,3155.219970703125,1811.0
2020-07-14,9242.61,9279.54,9113.0,9255.85,45772.552509,96.26000213623048,29.520000457763672,3197.52001953125,1810.5999755859373
2020-07-15,9255.85,9276.49,9160.57,9197.6,39053.579665,96.08000183105467,27.76000022888184,3226.56005859375,1811.4000244140625
2020-07-16,9197.6,9226.15,9047.25,9133.72,43375.571191,96.3499984741211,28.0,3215.570068359375,1798.699951171875
2020-07-17,9133.72,9186.83,9089.81,9154.32,28054.358741,95.94000244140624,25.68000030517578,3224.72998046875,1808.300048828125
2020-07-18,9154.31,9219.3,9121.1,9170.28,22554.541457,95.94000244140624,25.68000030517578,3224.72998046875,1808.300048828125
2020-07-19,9170.3,9232.27,9101.35,9208.99,26052.019417,95.94000244140624,25.68000030517578,3224.72998046875,1808.300048828125
2020-07-20,9208.99,9221.52,9131.0,9160.78,35458.764082,95.83000183105467,24.459999084472656,3251.840087890625,1815.9000244140625
2020-07-21,9160.78,9437.73,9152.8,9390.0,60413.582486,95.12000274658205,24.84000015258789,3257.300048828125,1842.4000244140625
2020-07-22,9390.0,9544.0,9261.0,9518.16,48815.004107,94.97000122070312,24.31999969482422,3276.02001953125,1864.0999755859373
2020-07-23,9518.16,9664.0,9440.33,9603.27,51856.2335,94.69000244140624,26.07999992370605,3235.659912109375,1889.0999755859373
2020-07-24,9603.27,9637.0,9463.44,9537.8,43931.136205,94.44000244140624,25.84000015258789,3215.6298828125,1897.300048828125
2020-07-25,9538.1,9732.9,9513.0,9700.42,40679.545416,94.44000244140624,25.84000015258789,3215.6298828125,1897.300048828125
2020-07-26,9700.42,10111.0,9650.0,9931.54,65279.269319,94.44000244140624,25.84000015258789,3215.6298828125,1897.300048828125
2020-07-27,9931.54,11394.86,9917.21,11029.96,150188.933144,93.66999816894533,24.739999771118164,3239.409912109375,1931.0
2020-07-28,11029.96,11242.23,10565.0,10906.27,97267.734187,93.76000213623048,25.440000534057617,3218.43994140625,1944.699951171875
2020-07-29,10906.27,11342.82,10812.0,11100.53,76838.094233,93.26000213623048,24.100000381469727,3258.43994140625,1953.5
2020-07-30,11100.52,11170.0,10831.0,11099.61,60794.826456,93.0199966430664,24.76000022888184,3246.219970703125,1942.300048828125
2020-07-31,11099.79,11444.0,10960.0,11335.46,70063.660974,93.48999786376952,24.459999084472656,3271.1201171875,1962.800048828125
2020-08-01,11335.46,11861.0,11220.0,11801.17,85087.485126,93.48999786376952,24.459999084472656,3271.1201171875,1962.800048828125
2020-08-02,11801.17,12123.46,10518.5,11071.35,97553.077604,93.48999786376952,24.459999084472656,3271.1201171875,1962.800048828125
2020-08-03,11071.36,11473.0,10936.0,11219.81,56931.841475,93.5,24.280000686645508,3294.610107421875,1966.0
2020-08-04,11219.68,11414.98,11000.0,11191.97,58629.113709,93.37999725341795,23.76000022888184,3306.510009765625,2001.199951171875
2020-08-05,11191.99,11780.93,11093.0,11744.91,74970.256852,92.83000183105467,22.989999771118164,3327.77001953125,2031.0999755859373
2020-08-06,11744.91,11900.0,11562.5,11762.46,63529.08502,92.79000091552734,22.649999618530277,3349.159912109375,2051.5
2020-08-07,11762.47,11909.94,11322.0,11594.23,65755.926022,93.44000244140624,22.209999084472656,3351.280029296875,2010.0999755859373
2020-08-08,11594.36,11808.27,11512.0,11761.41,41858.16104,93.44000244140624,22.209999084472656,3351.280029296875,2010.0999755859373
2020-08-09,11761.02,11797.11,11521.97,11681.68,41493.067342,93.44000244140624,22.209999084472656,3351.280029296875,2010.0999755859373
2020-08-10,11681.69,12067.35,11450.0,11892.92,84952.337887,93.58000183105467,22.1299991607666,3360.469970703125,2024.4000244140625
2020-08-11,11892.9,11935.0,11125.0,11392.08,90748.284634,93.62999725341795,24.030000686645508,3333.68994140625,1932.5999755859373
2020-08-12,11392.09,11617.52,11150.0,11564.33,64909.613644,93.44000244140624,22.280000686645508,3380.35009765625,1934.9000244140625
2020-08-13,11564.34,11792.96,11270.36,11780.0,70132.491502,93.33999633789062,22.1299991607666,3373.429931640625,1956.699951171875
2020-08-14,11779.77,11850.0,11634.03,11760.54,59818.852697,93.0999984741211,22.049999237060547,3372.85009765625,1937.0
2020-08-15,11760.55,11980.0,11680.0,11852.4,56237.90505,93.0999984741211,22.049999237060547,3372.85009765625,1937.0
2020-08-16,11852.4,11931.72,11686.0,11911.0,41368.236906,93.0999984741211,22.049999237060547,3372.85009765625,1937.0
2020-08-17,11910.99,12468.0,11769.78,12281.13,84734.21154,92.8499984741211,21.350000381469727,3381.989990234375,1985.0
2020-08-18,12281.15,12387.77,11817.93,11945.01,75923.835527,92.2699966430664,21.51000022888184,3389.780029296875,1999.4000244140625
2020-08-19,11945.1,12020.08,11561.0,11754.59,73940.169606,92.88999938964844,22.540000915527344,3374.85009765625,1958.699951171875
2020-08-20,11754.38,11888.0,11668.0,11853.55,46085.254351,92.79000091552734,22.71999931335449,3385.510009765625,1933.800048828125
2020-08-21,11853.54,11878.0,11485.81,11531.34,64448.306142,93.25,22.540000915527344,3397.159912109375,1934.5999755859373
2020-08-22,11531.23,11686.0,11376.81,11662.96,43678.701646,93.25,22.540000915527344,3397.159912109375,1934.5999755859373
2020-08-23,11663.51,11718.07,11514.13,11648.13,37900.00469,93.25,22.540000915527344,3397.159912109375,1934.5999755859373
2020-08-24,11648.12,11824.9,11585.09,11748.2,46212.391867,93.3000030517578,22.3700008392334,3431.280029296875,1927.699951171875
2020-08-25,11748.19,11767.85,11117.64,11318.42,69590.923272,93.0199966430664,22.030000686645508,3443.6201171875,1911.800048828125
2020-08-26,11318.42,11539.32,11244.0,11461.43,53998.231231,93.01000213623048,23.270000457763672,3478.72998046875,1940.699951171875
2020-08-27,11461.42,11592.2,11125.0,11330.38,63246.036383,93.01000213623048,24.46999931335449,3484.550048828125,1921.5999755859373
2020-08-28,11330.38,11542.65,11276.89,11526.91,45953.908365,92.37000274658205,22.959999084472656,3508.010009765625,1964.5999755859373
2020-08-29,11526.9,11580.02,11417.04,11465.84,32973.7992,92.37000274658205,22.959999084472656,3508.010009765625,1964.5999755859373
2020-08-30,11465.84,11719.0,11458.0,11711.16,43177.879054,92.37000274658205,22.959999084472656,3508.010009765625,1964.5999755859373
2020-08-31,11711.17,11800.77,11570.0,11649.51,55353.617744,92.13999938964844,26.40999984741211,3500.31005859375,1967.5999755859373
2020-09-01,11649.51,12050.85,11515.0,11921.97,78148.193668,92.33999633789062,26.1200008392334,3526.64990234375,1968.199951171875
2020-09-02,11921.97,11954.57,11160.1,11388.54,87221.845602,92.8499984741211,26.56999969482422,3580.840087890625,1934.4000244140625
2020-09-03,11388.54,11462.6,9960.8,10140.85,121950.106015,92.73999786376952,33.599998474121094,3455.06005859375,1927.5999755859373
2020-09-04,10138.29,10627.05,9875.5,10446.25,92733.599113,92.72000122070312,30.75,3426.9599609375,1923.9000244140625
2020-09-05,10446.25,10565.68,9825.0,10166.69,90001.605568,92.72000122070312,30.75,3426.9599609375,1923.9000244140625
2020-09-06,10166.69,10347.14,9994.86,10256.2,56368.788815,92.72000122070312,30.75,3426.9599609375,1923.9000244140625
2020-09-07,10255.89,10410.75,9875.0,10373.44,62620.230676,92.72000122070312,30.75,3426.9599609375,1923.9000244140625
2020-09-08,10373.45,10438.0,9850.0,10126.65,73491.878418,93.4800033569336,31.459999084472656,3331.840087890625,1933.0
2020-09-09,10126.66,10343.0,9981.01,10219.2,49347.113776,93.26000213623048,28.809999465942383,3398.9599609375,1944.699951171875
2020-09-10,10219.29,10483.35,10070.83,10336.87,58253.75375,93.33999633789062,29.709999084472656,3339.18994140625,1954.199951171875
2020-09-11,10336.86,10397.6,10200.0,10387.89,43830.254467,93.33000183105467,26.8700008392334,3340.969970703125,1937.800048828125
2020-09-12,10387.89,10477.97,10269.25,10440.92,35379.153096,93.33000183105467,26.8700008392334,3340.969970703125,1937.800048828125
2020-09-13,10440.67,10580.11,10200.0,10332.83,43837.609865,93.33000183105467,26.8700008392334,3340.969970703125,1937.800048828125
2020-09-14,10332.84,10750.0,10212.34,10671.77,67059.291361,93.06999969482422,25.850000381469727,3383.5400390625,1953.0999755859373
2020-09-15,10671.77,10930.04,10606.48,10785.31,61822.452786,93.0500030517578,25.59000015258789,3401.199951171875,1956.300048828125
2020-09-16,10785.23,11093.0,10661.22,10954.01,64991.51244,93.20999908447266,26.040000915527344,3385.489990234375,1960.199951171875
2020-09-17,10954.01,11045.46,10745.83,10939.99,55601.614529,92.97000122070312,26.459999084472656,3357.010009765625,1940.0
2020-09-18,10940.0,11038.03,10812.84,10933.39,47266.728275,92.93000030517578,25.82999992370605,3319.469970703125,1952.0999755859373
2020-09-19,10933.4,11179.79,10887.37,11080.65,38440.036858,92.93000030517578,25.82999992370605,3319.469970703125,1952.0999755859373
2020-09-20,11080.64,11080.64,10723.0,10920.28,39157.922565,92.93000030517578,25.82999992370605,3319.469970703125,1952.0999755859373
2020-09-21,10920.28,10988.86,10296.35,10417.22,70683.431179,93.54000091552734,27.780000686645508,3281.06005859375,1901.199951171875
2020-09-22,10417.22,10572.71,10353.0,10529.61,43991.235476,93.98999786376952,26.86000061035156,3315.570068359375,1898.5999755859373
2020-09-23,10529.61,10537.15,10136.82,10241.46,51876.568079,94.38999938964844,28.57999992370605,3236.919921875,1859.9000244140625
2020-09-24,10241.46,10795.24,10190.93,10736.32,57676.619427,94.3499984741211,28.51000022888184,3246.590087890625,1868.300048828125
2020-09-25,10736.33,10760.53,10556.24,10686.67,48101.117008,94.58000183105467,26.3799991607666,3298.4599609375,1857.699951171875
2020-09-26,10686.57,10820.94,10644.68,10728.6,28420.836659,94.58000183105467,26.3799991607666,3298.4599609375,1857.699951171875
2020-09-27,10728.59,10799.0,10594.82,10774.25,30549.483253,94.58000183105467,26.3799991607666,3298.4599609375,1857.699951171875
2020-09-28,10774.26,10950.0,10626.0,10696.12,50095.251734,94.26000213623048,26.190000534057617,3351.60009765625,1872.800048828125
2020-09-29,10696.11,10867.54,10635.87,10840.48,41874.898399,93.88999938964844,26.270000457763672,3335.469970703125,1894.300048828125
2020-09-30,10840.58,10849.34,10665.13,10776.59,39596.027322,93.88999938964844,26.3700008392334,3363.0,1887.5
2020-10-01,10776.59,10920.0,10437.0,10619.13,60866.332893,93.70999908447266,26.700000762939453,3380.800048828125,1908.4000244140625
2020-10-02,10619.13,10664.64,10374.0,10570.4,50130.393705,93.83999633789062,27.6299991607666,3348.419921875,1900.199951171875
2020-10-03,10570.4,10603.56,10496.46,10542.06,22298.221341,93.83999633789062,27.6299991607666,3348.419921875,1900.199951171875
2020-10-04,10542.07,10696.87,10517.87,10666.63,23212.001595,93.83999633789062,27.6299991607666,3348.419921875,1900.199951171875
2020-10-05,10666.62,10798.0,10615.64,10792.21,34025.761653,93.51000213623048,27.959999084472656,3408.60009765625,1912.5
2020-10-06,10792.2,10800.0,10525.0,10599.66,48674.740471,93.83000183105467,29.479999542236328,3360.969970703125,1901.0999755859373
2020-10-07,10599.65,10681.87,10546.17,10666.39,32811.990279,93.62999725341795,28.059999465942383,3419.43994140625,1883.5999755859373
2020-10-08,10666.4,10950.0,10530.41,10925.57,51959.691572,93.61000061035156,26.36000061035156,3446.830078125,1888.5999755859373
2020-10-09,10925.44,11104.64,10829.0,11050.64,48240.073237,93.05999755859376,25.0,3477.139892578125,1919.5
2020-10-10,11050.64,11491.0,11050.51,11293.22,43648.036943,93.05999755859376,25.0,3477.139892578125,1919.5
2020-10-11,11293.22,11445.0,11221.0,11369.02,29043.851339,93.05999755859376,25.0,3477.139892578125,1919.5
2020-10-12,11369.02,11720.01,11172.0,11528.25,52825.28371,93.06999969482422,25.06999969482422,3534.219970703125,1922.5
2020-10-13,11528.24,11557.0,11300.0,11420.56,42205.283709,93.52999877929688,26.06999969482422,3511.929931640625,1888.5
2020-10-14,11420.57,11547.98,11280.0,11417.89,41415.106015,93.37999725341795,26.399999618530277,3488.669921875,1901.300048828125
2020-10-15,11417.89,11617.34,11250.83,11505.12,48760.717679,93.86000061035156,26.96999931335449,3483.340087890625,1903.199951171875
2020-10-16,11505.13,11541.15,11200.0,11319.32,48797.749502,93.68000030517578,27.40999984741211,3483.81005859375,1900.800048828125
2020-10-17,11319.24,11402.42,11255.0,11360.2,22368.915241,93.68000030517578,27.40999984741211,3483.81005859375,1900.800048828125
2020-10-18,11360.31,11505.0,11346.22,11503.14,23284.041191,93.68000030517578,27.40999984741211,3483.81005859375,1900.800048828125
2020-10-19,11503.14,11823.99,11407.96,11751.47,47414.534692,93.43000030517578,29.18000030517578,3426.919921875,1906.4000244140625
2020-10-20,11751.46,12038.38,11677.59,11909.99,62134.750663,93.06999969482422,29.350000381469727,3443.1201171875,1910.4000244140625
2020-10-21,11910.0,13217.68,11886.95,12780.96,114584.456767,92.61000061035156,28.649999618530277,3435.56005859375,1924.5999755859373
2020-10-22,12780.75,13185.0,12678.08,12968.52,70038.824144,92.9499969482422,28.11000061035156,3453.489990234375,1901.0999755859373
2020-10-23,12968.84,13027.69,12720.08,12923.07,50386.999841,92.7699966430664,27.549999237060547,3465.389892578125,1902.0
2020-10-24,12923.06,13166.73,12870.0,13111.73,35952.20907,92.7699966430664,27.549999237060547,3465.389892578125,1902.0
2020-10-25,13111.73,13350.0,12888.0,13028.83,38481.579504,92.7699966430664,27.549999237060547,3465.389892578125,1902.0
2020-10-26,13029.64,13238.81,12765.0,13052.19,60951.672986,93.0500030517578,32.459999084472656,3400.969970703125,1902.699951171875
2020-10-27,13052.15,13789.29,13019.87,13636.17,80811.01945,92.94000244140624,33.349998474121094,3390.679931640625,1908.800048828125
2020-10-28,13636.16,13859.48,12888.0,13266.4,94440.561226,93.41000366210938,40.27999877929688,3271.030029296875,1876.199951171875
2020-10-29,13266.4,13642.91,12920.77,13455.7,74872.602132,93.95999908447266,37.59000015258789,3310.110107421875,1865.5999755859373
2020-10-30,13455.69,13669.98,13115.0,13560.1,70657.778881,94.04000091552734,38.02000045776367,3269.9599609375,1877.4000244140625
2020-10-31,13560.1,14100.0,13411.5,13791.0,67339.238515,94.04000091552734,38.02000045776367,3269.9599609375,1877.4000244140625
2020-11-01,13791.0,13895.0,13603.0,13761.5,36285.648526,94.04000091552734,38.02000045776367,3269.9599609375,1877.4000244140625
2020-11-02,13761.49,13830.0,13195.05,13549.37,64566.421908,94.0500030517578,37.130001068115234,3310.239990234375,1890.4000244140625
2020-11-03,13549.63,14066.11,13284.99,14023.53,74115.630787,93.5500030517578,35.54999923706055,3369.159912109375,1908.5
2020-11-04,14023.53,14259.0,13525.0,14144.01,93016.988262,93.41000366210938,29.56999969482422,3443.43994140625,1894.5999755859373
2020-11-05,14144.01,15750.0,14093.56,15590.02,143741.522673,92.52999877929688,27.57999992370605,3510.449951171875,1945.300048828125
2020-11-06,15590.02,15960.0,15166.0,15579.92,122618.197695,92.2300033569336,24.86000061035156,3509.43994140625,1950.300048828125
2020-11-07,15579.93,15753.52,14344.22,14818.3,101431.206553,92.2300033569336,24.86000061035156,3509.43994140625,1950.300048828125
2020-11-08,14818.3,15650.0,14703.88,15475.1,65547.178574,92.2300033569336,24.86000061035156,3509.43994140625,1950.300048828125
2020-11-09,15475.1,15840.0,14805.54,15328.41,108976.334134,92.7300033569336,25.75,3550.5,1853.199951171875
2020-11-10,15328.41,15460.0,15072.46,15297.21,61681.919606,92.75,24.799999237060547,3545.530029296875,1875.4000244140625
2020-11-11,15297.21,15965.0,15272.68,15684.24,78469.746458,93.04000091552734,23.450000762939453,3572.659912109375,1860.699951171875
2020-11-12,15684.25,16340.7,15440.64,16291.86,102196.356592,92.95999908447266,25.350000381469727,3537.010009765625,1872.5999755859373
2020-11-13,16291.85,16480.0,15952.35,16320.7,75691.881014,92.76000213623048,23.100000381469727,3585.14990234375,1885.699951171875
2020-11-14,16320.04,16326.99,15670.0,16070.45,59116.347179,92.76000213623048,23.100000381469727,3585.14990234375,1885.699951171875
2020-11-15,16069.56,16180.0,15774.72,15957.0,43596.841513,92.76000213623048,23.100000381469727,3585.14990234375,1885.699951171875
2020-11-16,15957.0,16880.0,15864.0,16713.57,81300.675924,92.56999969482422,22.450000762939453,3626.909912109375,1887.300048828125
2020-11-17,16713.08,17858.82,16538.0,17659.38,115221.403102,92.41999816894533,22.709999084472656,3609.530029296875,1884.5
2020-11-18,17659.38,18476.93,17214.45,17776.12,149019.788134,92.31999969482422,23.84000015258789,3567.7900390625,1873.5
2020-11-19,17777.75,18179.8,17335.65,17802.82,93009.561008,92.29000091552734,23.11000061035156,3581.8701171875,1861.0999755859373
2020-11-20,17802.81,18815.22,17740.04,18655.67,88423.018489,92.38999938964844,23.700000762939453,3557.5400390625,1872.5999755859373
2020-11-21,18655.66,18965.9,18308.58,18703.8,75577.458394,92.38999938964844,23.700000762939453,3557.5400390625,1872.5999755859373
2020-11-22,18703.8,18750.0,17610.86,18414.43,81645.737778,92.38999938964844,23.700000762939453,3557.5400390625,1872.5999755859373
2020-11-23,18413.88,18766.0,18000.0,18368.0,82961.506093,92.51000213623048,22.65999984741211,3577.590087890625,1837.800048828125
2020-11-24,18368.01,19418.97,18018.0,19160.01,113581.509241,92.2300033569336,21.63999938964844,3635.409912109375,1804.800048828125
2020-11-25,19160.0,19484.21,18500.27,18719.11,93266.576887,91.98999786376952,21.25,3629.64990234375,1805.699951171875
2020-11-26,18718.83,18915.03,16188.0,17149.47,181005.246693,91.98999786376952,21.25,3629.64990234375,1805.699951171875
2020-11-27,17149.47,17457.62,16438.08,17139.52,85297.024787,91.79000091552734,20.84000015258789,3638.35009765625,1781.9000244140625
2020-11-28,17139.53,17880.49,16865.56,17719.85,64910.69997,91.79000091552734,20.84000015258789,3638.35009765625,1781.9000244140625
2020-11-29,17719.84,18360.05,17517.0,18184.99,55329.016303,91.79000091552734,20.84000015258789,3638.35009765625,1781.9000244140625
2020-11-30,18185.0,19863.16,18184.99,19695.87,115463.466888,91.87000274658205,20.56999969482422,3621.6298828125,1775.699951171875
2020-12-01,19695.87,19888.0,18001.12,18764.96,127698.762652,91.30999755859376,20.770000457763672,3662.449951171875,1814.0999755859373
2020-12-02,18764.96,19342.0,18330.0,19204.09,75911.013478,91.12000274658205,21.170000076293945,3669.010009765625,1825.699951171875
2020-12-03,19204.08,19598.0,18867.2,19421.9,66689.391279,90.70999908447266,21.280000686645508,3666.719970703125,1836.800048828125
2020-12-04,19422.34,19527.0,18565.31,18650.52,71283.6682,90.6999969482422,20.790000915527344,3699.1201171875,1835.9000244140625
2020-12-05,18650.51,19177.0,18500.0,19147.66,42922.748573,90.6999969482422,20.790000915527344,3699.1201171875,1835.9000244140625
2020-12-06,19147.66,19420.0,18857.0,19359.4,37043.091861,90.6999969482422,20.790000915527344,3699.1201171875,1835.9000244140625
2020-12-07,19358.67,19420.91,18902.88,19166.9,41372.296293,90.79000091552734,21.299999237060547,3691.9599609375,1861.800048828125
2020-12-08,19166.9,19294.84,18200.0,18324.11,61626.947614,90.97000122070312,20.68000030517578,3702.25,1870.800048828125
2020-12-09,18324.11,18639.57,17650.0,18541.28,79585.553801,91.08999633789062,22.270000457763672,3672.820068359375,1834.5999755859373
2020-12-10,18541.29,18557.32,17911.12,18254.63,52890.675094,90.79000091552734,22.520000457763672,3668.10009765625,1833.5999755859373
2020-12-11,18254.81,18292.73,17572.33,18036.53,72610.724259,90.9800033569336,23.309999465942383,3663.4599609375,1839.800048828125
2020-12-12,18036.53,18948.66,18020.7,18808.69,49519.978432,90.9800033569336,23.309999465942383,3663.4599609375,1839.800048828125
2020-12-13,18808.69,19411.0,18711.12,19174.99,56560.821744,90.9800033569336,23.309999465942383,3663.4599609375,1839.800048828125
2020-12-14,19174.99,19349.0,19000.0,19273.14,47257.201294,90.70999908447266,24.71999931335449,3647.489990234375,1828.699951171875
2020-12-15,19273.69,19570.0,19050.0,19426.43,61834.366011,90.47000122070312,22.88999938964844,3694.6201171875,1852.300048828125
2020-12-16,19426.43,21560.0,19278.6,21335.52,114306.33557,90.4499969482422,22.5,3701.169921875,1856.0999755859373
2020-12-17,21335.52,23800.0,21230.0,22797.16,184882.476748,89.81999969482422,21.93000030517578,3722.47998046875,1887.199951171875
2020-12-18,22797.15,23285.18,22350.0,23107.39,79646.134315,90.0199966430664,21.56999969482422,3709.409912109375,1885.699951171875
2020-12-19,23107.39,24171.47,22750.0,23821.61,86045.064677,90.0199966430664,21.56999969482422,3709.409912109375,1885.699951171875
2020-12-20,23821.6,24295.0,23060.0,23455.52,76690.145685,90.0199966430664,21.56999969482422,3709.409912109375,1885.699951171875
2020-12-21,23455.54,24102.77,21815.0,22719.71,88030.297243,90.04000091552734,25.15999984741211,3694.919921875,1879.199951171875
2020-12-22,22719.88,23837.1,22353.4,23810.79,87033.12616,90.6500015258789,24.229999542236328,3687.260009765625,1866.5999755859373
2020-12-23,23810.79,24100.0,22600.0,23232.76,119047.259733,90.41000366210938,23.309999465942383,3690.010009765625,1874.699951171875
2020-12-24,23232.39,23794.43,22703.42,23729.2,69013.834252,90.33000183105467,21.530000686645508,3703.06005859375,1879.9000244140625
2020-12-25,23728.99,24789.86,23433.6,24712.47,79519.943569,90.33000183105467,21.530000686645508,3703.06005859375,1879.9000244140625
2020-12-26,24712.47,26867.03,24500.0,26493.39,97806.513386,90.33000183105467,21.530000686645508,3703.06005859375,1879.9000244140625
2020-12-27,26493.4,28422.0,25700.0,26281.66,148455.586214,90.33000183105467,21.530000686645508,3703.06005859375,1879.9000244140625
2020-12-28,26281.54,27500.0,26101.0,27079.41,79721.742496,90.33999633789062,21.700000762939453,3735.360107421875,1877.199951171875
2020-12-29,27079.42,27410.0,25880.0,27385.0,69411.592606,90.01000213623047,23.07999992370605,3727.0400390625,1879.699951171875
2020-12-30,27385.0,28996.0,27320.0,28875.54,95356.057826,89.62999725341797,22.770000457763672,3732.0400390625,1891.0
2020-12-31,28875.55,29300.0,27850.0,28923.63,75508.505152,89.94000244140625,22.75,3756.070068359375,1893.0999755859373
2021-01-01,28923.63,29600.0,28624.57,29331.69,54182.925011,89.94000244140625,22.75,3756.070068359375,1893.0999755859373
2021-01-02,29331.7,33300.0,28946.53,32178.33,129993.873362,89.94000244140625,22.75,3756.070068359375,1893.0999755859373
2021-01-03,32176.45,34778.11,31962.99,33000.05,120957.56675,89.94000244140625,22.75,3756.070068359375,1893.0999755859373
2021-01-04,33000.05,33600.0,28130.0,31988.71,140899.88569,89.87999725341797,26.96999931335449,3700.64990234375,1944.699951171875
2021-01-05,31989.75,34360.0,29900.0,33949.53,116049.997038,89.44000244140625,25.34000015258789,3726.860107421875,1952.699951171875
2021-01-06,33949.53,36939.21,33288.0,36769.36,127139.20131,89.52999877929688,25.06999969482422,3748.139892578125,1906.9000244140625
2021-01-07,36769.36,40365.0,36300.0,39432.28,132825.700437,89.83000183105469,22.3700008392334,3803.7900390625,1912.300048828125
2021-01-08,39432.48,41950.0,36500.0,40582.81,139789.957499,90.0999984741211,21.559999465942383,3824.679931640625,1834.0999755859373
2021-01-09,40586.96,41380.0,38720.0,40088.22,75785.979675,90.0999984741211,21.559999465942383,3824.679931640625,1834.0999755859373
2021-01-10,40088.22,41350.0,35111.11,38150.02,118209.544503,90.0999984741211,21.559999465942383,3824.679931640625,1834.0999755859373
2021-01-11,38150.02,38264.74,30420.0,35404.47,251156.138287,90.54000091552734,24.07999992370605,3799.610107421875,1849.5999755859373
2021-01-12,35410.37,36628.0,32531.0,34051.24,133948.151996,90.05000305175781,23.32999992370605,3801.18994140625,1842.9000244140625
2021-01-13,34049.15,37850.0,32380.0,37371.38,124477.914938,90.31999969482422,22.209999084472656,3809.840087890625,1853.5999755859373
2021-01-14,37371.38,40100.0,36701.23,39144.5,102950.389421,90.23999786376952,23.25,3795.5400390625,1850.300048828125
2021-01-15,39145.21,39747.76,34408.0,36742.22,118300.920916,90.77999877929688,24.34000015258789,3768.25,1829.300048828125
2021-01-16,36737.43,37950.0,35357.8,35994.98,86348.431508,90.77999877929688,24.34000015258789,3768.25,1829.300048828125
2021-01-17,35994.98,36852.5,33850.0,35828.61,80157.727384,90.77999877929688,24.34000015258789,3768.25,1829.300048828125
2021-01-18,35824.99,37469.83,34800.0,36631.27,70698.11875,90.77999877929688,24.34000015258789,3768.25,1829.300048828125
2021-01-19,36622.46,37850.0,35844.06,35891.49,79611.307769,90.5,23.239999771118164,3798.909912109375,1839.5
2021-01-20,35901.94,36415.31,33400.0,35468.23,89368.422918,90.47000122070312,21.57999992370605,3851.85009765625,1865.9000244140625
2021-01-21,35468.23,35600.0,30071.0,30850.13,135004.076658,90.12999725341795,21.31999969482422,3853.070068359375,1865.300048828125
2021-01-22,30851.99,33826.53,28850.0,32945.17,142971.684049,90.23999786376952,21.90999984741211,3841.469970703125,1855.699951171875
2021-01-23,32950.0,33456.0,31390.16,32078.0,64595.287675,90.23999786376952,21.90999984741211,3841.469970703125,1855.699951171875
2021-01-24,32078.0,33071.0,30900.0,32259.9,57978.037966,90.23999786376952,21.90999984741211,3841.469970703125,1855.699951171875
2021-01-25,32259.45,34875.0,31910.0,32254.2,88499.226921,90.38999938964844,23.190000534057617,3855.360107421875,1854.9000244140625
2021-01-26,32254.19,32921.88,30837.37,32467.77,84972.20691,90.16999816894533,23.020000457763672,3849.6201171875,1850.699951171875
2021-01-27,32464.01,32557.29,29241.72,30366.15,95911.961711,90.6500015258789,37.209999084472656,3750.77001953125,1844.9000244140625
2021-01-28,30362.19,33783.98,29842.1,33364.86,92621.145617,90.45999908447266,30.209999084472656,3787.3798828125,1837.9000244140625
2021-01-29,33368.18,38531.9,31915.4,34252.2,231827.005626,90.58000183105467,33.09000015258789,3714.239990234375,1847.300048828125
2021-01-30,34246.28,34933.0,32825.0,34262.88,84889.68134,90.58000183105467,33.09000015258789,3714.239990234375,1847.300048828125
2021-01-31,34262.89,34342.69,32171.67,33092.98,68742.280384,90.58000183105467,33.09000015258789,3714.239990234375,1847.300048828125
2021-02-01,33092.97,34717.27,32296.16,33526.37,82718.276882,91.0199966430664,30.239999771118164,3773.860107421875,1860.800048828125
2021-02-02,33517.09,35984.33,33418.0,35466.24,78056.65988,91.1999969482422,25.559999465942383,3826.31005859375,1830.5
2021-02-03,35472.71,37662.63,35362.38,37618.87,80784.333663,91.12000274658205,22.90999984741211,3830.169921875,1832.199951171875
2021-02-04,37620.26,38708.27,36161.95,36936.66,92080.735898,91.52999877929688,21.770000457763672,3871.739990234375,1788.9000244140625
2021-02-05,36936.65,38310.12,36570.0,38290.24,66681.334275,91.04000091552734,20.8700008392334,3886.830078125,1810.9000244140625
2021-02-06,38289.32,40955.51,38215.94,39186.94,98757.311183,91.04000091552734,20.8700008392334,3886.830078125,1810.9000244140625
2021-02-07,39181.01,39700.0,37351.0,38795.69,84363.679763,91.04000091552734,20.8700008392334,3886.830078125,1810.9000244140625
2021-02-08,38795.69,46794.45,37988.89,46374.87,138597.536914,90.93000030517578,21.239999771118164,3915.590087890625,1831.9000244140625
2021-02-09,46374.86,48142.19,44961.09,46420.42,115499.861712,90.44000244140624,21.6299991607666,3911.22998046875,1835.300048828125
2021-02-10,46420.42,47310.0,43727.0,44807.58,97154.1822,90.37000274658205,21.989999771118164,3909.8798828125,1840.5999755859373
2021-02-11,44807.58,48678.9,43994.02,47969.51,89561.081454,90.41999816894533,21.25,3916.3798828125,1824.9000244140625
2021-02-12,47968.66,48985.8,46125.0,47287.6,85870.035697,90.4800033569336,19.96999931335449,3934.830078125,1821.5999755859373
2021-02-13,47298.15,48150.0,46202.53,47153.69,63768.097399,90.4800033569336,19.96999931335449,3934.830078125,1821.5999755859373
2021-02-14,47156.78,49707.43,47014.17,48577.79,73735.475533,90.4800033569336,19.96999931335449,3934.830078125,1821.5999755859373
2021-02-15,48580.47,49010.92,45570.79,47911.1,79398.156784,90.4800033569336,19.96999931335449,3934.830078125,1821.5999755859373
2021-02-16,47911.1,50689.18,47003.62,49133.45,88813.266298,90.51000213623048,21.459999084472656,3932.590087890625,1797.199951171875
2021-02-17,49133.45,52618.74,48947.0,52119.71,85743.637818,90.9499969482422,21.5,3931.330078125,1771.0999755859375
2021-02-18,52117.67,52530.0,50901.9,51552.6,60758.046954,90.58999633789062,22.489999771118164,3913.969970703125,1773.4000244140625
2021-02-19,51552.61,56368.0,50710.2,55906.0,79659.77802,90.36000061035156,22.049999237060547,3906.7099609375,1775.800048828125
2021-02-20,55906.0,57700.46,53863.93,55841.19,80948.205314,90.36000061035156,22.049999237060547,3906.7099609375,1775.800048828125
2021-02-21,55841.19,58352.8,55477.59,57408.57,58166.708511,90.36000061035156,22.049999237060547,3906.7099609375,1775.800048828125
2021-02-22,57412.35,57508.47,47622.0,54087.67,134019.434944,90.01000213623047,23.450000762939453,3876.5,1806.699951171875
2021-02-23,54087.67,54183.59,44892.56,48891.0,169375.025051,90.16999816894533,23.11000061035156,3881.3701171875,1804.4000244140625
2021-02-24,48891.0,51374.99,46988.69,49676.2,91881.209252,90.18000030517578,21.34000015258789,3925.429931640625,1796.4000244140625
2021-02-25,49676.21,52041.73,46674.34,47073.73,83310.673121,90.12999725341795,28.88999938964844,3829.340087890625,1774.4000244140625
2021-02-26,47073.73,48424.11,44106.78,46276.87,109423.200663,90.93000030517578,27.950000762939453,3811.14990234375,1728.0999755859375
2021-02-27,46276.88,48394.0,45000.0,46106.43,66060.834292,90.93000030517578,27.950000762939453,3811.14990234375,1728.0999755859375
2021-02-28,46103.67,46638.46,43000.0,45135.66,83055.369042,90.93000030517578,27.950000762939453,3811.14990234375,1728.0999755859375
2021-03-01,45134.11,49790.0,44950.53,49587.03,85086.111648,91.04000091552734,23.350000381469727,3901.820068359375,1722.5
2021-03-02,49595.76,50200.0,47047.6,48440.65,64221.06214,90.79000091552734,24.100000381469727,3870.2900390625,1733.0999755859375
2021-03-03,48436.61,52640.0,48100.71,50349.37,81035.913705,90.9499969482422,26.670000076293945,3819.719970703125,1715.300048828125
2021-03-04,50349.37,51773.88,47500.0,48374.09,82649.716829,91.62999725341795,28.56999969482422,3768.469970703125,1700.199951171875
2021-03-05,48374.09,49448.93,46300.0,48751.71,78192.496372,91.9800033569336,24.65999984741211,3841.93994140625,1698.0
2021-03-06,48746.81,49200.0,47070.0,48882.2,44399.234242,91.9800033569336,24.65999984741211,3841.93994140625,1698.0
2021-03-07,48882.2,51450.03,48882.2,50971.75,55235.028032,91.9800033569336,24.65999984741211,3841.93994140625,1698.0
2021-03-08,50959.11,52402.78,49274.67,52375.17,66987.359664,92.30999755859376,25.46999931335449,3821.35009765625,1677.699951171875
2021-03-09,52375.18,54895.0,51789.41,54884.5,71656.737076,91.95999908447266,24.030000686645508,3875.43994140625,1716.5999755859375
2021-03-10,54874.67,57387.69,53005.0,55851.59,84749.238943,91.79000091552734,22.559999465942383,3898.81005859375,1721.5
2021-03-11,55851.59,58150.0,54272.82,57773.16,81914.812859,91.41999816894533,21.90999984741211,3939.340087890625,1722.300048828125
2021-03-12,57773.15,58081.51,54962.84,57221.72,73405.406047,91.68000030517578,20.690000534057617,3943.340087890625,1719.5
2021-03-13,57221.72,61844.0,56078.23,61188.39,83245.091346,91.68000030517578,20.690000534057617,3943.340087890625,1719.5
2021-03-14,61188.38,61724.79,58966.78,58968.31,52601.05275,91.68000030517578,20.690000534057617,3943.340087890625,1719.5
2021-03-15,58976.08,60633.43,54600.0,55605.2,102771.427298,91.83000183105467,20.030000686645508,3968.93994140625,1728.9000244140625
2021-03-16,55605.2,56938.29,53271.34,56900.75,77986.694355,91.87000274658205,19.790000915527344,3962.7099609375,1730.5999755859375
2021-03-17,56900.74,58974.73,54123.69,58912.97,70421.620841,91.4000015258789,19.229999542236328,3974.1201171875,1726.800048828125
2021-03-18,58912.97,60129.97,57023.0,57648.16,66580.406675,91.8499984741211,21.57999992370605,3915.4599609375,1732.199951171875
2021-03-19,57641.0,59468.0,56270.74,58030.01,52392.652961,91.91999816894533,20.950000762939453,3913.10009765625,1741.4000244140625
2021-03-20,58030.01,59880.0,57820.17,58102.28,44476.941776,91.91999816894533,20.950000762939453,3913.10009765625,1741.4000244140625
2021-03-21,58100.02,58589.1,55450.11,57351.56,48564.470274,91.91999816894533,20.950000762939453,3913.10009765625,1741.4000244140625
2021-03-22,57351.56,58430.73,53650.0,54083.25,62581.626169,91.8000030517578,18.8799991607666,3940.590087890625,1737.800048828125
2021-03-23,54083.25,55830.9,53000.0,54340.89,59789.365427,92.33999633789062,20.299999237060547,3910.52001953125,1724.699951171875
2021-03-24,54342.8,57200.0,51700.0,52303.65,83537.465021,92.52999877929688,21.200000762939453,3889.139892578125,1732.9000244140625
2021-03-25,52303.66,53287.0,50427.56,51293.78,87400.534538,92.87999725341795,19.809999465942383,3909.52001953125,1724.9000244140625
2021-03-26,51293.78,55073.46,51214.6,55025.59,63813.774692,92.7699966430664,18.86000061035156,3974.5400390625,1732.199951171875
2021-03-27,55025.59,56700.36,53950.0,55817.14,50105.475055,92.7699966430664,18.86000061035156,3974.5400390625,1732.199951171875
2021-03-28,55817.14,56559.75,54691.84,55777.63,39050.387511,92.7699966430664,18.86000061035156,3974.5400390625,1732.199951171875
2021-03-29,55777.65,58405.82,54800.01,57635.47,67857.937398,92.94000244140624,20.739999771118164,3971.090087890625,1712.0999755859375
2021-03-30,57635.46,59368.0,57071.35,58746.57,55122.443122,93.3000030517578,19.61000061035156,3958.550048828125,1683.9000244140625
2021-03-31,58746.57,59800.0,56769.0,58740.55,60975.542666,93.2300033569336,19.399999618530277,3972.889892578125,1713.800048828125
2021-04-01,58739.46,59490.0,57935.45,58720.44,47415.61722,92.93000030517578,17.329999923706055,4019.8701171875,1726.5
2021-04-02,58720.45,60200.0,58428.57,58950.01,47382.418781,92.93000030517578,17.329999923706055,4019.8701171875,1726.5
2021-04-03,58950.01,59791.72,56880.0,57051.94,47409.852113,92.93000030517578,17.329999923706055,4019.8701171875,1726.5
2021-04-04,57051.95,58492.85,56388.0,58202.01,41314.081973,92.93000030517578,17.329999923706055,4019.8701171875,1726.5
2021-04-05,58202.01,59272.0,56777.77,59129.99,54258.01579,92.5999984741211,17.90999984741211,4077.909912109375,1727.0
2021-04-06,59129.99,59495.24,57413.02,57991.15,54201.000727,92.33999633789062,18.1200008392334,4073.93994140625,1741.5
2021-04-07,57990.03,58655.0,55473.0,55953.45,71228.405659,92.45999908447266,17.15999984741211,4079.949951171875,1740.0999755859375
2021-04-08,55953.44,58153.31,55700.0,58077.52,44283.147019,92.05999755859376,16.950000762939453,4097.169921875,1756.800048828125
2021-04-09,58077.52,58894.9,57654.0,58142.54,40831.884911,92.16000366210938,16.690000534057617,4128.7998046875,1743.300048828125
2021-04-10,58142.55,61500.0,57900.01,59769.13,69906.424117,92.16000366210938,16.690000534057617,4128.7998046875,1743.300048828125
2021-04-11,59769.13,60699.0,59232.52,60002.43,41156.715391,92.16000366210938,16.690000534057617,4128.7998046875,1743.300048828125
2021-04-12,59998.8,61300.0,59350.59,59860.0,56375.037117,92.13999938964844,16.90999984741211,4127.990234375,1731.199951171875
2021-04-13,59860.01,63777.77,59805.15,63575.0,82848.688746,91.8499984741211,16.649999618530273,4141.58984375,1746.199951171875
2021-04-14,63575.01,64854.0,61301.0,62959.53,82616.343993,91.69000244140624,16.989999771118164,4124.66015625,1734.9000244140625
2021-04-15,62959.53,63800.0,62020.0,63159.98,51649.70034,91.66999816894533,16.56999969482422,4170.419921875,1765.4000244140625
2021-04-16,63158.74,63520.61,60000.0,61334.8,91764.139884,91.55999755859376,16.25,4185.47021484375,1779.0
2021-04-17,61334.81,62506.05,59580.91,60006.66,58912.256128,91.55999755859376,16.25,4185.47021484375,1779.0
2021-04-18,60006.67,60499.0,50931.3,56150.01,124882.131824,91.55999755859376,16.25,4185.47021484375,1779.0
2021-04-19,56150.01,57526.81,54221.58,55633.14,78229.042267,91.06999969482422,17.290000915527344,4163.259765625,1769.4000244140625
2021-04-20,55633.14,57076.24,53329.96,56425.0,72744.482151,91.23999786376952,18.68000030517578,4134.93994140625,1777.300048828125
2021-04-21,56425.0,56757.91,53536.02,53787.63,66984.756909,91.16000366210938,17.5,4173.419921875,1792.300048828125
2021-04-22,53787.62,55521.48,50500.0,51690.96,104656.631337,91.33000183105467,18.709999084472656,4134.97998046875,1781.199951171875
2021-04-23,51690.95,52131.85,47500.0,51125.14,132230.780719,90.86000061035156,17.329999923706055,4180.169921875,1777.0
2021-04-24,51110.56,51166.22,48657.14,50047.84,55361.512573,90.86000061035156,17.329999923706055,4180.169921875,1777.0
2021-04-25,50047.84,50567.91,46930.0,49066.77,58255.645004,90.86000061035156,17.329999923706055,4180.169921875,1777.0
2021-04-26,49066.76,54356.62,48753.44,54001.39,86310.802124,90.80999755859376,17.639999389648438,4187.6201171875,1779.199951171875
2021-04-27,54001.38,55460.0,53222.0,55011.97,54064.034675,90.91000366210938,17.559999465942383,4186.72021484375,1778.0
2021-04-28,55011.97,56428.0,53813.16,54846.22,55130.459015,90.61000061035156,17.280000686645508,4183.18017578125,1773.199951171875
2021-04-29,54846.23,55195.84,52330.94,53555.0,52486.019455,90.61000061035156,17.610000610351562,4211.47021484375,1768.0999755859375
2021-04-30,53555.0,57963.0,53013.01,57694.27,68578.910045,91.27999877929688,18.61000061035156,4181.169921875,1767.300048828125
2021-05-01,57697.25,58458.07,56956.14,57800.37,42600.351836,91.27999877929688,18.61000061035156,4181.169921875,1767.300048828125
2021-05-02,57797.35,57911.02,56035.25,56578.21,36812.878863,91.27999877929688,18.61000061035156,4181.169921875,1767.300048828125
2021-05-03,56578.21,58981.44,56435.0,57169.39,57649.931286,90.9499969482422,18.309999465942383,4192.66015625,1791.4000244140625
2021-05-04,57169.39,57200.0,53046.69,53200.01,85324.625903,91.29000091552734,19.479999542236328,4164.66015625,1775.800048828125
2021-05-05,53205.05,58069.82,52900.0,57436.11,77263.923439,91.30999755859376,19.149999618530277,4167.58984375,1784.0999755859375
2021-05-06,57436.11,58360.0,55200.0,56393.68,70181.671908,90.9499969482422,18.38999938964844,4201.6201171875,1815.5
2021-05-07,56393.68,58650.0,55241.63,57314.75,74542.747829,90.2300033569336,16.690000534057617,4232.60009765625,1831.0999755859373
2021-05-08,57315.49,59500.0,56900.0,58862.05,69709.906028,90.2300033569336,16.690000534057617,4232.60009765625,1831.0999755859373
2021-05-09,58866.53,59300.0,56235.66,58240.84,69806.11991,90.2300033569336,16.690000534057617,4232.60009765625,1831.0999755859373
2021-05-10,58240.83,59500.0,53400.0,55816.14,89586.34925,90.20999908447266,19.65999984741211,4188.43017578125,1837.5
2021-05-11,55816.14,56862.43,54370.0,56670.02,64329.54055,90.13999938964844,21.84000015258789,4152.10009765625,1835.9000244140625
2021-05-12,56670.02,58000.01,48600.0,49631.32,99842.789836,90.70999908447266,27.59000015258789,4063.0400390625,1822.5999755859373
2021-05-13,49537.15,51367.19,46000.0,49670.97,147332.002121,90.75,23.1299991607666,4112.5,1823.800048828125
2021-05-14,49671.92,51483.0,48799.75,49841.45,80082.204306,90.31999969482422,18.809999465942383,4173.85009765625,1837.9000244140625
2021-05-15,49844.16,50700.0,46555.0,46762.99,89437.449359,90.31999969482422,18.809999465942383,4173.85009765625,1837.9000244140625
2021-05-16,46762.99,49795.89,43825.39,46431.5,114269.812775,90.31999969482422,18.809999465942383,4173.85009765625,1837.9000244140625
2021-05-17,46426.83,46686.0,42001.0,43538.04,166657.172736,90.22000122070312,19.71999931335449,4163.2900390625,1867.5
2021-05-18,43538.02,45799.29,42250.02,42849.78,116979.860784,89.75,21.34000015258789,4127.830078125,1867.800048828125
2021-05-19,42849.78,43584.9,30000.0,36690.09,354347.243161,90.19000244140624,22.18000030517578,4115.68017578125,1881.300048828125
2021-05-20,36671.23,42451.67,34850.0,40526.64,203017.596923,89.80999755859375,20.670000076293945,4159.1201171875,1881.800048828125
2021-05-21,40525.39,42200.0,33488.0,37252.01,202100.888258,90.0199966430664,20.149999618530277,4155.85986328125,1876.699951171875
2021-05-22,37263.35,38829.0,35200.62,37449.73,126542.243689,90.0199966430664,20.149999618530277,4155.85986328125,1876.699951171875
2021-05-23,37458.51,38270.64,31111.01,34655.25,217136.046593,90.0199966430664,20.149999618530277,4155.85986328125,1876.699951171875
2021-05-24,34681.44,39920.0,34031.0,38796.29,161630.893971,89.83000183105469,18.399999618530277,4197.0498046875,1884.5999755859373
2021-05-25,38810.99,39791.77,36419.62,38324.72,111996.228404,89.63999938964844,18.84000015258789,4188.1298828125,1898.0999755859373
2021-05-26,38324.72,40841.0,37800.44,39241.91,104780.773396,90.04000091552734,17.360000610351562,4195.990234375,1901.300048828125
2021-05-27,39241.92,40411.14,37134.27,38529.98,86547.158794,89.97000122070312,16.739999771118164,4200.8798828125,1895.699951171875
2021-05-28,38529.99,38877.83,34684.0,35663.49,135377.62972,90.02999877929688,16.760000228881836,4204.10986328125,1902.5
2021-05-29,35661.79,37338.58,33632.76,34605.15,112663.092689,90.02999877929688,16.760000228881836,4204.10986328125,1902.5
2021-05-30,34605.15,36488.0,33379.0,35641.27,73535.386967,90.02999877929688,16.760000228881836,4204.10986328125,1902.5
2021-05-31,35641.26,37499.0,34153.84,37253.81,94160.735289,90.02999877929688,16.760000228881836,4204.10986328125,1902.5
2021-06-01,37253.82,37894.81,35666.0,36693.09,81234.66377,89.83000183105469,17.899999618530273,4202.0400390625,1902.9000244140625
2021-06-02,36694.85,38225.0,35920.0,37568.68,67587.372495,89.9000015258789,17.479999542236328,4208.1201171875,1907.5
2021-06-03,37568.68,39476.0,37170.0,39246.79,75889.106011,90.5,18.040000915527344,4192.85009765625,1871.199951171875
2021-06-04,39246.78,39289.07,35555.15,36829.0,91317.799245,90.13999938964844,16.420000076293945,4229.89013671875,1889.800048828125
2021-06-05,36829.15,37925.0,34800.0,35513.2,70459.62149,90.13999938964844,16.420000076293945,4229.89013671875,1889.800048828125
2021-06-06,35516.07,36480.0,35222.0,35796.31,47650.206637,90.13999938964844,16.420000076293945,4229.89013671875,1889.800048828125
2021-06-07,35796.31,36900.0,33300.0,33552.79,77574.952573,89.94999694824219,16.420000076293945,4226.52001953125,1896.800048828125
2021-06-08,33556.96,34068.01,31000.0,33380.81,123251.189037,90.08000183105467,17.06999969482422,4227.259765625,1892.199951171875
2021-06-09,33380.8,37534.79,32396.82,37388.05,136607.597517,90.12000274658205,17.889999389648438,4219.5498046875,1893.199951171875
2021-06-10,37388.05,38491.0,35782.0,36675.72,109527.284943,90.08000183105467,16.100000381469727,4239.18017578125,1894.199951171875
2021-06-11,36677.83,37680.4,35936.77,37331.98,78466.0053,90.55999755859376,15.649999618530272,4247.43994140625,1877.4000244140625
2021-06-12,37331.98,37463.63,34600.36,35546.11,87717.54999,90.55999755859376,15.649999618530272,4247.43994140625,1877.4000244140625
2021-06-13,35546.12,39380.0,34757.0,39020.57,86921.025555,90.55999755859376,15.649999618530272,4247.43994140625,1877.4000244140625
2021-06-14,39020.56,41064.05,38730.0,40516.29,108522.391949,90.5199966430664,16.389999389648438,4255.14990234375,1864.0
2021-06-15,40516.28,41330.0,39506.4,40144.04,80679.622838,90.54000091552734,17.020000457763672,4246.58984375,1854.5
2021-06-16,40143.8,40527.14,38116.01,38349.01,87771.976937,91.12999725341795,18.149999618530277,4223.7001953125,1859.5
2021-06-17,38349.0,39559.88,37365.0,38092.97,79541.307119,91.88999938964844,17.75,4221.85986328125,1773.800048828125
2021-06-18,38092.97,38202.84,35129.29,35819.84,95228.042935,92.2300033569336,20.700000762939453,4166.4501953125,1767.9000244140625
2021-06-19,35820.48,36457.0,34803.52,35483.72,68712.449461,92.2300033569336,20.700000762939453,4166.4501953125,1767.9000244140625
2021-06-20,35483.72,36137.72,33336.0,35600.16,89878.17085,92.2300033569336,20.700000762939453,4166.4501953125,1767.9000244140625
2021-06-21,35600.17,35750.0,31251.23,31608.93,168778.873159,91.86000061035156,17.889999389648438,4224.7900390625,1781.800048828125
2021-06-22,31614.12,33298.78,28805.0,32509.56,204208.179762,91.7300033569336,16.65999984741211,4246.43994140625,1776.300048828125
2021-06-23,32509.56,34881.0,31683.0,33678.07,126966.100563,91.8000030517578,16.31999969482422,4241.83984375,1782.300048828125
2021-06-24,33675.07,35298.0,32286.57,34663.09,86625.80426,91.81999969482422,15.970000267028809,4266.490234375,1775.5999755859375
2021-06-25,34663.08,35500.0,31275.0,31584.45,116061.130356,91.80999755859376,15.619999885559082,4280.7001953125,1776.5999755859375
2021-06-26,31576.09,32730.0,30151.0,32283.65,107820.375287,91.80999755859376,15.619999885559082,4280.7001953125,1776.5999755859375
2021-06-27,32283.65,34749.0,31973.45,34700.34,96613.244211,91.80999755859376,15.619999885559082,4280.7001953125,1776.5999755859375
2021-06-28,34702.49,35297.71,33862.72,34494.89,82222.267819,91.87999725341795,15.760000228881836,4290.60986328125,1779.5999755859375
2021-06-29,34494.89,36600.0,34225.43,35911.73,90788.79622,92.0500030517578,16.020000457763672,4291.7998046875,1762.800048828125
2021-06-30,35911.72,36100.0,34017.55,35045.0,77152.197634,92.44000244140624,15.829999923706056,4297.5,1770.800048828125
2021-07-01,35045.0,35057.57,32711.0,33504.69,71708.266112,92.5999984741211,15.479999542236328,4319.93994140625,1775.9000244140625
2021-07-02,33502.33,33977.04,32699.0,33786.55,56172.181378,92.2300033569336,15.06999969482422,4352.33984375,1782.5999755859375
2021-07-03,33786.54,34945.61,33316.73,34669.13,43044.578641,92.2300033569336,15.06999969482422,4352.33984375,1782.5999755859375
2021-07-04,34669.12,35967.85,34357.15,35286.51,43703.475789,92.2300033569336,15.06999969482422,4352.33984375,1782.5999755859375
2021-07-05,35288.13,35293.78,33125.55,33690.14,64123.874245,92.2300033569336,15.06999969482422,4352.33984375,1782.5999755859375
2021-07-06,33690.15,35118.88,33532.0,34220.01,58210.596349,92.5500030517578,16.440000534057617,4343.5400390625,1793.5
2021-07-07,34220.02,35059.09,33777.77,33862.12,53807.521675,92.63999938964844,16.200000762939453,4358.1298828125,1801.5
2021-07-08,33862.11,33929.64,32077.0,32875.71,70136.48032,92.36000061035156,19.0,4320.81982421875,1799.5999755859375
2021-07-09,32875.71,34100.0,32261.07,33815.81,47153.939899,92.12999725341795,16.18000030517578,4369.5498046875,1810.0
2021-07-10,33815.81,34262.0,33004.78,33502.87,34761.175468,92.12999725341795,16.18000030517578,4369.5498046875,1810.0
2021-07-11,33502.87,34666.0,33306.47,34258.99,31572.647448,92.12999725341795,16.18000030517578,4369.5498046875,1810.0
2021-07-12,34259.0,34678.43,32658.34,33086.63,48181.403762,92.2300033569336,16.170000076293945,4384.6298828125,1805.5
2021-07-13,33086.94,33340.0,32202.25,32729.77,41126.361008,92.75,17.1200008392334,4369.2099609375,1809.4000244140625
2021-07-14,32729.12,33114.03,31550.0,32820.02,46777.823484,92.41000366210938,16.329999923706055,4374.2998046875,1824.300048828125
2021-07-15,32820.03,33185.25,31133.0,31880.0,51639.576353,92.62000274658205,17.010000228881836,4360.02978515625,1828.4000244140625
2021-07-16,31874.49,32249.18,31020.0,31383.87,48499.864154,92.69000244140624,18.450000762939453,4327.16015625,1814.5
2021-07-17,31383.86,31955.92,31164.31,31520.07,34012.242132,92.69000244140624,18.450000762939453,4327.16015625,1814.5
2021-07-18,31520.07,32435.0,31108.97,31778.56,35923.716186,92.69000244140624,18.450000762939453,4327.16015625,1814.5
2021-07-19,31778.57,31899.0,30407.44,30839.65,47340.468499,92.88999938964844,22.5,4258.490234375,1808.699951171875
2021-07-20,30839.65,31063.07,29278.0,29790.35,61034.049017,92.97000122070312,19.729999542236328,4323.06005859375,1810.9000244140625
2021-07-21,29790.34,32858.0,29482.61,32144.51,82796.265128,92.75,17.90999984741211,4358.68994140625,1802.9000244140625
2021-07-22,32144.51,32591.35,31708.0,32287.83,46148.092433,92.81999969482422,17.690000534057617,4367.47998046875,1805.0
2021-07-23,32287.58,33650.0,31924.32,33634.09,50112.863626,92.91000366210938,17.200000762939453,4411.7900390625,1801.4000244140625
2021-07-24,33634.1,34500.0,33401.14,34258.14,47977.550138,92.91000366210938,17.200000762939453,4411.7900390625,1801.4000244140625
2021-07-25,34261.51,35398.0,33851.12,35381.02,47852.928313,92.91000366210938,17.200000762939453,4411.7900390625,1801.4000244140625
2021-07-26,35381.02,40550.0,35205.78,37237.6,152452.512724,92.6500015258789,17.579999923706055,4422.2998046875,1798.699951171875
2021-07-27,37241.33,39542.61,36383.0,39457.87,88397.267015,92.43000030517578,19.36000061035156,4401.4599609375,1799.5
2021-07-28,39456.61,40900.0,38772.0,40019.56,101344.528441,92.31999969482422,18.309999465942383,4400.64013671875,1799.5
2021-07-29,40019.57,40640.0,39200.0,40016.48,53998.439283,91.86000061035156,17.700000762939453,4419.14990234375,1831.199951171875
2021-07-30,40018.49,42316.71,38313.23,42206.37,73602.784805,92.16999816894533,18.239999771118164,4395.259765625,1812.5999755859373
2021-07-31,42206.36,42448.0,41000.15,41461.83,44849.791012,92.16999816894533,18.239999771118164,4395.259765625,1812.5999755859373
2021-08-01,41461.84,42599.0,39422.01,39845.44,53953.186326,92.16999816894533,18.239999771118164,4395.259765625,1812.5999755859373
2021-08-02,39850.27,40480.01,38690.0,39147.82,50837.351954,92.0500030517578,19.459999084472656,4387.16015625,1818.0999755859373
2021-08-03,39146.86,39780.0,37642.03,38207.05,57117.435853,92.08000183105467,18.040000915527344,4423.14990234375,1810.0999755859373
2021-08-04,38207.04,39969.66,37508.56,39723.18,52329.35243,92.2699966430664,17.969999313354492,4402.66015625,1810.5
2021-08-05,39723.17,41350.0,37332.7,40862.46,84343.755621,92.23999786376952,17.280000686645508,4429.10009765625,1805.0999755859373
2021-08-06,40862.46,43392.43,39853.86,42836.87,75753.941347,92.8000030517578,16.149999618530273,4436.52001953125,1760.0
2021-08-07,42836.87,44700.0,42446.41,44572.54,73396.740808,92.8000030517578,16.149999618530273,4436.52001953125,1760.0
2021-08-08,44572.54,45310.0,43261.0,43794.37,69329.092698,92.8000030517578,16.149999618530273,4436.52001953125,1760.0
2021-08-09,43794.36,46454.15,42779.0,46253.4,74587.884845,92.9499969482422,16.719999313354492,4432.35009765625,1723.4000244140625
2021-08-10,46248.87,46700.0,44589.46,45584.99,53814.643421,93.05999755859376,16.790000915527344,4436.75,1728.800048828125
2021-08-11,45585.0,46743.47,45341.14,45511.0,52734.901977,92.91000366210938,16.170000076293945,4442.41015625,1750.4000244140625
2021-08-12,45510.67,46218.12,43770.0,44399.0,55266.108781,93.04000091552734,15.59000015258789,4460.830078125,1749.0
2021-08-13,44400.06,47886.0,44217.39,47800.0,48239.370431,92.5199966430664,15.449999809265137,4468.0,1775.199951171875
2021-08-14,47799.99,48144.0,45971.03,47068.51,46114.359022,92.5199966430664,15.449999809265137,4468.0,1775.199951171875
2021-08-15,47068.5,47372.27,45500.0,46973.82,42110.711334,92.5199966430664,15.449999809265137,4468.0,1775.199951171875
2021-08-16,46973.82,48053.83,45660.0,45901.29,52480.574014,92.62999725341795,16.1200008392334,4479.7099609375,1786.9000244140625
2021-08-17,45901.3,47160.0,44376.0,44695.95,57039.341629,93.12999725341795,17.90999984741211,4448.080078125,1785.0
2021-08-18,44695.95,46000.0,44203.28,44705.29,54099.415985,93.13999938964844,21.56999969482422,4400.27001953125,1781.5999755859375
2021-08-19,44699.37,47033.0,43927.7,46760.62,53411.75392,93.56999969482422,21.670000076293945,4405.7998046875,1780.199951171875
2021-08-20,46760.62,49382.99,46622.99,49322.47,56850.352228,93.5,18.559999465942383,4441.669921875,1781.0
2021-08-21,49322.47,49757.04,48222.0,48821.87,46745.136584,93.5,18.559999465942383,4441.669921875,1781.0
2021-08-22,48821.88,49500.0,48050.0,49239.22,37007.887795,93.5,18.559999465942383,4441.669921875,1781.0
2021-08-23,49239.22,50500.0,49029.0,49488.85,52462.541954,92.95999908447266,17.149999618530273,4479.52978515625,1803.199951171875
2021-08-24,49488.85,49860.0,47600.0,47674.01,51014.594748,92.88999938964844,17.219999313354492,4486.22998046875,1805.5999755859373
2021-08-25,47674.01,49264.3,47126.28,48973.32,44655.830342,92.83000183105467,16.790000915527344,4496.18994140625,1788.199951171875
2021-08-26,48973.32,49352.84,46250.0,46843.87,49371.277774,93.05999755859376,18.84000015258789,4470.0,1792.199951171875
2021-08-27,46843.86,49149.93,46348.0,49069.9,42068.104965,92.69000244140624,16.389999389648438,4509.3701171875,1816.5999755859373
2021-08-28,49069.9,49299.0,48346.88,48895.35,26681.063786,92.69000244140624,16.389999389648438,4509.3701171875,1816.5999755859373
2021-08-29,48895.35,49632.27,47762.54,48767.83,32652.283473,92.69000244140624,16.389999389648438,4509.3701171875,1816.5999755859373
2021-08-30,48767.84,48888.61,46853.0,46982.91,40288.35083,92.6500015258789,16.190000534057617,4528.7900390625,1809.0
2021-08-31,46982.91,48246.11,46700.0,47100.89,48645.52737,92.62999725341795,16.479999542236328,4522.68017578125,1815.0
2021-09-01,47100.89,49156.0,46512.0,48810.52,49904.65528,92.4499969482422,16.110000610351562,4524.08984375,1813.0999755859373
2021-09-02,48810.51,50450.13,48584.06,49246.64,54410.770538,92.2300033569336,16.40999984741211,4536.9501953125,1808.699951171875
2021-09-03,49246.63,51000.0,48316.84,49999.14,59025.644157,92.04000091552734,16.40999984741211,4535.43017578125,1830.9000244140625
2021-09-04,49998.0,50535.69,49370.0,49915.64,34664.65959,92.04000091552734,16.40999984741211,4535.43017578125,1830.9000244140625
2021-09-05,49917.54,51900.0,49450.0,51756.88,40544.835873,92.04000091552734,16.40999984741211,4535.43017578125,1830.9000244140625
2021-09-06,51756.88,52780.0,50969.33,52663.9,49249.667081,92.04000091552734,16.40999984741211,4535.43017578125,1830.9000244140625
2021-09-07,52666.2,52920.0,42843.05,46863.73,123048.802719,92.5199966430664,18.13999938964844,4520.02978515625,1795.9000244140625
2021-09-08,46868.57,47340.99,44412.02,46048.31,65069.3152,92.6500015258789,17.959999084472656,4514.06982421875,1790.699951171875
2021-09-09,46048.31,47399.97,45513.08,46395.14,50651.66002,92.4800033569336,18.799999237060547,4493.27978515625,1797.4000244140625
2021-09-10,46395.14,47033.0,44132.29,44850.91,49048.26618,92.58000183105467,20.950000762939453,4458.580078125,1789.5999755859375
2021-09-11,44842.2,45987.93,44722.22,45173.69,30440.4081,92.58000183105467,20.950000762939453,4458.580078125,1789.5999755859375
2021-09-12,45173.68,46460.0,44742.06,46025.24,32094.28052,92.58000183105467,20.950000762939453,4458.580078125,1789.5999755859375
2021-09-13,46025.23,46880.0,43370.0,44940.73,65429.15056,92.62000274658205,19.3700008392334,4468.72998046875,1792.0
2021-09-14,44940.72,47250.0,44594.44,47111.52,44855.85099,92.6500015258789,19.459999084472656,4443.0498046875,1804.699951171875
2021-09-15,47103.28,48500.0,46682.32,48121.41,43204.71174,92.48999786376952,18.18000030517578,4480.7001953125,1792.4000244140625
2021-09-16,48121.4,48557.0,47021.1,47737.82,40725.08895,92.86000061035156,18.690000534057617,4473.75,1754.5999755859375
2021-09-17,47737.81,48150.0,46699.56,47299.98,34461.92776,93.1999969482422,20.809999465942383,4432.990234375,1749.4000244140625
2021-09-18,47299.98,48843.2,47035.56,48292.74,30906.47038,93.1999969482422,20.809999465942383,4432.990234375,1749.4000244140625
2021-09-19,48292.75,48372.83,46829.18,47241.75,29847.24349,93.1999969482422,20.809999465942383,4432.990234375,1749.4000244140625
2021-09-20,47241.75,47347.25,42500.0,43015.62,78003.524443,93.23999786376952,25.709999084472656,4357.72998046875,1761.800048828125
2021-09-21,43016.64,43639.0,39600.0,40734.38,84534.080485,93.1999969482422,24.36000061035156,4354.18994140625,1776.0
2021-09-22,40734.09,44000.55,40565.39,43543.61,58349.05542,93.45999908447266,20.8700008392334,4395.64013671875,1776.699951171875
2021-09-23,43546.37,44978.0,43069.09,44865.26,48699.57655,93.0999984741211,18.6299991607666,4448.97998046875,1747.699951171875
2021-09-24,44865.26,45200.0,40675.0,42810.57,84113.426292,93.33000183105467,17.75,4455.47998046875,1749.699951171875
2021-09-25,42810.58,42966.84,41646.28,42670.64,33594.57189,93.33000183105467,17.75,4455.47998046875,1749.699951171875
2021-09-26,42670.63,43950.0,40750.0,43160.9,49879.99765,93.33000183105467,17.75,4455.47998046875,1749.699951171875
2021-09-27,43160.9,44350.0,42098.0,42147.35,39776.84383,93.37999725341795,18.76000022888184,4443.10986328125,1750.0
2021-09-28,42147.35,42787.38,40888.0,41026.54,43372.2624,93.7699966430664,23.25,4352.6298828125,1735.800048828125
2021-09-29,41025.01,42590.0,40753.88,41524.28,33511.53487,94.33999633789062,22.559999465942383,4359.4599609375,1721.5
2021-09-30,41524.29,44141.37,41410.17,43824.1,46381.22781,94.25,23.13999938964844,4307.5400390625,1755.300048828125
2021-10-01,43820.01,48495.0,43283.03,48141.61,66244.87492,94.04000091552734,21.100000381469727,4357.0400390625,1757.0
2021-10-02,48141.6,48336.59,47430.18,47634.9,30508.98131,94.04000091552734,21.100000381469727,4357.0400390625,1757.0
2021-10-03,47634.89,49228.08,47088.0,48200.01,30825.05601,94.04000091552734,21.100000381469727,4357.0400390625,1757.0
2021-10-04,48200.01,49536.12,46891.0,49224.94,46796.49372,93.80999755859376,22.959999084472656,4300.4599609375,1766.199951171875
2021-10-05,49224.93,51886.3,49022.4,51471.99,52125.66793,93.9800033569336,21.299999237060547,4345.72021484375,1759.5999755859375
2021-10-06,51471.99,55750.0,50382.41,55315.0,79877.545181,94.2699966430664,21.0,4363.5498046875,1760.5
2021-10-07,55315.0,55332.31,53357.0,53785.22,54917.37766,94.22000122070312,19.540000915527344,4399.759765625,1757.9000244140625
2021-10-08,53785.22,56100.0,53617.61,53951.43,46160.25785,94.06999969482422,18.770000457763672,4391.33984375,1756.300048828125
2021-10-09,53955.67,55489.0,53661.67,54949.72,55177.08013,94.06999969482422,18.770000457763672,4391.33984375,1756.300048828125
2021-10-10,54949.72,56561.31,54080.0,54659.0,89237.836128,94.06999969482422,18.770000457763672,4391.33984375,1756.300048828125
2021-10-11,54659.01,57839.04,54415.06,57471.35,52933.165751,94.31999969482422,20.0,4361.18994140625,1754.5999755859375
2021-10-12,57471.35,57680.0,53879.0,55996.93,53471.2855,94.5199966430664,19.850000381469727,4350.64990234375,1758.300048828125
2021-10-13,55996.91,57777.0,54167.19,57367.0,55808.44492,94.08000183105467,18.63999938964844,4363.7998046875,1793.699951171875
2021-10-14,57370.83,58532.54,56818.05,57347.94,43053.336781,93.95999908447266,16.860000610351562,4438.259765625,1796.699951171875
2021-10-15,57347.94,62933.0,56850.0,61672.42,82512.908022,93.94000244140624,16.299999237060547,4471.3701171875,1767.199951171875
2021-10-16,61672.42,62378.42,60150.0,60875.57,35467.88096,93.94000244140624,16.299999237060547,4471.3701171875,1767.199951171875
2021-10-17,60875.57,61718.39,58963.0,61528.33,39099.24124,93.94000244140624,16.299999237060547,4471.3701171875,1767.199951171875
2021-10-18,61528.32,62695.78,59844.45,62009.84,51798.44844,93.9499969482422,16.309999465942383,4486.4599609375,1764.800048828125
2021-10-19,62005.6,64486.0,61322.22,64280.59,53628.107744,93.79000091552734,15.699999809265137,4519.6298828125,1769.699951171875
2021-10-20,64280.59,67000.0,63481.4,66001.41,51428.934856,93.55999755859376,15.489999771118164,4536.18994140625,1784.0999755859375
2021-10-21,66001.4,66639.74,62000.0,62193.15,68538.64537,93.7699966430664,15.010000228881836,4549.77978515625,1781.199951171875
2021-10-22,62193.15,63732.39,60000.0,60688.22,52119.35886,93.61000061035156,15.43000030517578,4544.89990234375,1795.5
2021-10-23,60688.23,61747.64,59562.15,61286.75,27626.93678,93.61000061035156,15.43000030517578,4544.89990234375,1795.5
2021-10-24,61286.75,61500.0,59510.63,60852.22,31226.57676,93.61000061035156,15.43000030517578,4544.89990234375,1795.5
2021-10-25,60852.22,63710.63,60650.0,63078.78,36853.83806,93.80999755859376,15.239999771118164,4566.47998046875,1806.0
2021-10-26,63078.78,63293.48,59817.55,60328.81,40217.50083,93.9499969482422,15.979999542236328,4574.7900390625,1792.699951171875
2021-10-27,60328.81,61496.0,58000.0,58413.44,62124.49016,93.86000061035156,16.979999542236328,4551.68017578125,1797.9000244140625
2021-10-28,58413.44,62499.0,57820.0,60575.89,61056.35301,93.3499984741211,16.530000686645508,4596.419921875,1801.5999755859373
2021-10-29,60575.9,62980.0,60174.81,62253.71,43973.90414,94.12000274658205,16.260000228881836,4605.3798828125,1783.0
2021-10-30,62253.7,62359.25,60673.0,61859.19,31478.12566,94.12000274658205,16.260000228881836,4605.3798828125,1783.0
2021-10-31,61859.19,62405.3,59945.36,61299.8,39267.63794,94.12000274658205,16.260000228881836,4605.3798828125,1783.0
2021-11-01,61299.81,62437.74,59405.0,60911.11,44687.66672,93.87999725341795,16.40999984741211,4613.669921875,1795.0999755859375
2021-11-02,60911.12,64270.0,60624.68,63219.99,46368.2841,94.08999633789062,16.030000686645508,4630.64990234375,1788.699951171875
2021-11-03,63220.57,63500.0,60382.76,62896.48,43336.09049,93.86000061035156,15.100000381469728,4660.56982421875,1763.5999755859375
2021-11-04,62896.49,63086.31,60677.01,61395.01,35930.93314,94.3499984741211,15.4399995803833,4680.06005859375,1793.0
2021-11-05,61395.01,62595.72,60721.0,60937.12,31604.48749,94.31999969482422,16.479999542236328,4697.52978515625,1816.4000244140625
2021-11-06,60940.18,61560.49,60050.0,61470.61,25590.57408,94.31999969482422,16.479999542236328,4697.52978515625,1816.4000244140625
2021-11-07,61470.62,63286.35,61322.78,63273.59,25515.6883,94.31999969482422,16.479999542236328,4697.52978515625,1816.4000244140625
2021-11-08,63273.58,67789.0,63273.58,67525.83,54442.094554,94.0500030517578,17.219999313354492,4701.7001953125,1827.4000244140625
2021-11-09,67525.82,68524.25,66222.4,66947.66,44661.378068,93.95999908447266,17.780000686645508,4685.25,1830.199951171875
2021-11-10,66947.67,69000.0,62822.9,64882.43,65171.504046,94.8499984741211,18.729999542236328,4646.7099609375,1847.5999755859373
2021-11-11,64882.42,65600.07,64100.0,64774.26,37237.98058,95.18000030517578,17.65999984741211,4649.27001953125,1863.199951171875
2021-11-12,64774.25,65450.7,62278.0,64122.23,44490.10816,95.12999725341795,16.290000915527344,4682.85009765625,1867.9000244140625
2021-11-13,64122.22,65000.0,63360.22,64380.0,22504.97383,95.12999725341795,16.290000915527344,4682.85009765625,1867.9000244140625
2021-11-14,64380.01,65550.51,63576.27,65519.1,25705.07347,95.12999725341795,16.290000915527344,4682.85009765625,1867.9000244140625
2021-11-15,65519.11,66401.82,63400.0,63606.74,37829.37124,95.41000366210938,16.489999771118164,4682.7998046875,1866.0999755859373
2021-11-16,63606.73,63617.31,58574.07,60058.87,77455.15609,95.91999816894533,16.3700008392334,4700.89990234375,1853.5999755859373
2021-11-17,60058.87,60840.23,58373.0,60344.87,46289.38491,95.83000183105467,17.110000610351562,4688.669921875,1869.699951171875
2021-11-18,60344.86,60976.0,56474.26,56891.62,62146.99931,95.54000091552734,17.59000015258789,4704.5400390625,1861.0
2021-11-19,56891.62,58320.0,55600.0,58052.24,50715.88726,96.06999969482422,17.90999984741211,4697.9599609375,1851.199951171875
2021-11-20,58057.1,59845.0,57353.0,59707.51,33811.5901,96.06999969482422,17.90999984741211,4697.9599609375,1851.199951171875
2021-11-21,59707.52,60029.76,58486.65,58622.02,31902.22785,96.06999969482422,17.90999984741211,4697.9599609375,1851.199951171875
2021-11-22,58617.7,59444.0,55610.0,56247.18,51724.32047,96.5,19.170000076293945,4682.93994140625,1806.0
2021-11-23,56243.83,58009.99,55317.0,57541.27,49917.85017,96.48999786376952,19.3799991607666,4690.7001953125,1783.5
2021-11-24,57541.26,57735.0,55837.0,57138.29,39612.04964,96.83999633789062,18.57999992370605,4701.4599609375,1784.0999755859375
2021-11-25,57138.29,59398.9,57000.0,58960.36,42153.51522,96.83999633789062,18.57999992370605,4701.4599609375,1784.0999755859375
2021-11-26,58960.37,59150.0,53500.0,53726.53,65927.87066,96.08999633789062,28.6200008392334,4594.6201171875,1785.300048828125
2021-11-27,53723.72,55280.0,53610.0,54721.03,29716.99957,96.08999633789062,28.6200008392334,4594.6201171875,1785.300048828125
2021-11-28,54716.47,57445.05,53256.64,57274.88,36163.7137,96.08999633789062,28.6200008392334,4594.6201171875,1785.300048828125
2021-11-29,57274.89,58865.97,56666.67,57776.25,40125.28009,96.33999633789062,22.959999084472656,4655.27001953125,1782.300048828125
2021-11-30,57776.25,59176.99,55875.55,56950.56,49161.05194,95.98999786376952,27.190000534057617,4567.0,1773.5999755859375
2021-12-01,56950.56,59053.55,56458.01,57184.07,44956.63656,96.0500030517578,31.1200008392334,4513.0400390625,1781.5999755859375
2021-12-02,57184.07,57375.47,55777.77,56480.34,37574.05976,96.12999725341795,27.950000762939453,4577.10009765625,1760.699951171875
2021-12-03,56484.26,57600.0,51680.0,53601.05,58927.69027,96.12000274658205,30.670000076293945,4538.43017578125,1782.0
2021-12-04,53601.05,53859.1,42000.3,49152.47,114203.373748,96.12000274658205,30.670000076293945,4538.43017578125,1782.0
2021-12-05,49152.46,49699.05,47727.21,49396.33,45580.82012,96.12000274658205,30.670000076293945,4538.43017578125,1782.0
2021-12-06,49396.32,50891.11,47100.0,50441.92,58571.21575,96.29000091552734,27.18000030517578,4591.669921875,1777.5
2021-12-07,50441.91,51936.33,50039.74,50588.95,38253.46877,96.37000274658205,21.88999938964844,4686.75,1782.5999755859375
2021-12-08,50588.95,51200.0,48600.0,50471.19,38425.92466,95.88999938964844,19.899999618530277,4701.2099609375,1783.4000244140625
2021-12-09,50471.19,50797.76,47320.0,47545.59,37692.68665,96.2699966430664,21.57999992370605,4667.4501953125,1774.5999755859375
2021-12-10,47535.9,50125.0,46852.0,47140.54,44233.57391,96.0500030517578,18.690000534057617,4712.02001953125,1782.9000244140625
2021-12-11,47140.54,49485.71,46751.0,49389.99,28889.19358,96.0500030517578,18.690000534057617,4712.02001953125,1782.9000244140625
2021-12-12,49389.99,50777.0,48638.0,50053.9,26017.93421,96.0500030517578,18.690000534057617,4712.02001953125,1782.9000244140625
2021-12-13,50053.9,50189.97,45672.75,46702.75,50869.52093,96.31999969482422,20.309999465942383,4668.97021484375,1786.300048828125
2021-12-14,46702.76,48700.41,46290.0,48343.28,39955.98445,96.56999969482422,21.88999938964844,4634.08984375,1770.4000244140625
2021-12-15,48336.95,49500.0,46547.0,48864.98,51629.181,96.51000213623048,19.290000915527344,4709.85009765625,1762.5999755859375
2021-12-16,48864.98,49436.43,47511.0,47632.38,31949.86739,96.04000091552734,20.56999969482422,4668.669921875,1796.5999755859375
2021-12-17,47632.38,47995.96,45456.0,46131.2,43104.4887,96.56999969482422,21.56999969482422,4620.64013671875,1803.800048828125
2021-12-18,46133.83,47392.37,45500.0,46834.48,25020.05271,96.56999969482422,21.56999969482422,4620.64013671875,1803.800048828125
2021-12-19,46834.47,48300.01,46406.91,46681.23,29305.70665,96.56999969482422,21.56999969482422,4620.64013671875,1803.800048828125
2021-12-20,46681.24,47537.57,45558.85,46914.16,35848.50609,96.5500030517578,22.8700008392334,4568.02001953125,1793.699951171875
2021-12-21,46914.17,49328.96,46630.0,48889.88,37713.92924,96.48999786376952,21.01000022888184,4649.22998046875,1787.9000244140625
2021-12-22,48887.59,49576.13,48421.87,48588.16,27004.2022,96.08000183105467,18.6299991607666,4696.56005859375,1801.5999755859373
2021-12-23,48588.17,51375.0,47920.42,50838.81,35192.54046,96.0199966430664,17.959999084472656,4725.7900390625,1811.199951171875
2021-12-24,50838.82,51810.0,50384.43,50820.0,31684.84269,96.0199966430664,17.959999084472656,4725.7900390625,1811.199951171875
2021-12-25,50819.99,51156.23,50142.32,50399.66,19135.51613,96.0199966430664,17.959999084472656,4725.7900390625,1811.199951171875
2021-12-26,50399.67,51280.0,49412.0,50775.49,22569.88914,96.0199966430664,17.959999084472656,4725.7900390625,1811.199951171875
2021-12-27,50775.48,52088.0,50449.0,50701.44,28792.21566,96.08999633789062,17.68000030517578,4791.18994140625,1808.0999755859373
2021-12-28,50701.44,50704.05,47313.01,47543.74,45853.33924,96.1999969482422,17.540000915527344,4786.35009765625,1810.199951171875
2021-12-29,47543.74,48139.08,46096.99,46464.66,39498.87,95.93000030517578,16.950000762939453,4793.06005859375,1805.0999755859373
2021-12-30,46464.66,47900.0,45900.0,47120.87,30352.29569,95.97000122070312,17.329999923706055,4778.72998046875,1812.699951171875
2021-12-31,47120.88,48548.26,45678.0,46216.93,34937.99796,95.66999816894533,17.219999313354492,4766.18017578125,1827.5
2022-01-01,46216.93,47954.63,46208.37,47722.65,19604.46325,95.66999816894533,17.219999313354492,4766.18017578125,1827.5
2022-01-02,47722.66,47990.0,46654.0,47286.18,18340.4604,95.66999816894533,17.219999313354492,4766.18017578125,1827.5
2022-01-03,47286.18,47570.0,45696.0,46446.1,27662.0771,96.23999786376952,16.600000381469727,4796.56005859375,1799.4000244140625
2022-01-04,46446.1,47557.54,45500.0,45832.01,35491.4136,96.29000091552734,16.90999984741211,4793.5400390625,1814.0
2022-01-05,45832.01,47070.0,42500.0,43451.13,51784.11857,96.19000244140624,19.729999542236328,4700.580078125,1824.5999755859373
2022-01-06,43451.14,43816.0,42430.58,43082.31,38880.37305,96.25,19.61000061035156,4696.0498046875,1788.699951171875
2022-01-07,43082.3,43145.83,40610.0,41566.48,54836.50818,95.73999786376952,18.76000022888184,4677.02978515625,1797.0
2022-01-08,41566.48,42300.0,40501.0,41679.74,32952.73111,95.73999786376952,18.76000022888184,4677.02978515625,1797.0
2022-01-09,41679.74,42786.7,41200.02,41864.62,22724.39426,95.73999786376952,18.76000022888184,4677.02978515625,1797.0
2022-01-10,41864.62,42248.5,39650.0,41822.49,50729.17019,95.98999786376952,19.399999618530277,4670.2900390625,1798.4000244140625
2022-01-11,41822.49,43100.0,41268.93,42729.29,37296.43729,95.62000274658205,18.40999984741211,4713.06982421875,1818.5999755859373
2022-01-12,42729.29,44322.0,42450.0,43902.66,33943.2928,95.0,17.6200008392334,4726.35009765625,1827.199951171875
2022-01-13,43902.65,44500.0,42311.22,42560.11,34910.87762,94.79000091552734,20.309999465942383,4659.02978515625,1821.199951171875
2022-01-14,42558.35,43448.78,41725.95,43059.96,32640.88292,95.16999816894533,19.190000534057617,4662.85009765625,1816.5
2022-01-15,43059.96,43800.0,42555.0,43084.29,21936.05616,95.16999816894533,19.190000534057617,4662.85009765625,1816.5
2022-01-16,43084.29,43475.0,42581.79,43071.66,20602.35271,95.16999816894533,19.190000534057617,4662.85009765625,1816.5
2022-01-17,43071.66,43176.18,41540.42,42201.62,27562.08613,95.16999816894533,19.190000534057617,4662.85009765625,1816.5
2022-01-18,42201.63,42691.0,41250.0,42352.12,29324.08257,95.7300033569336,22.790000915527344,4577.10986328125,1812.300048828125
2022-01-19,42352.12,42559.13,41138.56,41660.01,31685.72159,95.51000213623048,23.850000381469727,4532.759765625,1843.0999755859373
2022-01-20,41660.0,43505.0,40553.31,40680.91,42330.33953,95.73999786376952,25.59000015258789,4482.72998046875,1842.5
2022-01-21,40680.92,41100.0,35440.45,36445.31,88860.891999,95.63999938964844,28.850000381469727,4397.93994140625,1831.800048828125
2022-01-22,36445.31,36835.22,34008.0,35071.42,90471.338961,95.63999938964844,28.850000381469727,4397.93994140625,1831.800048828125
2022-01-23,35071.42,36499.0,34601.01,36244.55,44279.52354,95.63999938964844,28.850000381469727,4397.93994140625,1831.800048828125
2022-01-24,36244.55,37550.0,32917.17,36660.35,91904.753211,95.91999816894533,29.899999618530277,4410.1298828125,1841.699951171875
2022-01-25,36660.35,37545.14,35701.0,36958.32,49232.40183,95.9499969482422,31.15999984741211,4356.4501953125,1852.699951171875
2022-01-26,36958.32,38919.98,36234.63,36809.34,69830.16036,96.48999786376952,31.959999084472656,4349.93017578125,1829.9000244140625
2022-01-27,36807.24,37234.47,35507.01,37160.1,53020.87934,97.26000213623048,30.489999771118164,4326.509765625,1793.300048828125
2022-01-28,37160.11,38000.0,36155.01,37716.56,42154.26956,97.2699966430664,27.65999984741211,4431.85009765625,1784.9000244140625
2022-01-29,37716.57,38720.74,37268.44,38166.84,26129.49682,97.2699966430664,27.65999984741211,4431.85009765625,1784.9000244140625
2022-01-30,38166.83,38359.26,37351.63,37881.76,21430.66527,97.2699966430664,27.65999984741211,4431.85009765625,1784.9000244140625
2022-01-31,37881.75,38744.0,36632.61,38466.9,36855.2458,96.54000091552734,24.82999992370605,4515.5498046875,1795.0
2022-02-01,38466.9,39265.2,38000.0,38694.59,34574.44663,96.38999938964844,21.959999084472656,4546.5400390625,1800.300048828125
2022-02-02,38694.59,38855.92,36586.95,36896.36,35794.6813,95.94000244140624,22.09000015258789,4589.3798828125,1809.199951171875
2022-02-03,36896.37,37387.0,36250.0,37311.61,32081.10999,95.37999725341795,24.350000381469727,4477.43994140625,1803.0
2022-02-04,37311.98,41772.33,37026.73,41574.25,64703.95874,95.4800033569336,23.21999931335449,4500.52978515625,1806.5999755859373
2022-02-05,41571.7,41913.69,40843.01,41382.59,32532.34372,95.4800033569336,23.21999931335449,4500.52978515625,1806.5999755859373
2022-02-06,41382.6,42656.0,41116.56,42380.87,22405.16704,95.4800033569336,23.21999931335449,4500.52978515625,1806.5999755859373
2022-02-07,42380.87,44500.5,41645.85,43839.99,51060.62006,95.4000015258789,22.86000061035156,4483.8701171875,1820.5999755859373
2022-02-08,43839.99,45492.0,42666.0,44042.99,64880.29387,95.63999938964844,21.440000534057617,4521.5400390625,1826.5999755859373
2022-02-09,44043.0,44799.0,43117.92,44372.72,34428.16729,95.48999786376952,19.959999084472656,4587.18017578125,1835.199951171875
2022-02-10,44372.71,45821.0,43174.01,43495.44,62357.29091,95.5500030517578,23.90999984741211,4504.080078125,1836.199951171875
2022-02-11,43495.44,43920.0,41938.51,42373.73,44975.1687,96.08000183105467,27.36000061035156,4418.64013671875,1840.800048828125
2022-02-12,42373.73,43079.49,41688.88,42217.87,26556.85681,96.08000183105467,27.36000061035156,4418.64013671875,1840.800048828125
2022-02-13,42217.87,42760.0,41870.0,42053.66,17732.08113,96.08000183105467,27.36000061035156,4418.64013671875,1840.800048828125
2022-02-14,42053.65,42842.4,41550.56,42535.94,34010.1306,96.37000274658205,28.32999992370605,4401.669921875,1868.0
2022-02-15,42535.94,44751.4,42427.03,44544.86,38095.19576,95.98999786376952,25.700000762939453,4471.06982421875,1854.800048828125
2022-02-16,44544.85,44549.97,43307.0,43873.56,28471.8727,95.6999969482422,24.290000915527344,4475.009765625,1870.199951171875
2022-02-17,43873.56,44164.71,40073.21,40515.7,47245.99494,95.8000030517578,28.11000061035156,4380.259765625,1900.699951171875
2022-02-18,40515.71,40959.88,39450.0,39974.44,43845.92241,96.04000091552734,27.75,4348.8701171875,1898.5999755859373
2022-02-19,39974.45,40444.32,39639.03,40079.17,18042.0551,96.04000091552734,27.75,4348.8701171875,1898.5999755859373
2022-02-20,40079.17,40125.44,38000.0,38386.89,33439.29011,96.04000091552734,27.75,4348.8701171875,1898.5999755859373
2022-02-21,38386.89,39494.35,36800.0,37008.16,62347.68496,96.04000091552734,27.75,4348.8701171875,1898.5999755859373
2022-02-22,37008.16,38429.0,36350.0,38230.33,53785.94589,96.02999877929688,28.809999465942383,4304.759765625,1906.0999755859373
2022-02-23,38230.33,39249.93,37036.79,37250.01,43560.732,96.19000244140624,31.020000457763672,4225.5,1909.199951171875
2022-02-24,37250.02,39843.0,34322.28,38327.21,120476.29458,97.13999938964844,30.31999969482422,4288.7001953125,1925.0999755859373
2022-02-25,38328.68,39683.53,38014.37,39219.17,56574.57125,96.62000274658205,27.59000015258789,4384.64990234375,1886.5
2022-02-26,39219.16,40348.45,38573.18,39116.72,29361.2568,96.62000274658205,27.59000015258789,4384.64990234375,1886.5
2022-02-27,39116.73,39855.7,37000.0,37699.07,46229.44719,96.62000274658205,27.59000015258789,4384.64990234375,1886.5
2022-02-28,37699.08,44225.84,37450.17,43160.0,73945.63858,96.70999908447266,30.149999618530277,4373.93994140625,1899.4000244140625
2022-03-01,43160.0,44949.0,42809.98,44421.2,61743.09873,97.41000366210938,33.31999969482422,4306.259765625,1942.4000244140625
2022-03-02,44421.2,45400.0,43334.09,43892.98,57782.65081,97.38999938964844,30.739999771118164,4386.5400390625,1920.9000244140625
2022-03-03,43892.99,44101.12,41832.28,42454.0,50940.61021,97.79000091552734,30.479999542236328,4363.490234375,1934.4000244140625
2022-03-04,42454.0,42527.3,38550.0,39148.66,61964.68498,98.6500015258789,31.979999542236328,4328.8701171875,1965.0999755859373
2022-03-05,39148.65,39613.24,38407.59,39397.96,30363.13341,98.6500015258789,31.979999542236328,4328.8701171875,1965.0999755859373
2022-03-06,39397.97,39693.87,38088.57,38420.81,39677.26158,98.6500015258789,31.979999542236328,4328.8701171875,1965.0999755859373
2022-03-07,38420.8,39547.57,37155.0,37988.0,63994.11559,99.29000091552734,36.45000076293945,4201.08984375,1993.9000244140625
2022-03-08,37988.01,39362.08,37867.65,38730.63,55583.06638,99.05999755859376,35.130001068115234,4170.7001953125,2040.0999755859373
2022-03-09,38730.63,42594.06,38656.45,41941.71,67392.58799,97.97000122070312,32.45000076293945,4277.8798828125,1985.9000244140625
2022-03-10,41941.7,42039.63,38539.73,39422.0,71962.93154,98.51000213623048,30.229999542236328,4259.52001953125,1998.0999755859373
2022-03-11,39422.01,40236.26,38223.6,38729.57,59018.7642,99.12000274658205,30.75,4204.31005859375,1982.699951171875
2022-03-12,38729.57,39486.71,38660.52,38807.36,24034.36432,99.12000274658205,30.75,4204.31005859375,1982.699951171875
2022-03-13,38807.35,39310.0,37578.51,37777.34,32791.82359,99.12000274658205,30.75,4204.31005859375,1982.699951171875
2022-03-14,37777.35,39947.12,37555.0,39671.37,46945.45375,99.05999755859376,31.770000457763672,4173.10986328125,1959.5999755859373
2022-03-15,39671.37,39887.61,38098.33,39280.33,46015.54926,99.06999969482422,29.82999992370605,4262.4501953125,1928.5
2022-03-16,39280.33,41718.0,38828.48,41114.0,88120.76167,98.37999725341795,26.670000076293945,4357.85986328125,1908.0
2022-03-17,41114.01,41478.82,40500.0,40917.9,37189.38087,98.01000213623048,25.670000076293945,4411.669921875,1942.0999755859373
2022-03-18,40917.89,42325.02,40135.04,41757.51,45408.00969,98.2300033569336,23.8700008392334,4463.1201171875,1928.199951171875
2022-03-19,41757.51,42400.0,41499.29,42201.13,29067.18108,98.2300033569336,23.8700008392334,4463.1201171875,1928.199951171875
2022-03-20,42201.13,42296.26,40911.0,41262.11,30653.33468,98.2300033569336,23.8700008392334,4463.1201171875,1928.199951171875
2022-03-21,41262.11,41544.22,40467.94,41002.25,39426.24877,98.5,23.530000686645508,4461.18017578125,1928.5999755859373
2022-03-22,41002.26,43361.0,40875.51,42364.13,59454.94294,98.48999786376952,22.940000534057617,4511.60986328125,1920.699951171875
2022-03-23,42364.13,43025.96,41751.47,42882.76,40828.87039,98.62000274658205,23.56999969482422,4456.240234375,1936.5999755859373
2022-03-24,42882.76,44220.89,42560.46,43991.46,56195.12374,98.79000091552734,21.670000076293945,4520.16015625,1961.5999755859373
2022-03-25,43991.46,45094.14,43579.0,44313.16,54614.43648,98.80999755859376,20.809999465942383,4543.06005859375,1953.800048828125
2022-03-26,44313.16,44792.99,44071.97,44511.27,23041.61741,98.80999755859376,20.809999465942383,4543.06005859375,1953.800048828125
2022-03-27,44511.27,46999.0,44421.46,46827.76,41874.91071,98.80999755859376,20.809999465942383,4543.06005859375,1953.800048828125
2022-03-28,46827.76,48189.84,46663.56,47122.21,58949.2614,99.08999633789062,19.6299991607666,4575.52001953125,1939.5999755859373
2022-03-29,47122.21,48096.47,46950.85,47434.8,36772.28457,98.4000015258789,18.899999618530277,4631.60009765625,1912.0
2022-03-30,47434.79,47700.22,46445.42,47067.99,40947.2085,97.79000091552734,19.32999992370605,4602.4501953125,1933.5
2022-03-31,47067.99,47600.0,45200.0,45510.34,48645.12667,98.30999755859376,20.559999465942383,4530.41015625,1949.199951171875
2022-04-01,45510.35,46720.09,44200.0,46283.49,56271.06474,98.62999725341795,19.6299991607666,4545.85986328125,1919.0999755859373
2022-04-02,46283.49,47213.0,45620.0,45811.0,37073.53582,98.62999725341795,19.6299991607666,4545.85986328125,1919.0999755859373
2022-04-03,45810.99,47444.11,45530.92,46407.35,33394.67794,98.62999725341795,19.6299991607666,4545.85986328125,1919.0999755859373
2022-04-04,46407.36,46890.71,45118.0,46580.51,44641.87514,98.98999786376952,18.56999969482422,4582.64013671875,1929.199951171875
2022-04-05,46580.5,47200.0,45353.81,45497.55,42192.74852,99.47000122070312,21.030000686645508,4525.1201171875,1922.9000244140625
2022-04-06,45497.54,45507.14,43121.0,43170.47,60849.32936,99.5999984741211,22.100000381469727,4481.14990234375,1918.4000244140625
2022-04-07,43170.47,43900.99,42727.35,43444.19,37396.54156,99.75,21.549999237060547,4500.2099609375,1933.800048828125
2022-04-08,43444.2,43970.62,42107.14,42252.01,42375.04203,99.8000030517578,21.15999984741211,4488.27978515625,1941.5999755859373
2022-04-09,42252.02,42800.0,42125.48,42753.97,17891.66047,99.8000030517578,21.15999984741211,4488.27978515625,1941.5999755859373
2022-04-10,42753.96,43410.3,41868.0,42158.85,22771.09403,99.8000030517578,21.15999984741211,4488.27978515625,1941.5999755859373
2022-04-11,42158.85,42414.71,39200.0,39530.45,63560.44721,99.93000030517578,24.3700008392334,4412.52978515625,1944.300048828125
2022-04-12,39530.45,40699.0,39254.63,40074.94,57751.01778,100.29000091552734,24.26000022888184,4397.4501953125,1972.0999755859373
2022-04-13,40074.95,41561.31,39588.54,41147.79,41342.27254,99.87999725341795,21.81999969482422,4446.58984375,1981.0
2022-04-14,41147.78,41500.0,39551.94,39942.38,36807.01401,100.31999969482422,22.700000762939453,4392.58984375,1970.9000244140625
2022-04-15,39942.37,40870.36,39766.4,40551.9,24026.35739,100.31999969482422,22.700000762939453,4392.58984375,1970.9000244140625
2022-04-16,40551.9,40709.35,39991.55,40378.71,15805.44718,100.31999969482422,22.700000762939453,4392.58984375,1970.9000244140625
2022-04-17,40378.7,40595.67,39546.17,39678.12,19988.49259,100.31999969482422,22.700000762939453,4392.58984375,1970.9000244140625
2022-04-18,39678.11,41116.73,38536.51,40801.13,54243.49575,100.77999877929688,22.170000076293945,4391.68994140625,1982.9000244140625
2022-04-19,40801.13,41760.0,40571.0,41493.18,35788.85843,100.95999908447266,21.3700008392334,4462.2099609375,1955.699951171875
2022-04-20,41493.19,42199.0,40820.0,41358.19,40877.35041,100.38999938964844,20.31999969482422,4459.4501953125,1952.300048828125
2022-04-21,41358.19,42976.0,39751.0,40480.01,59316.27657,100.58000183105467,22.68000030517578,4393.66015625,1944.9000244140625
2022-04-22,40480.01,40795.06,39177.0,39709.18,46664.0196,101.22000122070312,28.209999084472656,4271.77978515625,1931.0
2022-04-23,39709.19,39980.0,39285.0,39441.6,20291.42375,101.22000122070312,28.209999084472656,4271.77978515625,1931.0
2022-04-24,39441.61,39940.0,38929.62,39450.13,26703.61186,101.22000122070312,28.209999084472656,4271.77978515625,1931.0
2022-04-25,39450.12,40616.0,38200.0,40426.08,63037.12784,101.75,27.020000457763672,4296.1201171875,1893.199951171875
2022-04-26,40426.08,40797.31,37702.26,38112.65,66650.258,102.3000030517578,33.52000045776367,4175.2001953125,1901.4000244140625
2022-04-27,38112.64,39474.72,37881.31,39235.72,57083.12272,102.9499969482422,31.600000381469727,4183.9599609375,1885.9000244140625
2022-04-28,39235.72,40372.63,38881.43,39742.07,56086.6715,103.62000274658205,29.989999771118164,4287.5,1888.699951171875
2022-04-29,39742.06,39925.25,38175.0,38596.11,51453.65715,102.95999908447266,33.400001525878906,4131.93017578125,1909.300048828125
2022-04-30,38596.11,38795.38,37578.2,37630.8,35321.18989,102.95999908447266,33.400001525878906,4131.93017578125,1909.300048828125
2022-05-01,37630.8,38675.0,37386.38,38468.35,38812.24104,102.95999908447266,33.400001525878906,4131.93017578125,1909.300048828125
2022-05-02,38468.35,39167.34,38052.0,38525.16,53200.92628,103.73999786376952,32.34000015258789,4155.3798828125,1861.800048828125
2022-05-03,38525.16,38651.51,37517.8,37728.95,40316.45358,103.47000122070312,29.25,4175.47998046875,1868.800048828125
2022-05-04,37728.95,40023.77,37670.0,39690.0,62574.61736,102.58999633789062,25.420000076293945,4300.169921875,1867.0
2022-05-05,39690.0,39845.51,35571.9,36552.97,88722.43355,103.75,31.200000762939453,4146.8701171875,1874.0
2022-05-06,36552.97,36675.63,35258.0,36013.77,68437.80187,103.66000366210938,30.190000534057617,4123.33984375,1881.199951171875
2022-05-07,36013.77,36146.3,34785.0,35472.39,34281.70682,103.66000366210938,30.190000534057617,4123.33984375,1881.199951171875
2022-05-08,35472.4,35514.22,33713.95,34038.4,72445.64344,103.66000366210938,30.190000534057617,4123.33984375,1881.199951171875
2022-05-09,34038.39,34243.15,30033.33,30076.31,191876.926428,103.6500015258789,34.75,3991.239990234375,1857.0999755859373
2022-05-10,30074.23,32658.99,29730.4,31017.1,165532.00311,103.91999816894533,32.9900016784668,4001.050048828125,1839.9000244140625
2022-05-11,31017.11,32162.59,27785.0,29103.94,207063.739278,103.8499984741211,32.560001373291016,3935.179931640625,1852.5999755859373
2022-05-12,29103.94,30243.0,26700.0,29029.75,204507.263138,104.8499984741211,31.770000457763672,3930.080078125,1823.800048828125
2022-05-13,29029.74,31083.37,28751.67,29287.05,97872.36957,104.55999755859376,28.8700008392334,4023.889892578125,1807.4000244140625
2022-05-14,29287.05,30343.27,28630.0,30086.74,51095.87863,104.55999755859376,28.8700008392334,4023.889892578125,1807.4000244140625
2022-05-15,30086.74,31460.0,29480.0,31328.89,46275.66912,104.55999755859376,28.8700008392334,4023.889892578125,1807.4000244140625
2022-05-16,31328.89,31328.9,29087.04,29874.01,73082.19658,104.19000244140624,27.46999931335449,4008.010009765625,1813.5
2022-05-17,29874.01,30788.37,29450.38,30444.93,56724.13307,103.36000061035156,26.100000381469727,4088.85009765625,1818.199951171875
2022-05-18,30444.93,30709.99,28654.47,28715.32,59749.15799,103.80999755859376,30.959999084472656,3923.679931640625,1815.9000244140625
2022-05-19,28715.33,30545.18,28691.38,30319.23,67877.36415,102.72000122070312,29.350000381469727,3900.7900390625,1841.199951171875
2022-05-20,30319.22,30777.33,28730.0,29201.01,60517.25325,103.1500015258789,29.43000030517578,3901.360107421875,1841.800048828125
2022-05-21,29201.01,29656.18,28947.28,29445.06,20987.13124,103.1500015258789,29.43000030517578,3901.360107421875,1841.800048828125
2022-05-22,29445.07,30487.99,29255.11,30293.94,36158.98748,103.1500015258789,29.43000030517578,3901.360107421875,1841.800048828125
2022-05-23,30293.93,30670.51,28866.35,29109.15,63901.49932,102.08000183105467,28.479999542236328,3973.75,1847.800048828125
2022-05-24,29109.14,29845.86,28669.0,29654.58,59442.96036,101.86000061035156,29.450000762939453,3941.47998046875,1865.0999755859373
2022-05-25,29654.58,30223.74,29294.21,29542.15,59537.38659,102.05999755859376,28.3700008392334,3978.72998046875,1846.199951171875
2022-05-26,29542.14,29886.64,28019.56,29201.35,94581.65463,101.83000183105467,27.5,4057.840087890625,1847.4000244140625
2022-05-27,29201.35,29397.66,28282.9,28629.8,90998.5201,101.66999816894533,25.71999931335449,4158.240234375,1851.300048828125
2022-05-28,28629.81,29266.0,28450.0,29031.33,34479.35127,101.66999816894533,25.71999931335449,4158.240234375,1851.300048828125
2022-05-29,29031.33,29587.78,28839.21,29468.1,27567.34764,101.66999816894533,25.71999931335449,4158.240234375,1851.300048828125
2022-05-30,29468.1,32222.0,29299.62,31734.22,96785.9476,101.66999816894533,25.71999931335449,4158.240234375,1851.300048828125
2022-05-31,31734.23,32399.0,31200.01,31801.04,62433.11632,101.75,26.190000534057617,4132.14990234375,1842.699951171875
2022-06-01,31801.05,31982.97,29301.0,29805.83,103395.63382,102.5500030517578,25.690000534057617,4101.22998046875,1843.300048828125
2022-06-02,29805.84,30689.0,29594.55,30452.62,56961.42928,101.7699966430664,24.71999931335449,4176.81982421875,1866.5
2022-06-03,30452.63,30699.0,29282.36,29700.21,54067.44727,102.13999938964844,24.790000915527344,4108.5400390625,1845.4000244140625
2022-06-04,29700.21,29988.88,29485.0,29864.04,25617.90113,102.13999938964844,24.790000915527344,4108.5400390625,1845.4000244140625
2022-06-05,29864.03,30189.0,29531.42,29919.21,23139.9281,102.13999938964844,24.790000915527344,4108.5400390625,1845.4000244140625
2022-06-06,29919.2,31765.64,29890.23,31373.1,68836.92456,102.44000244140624,25.06999969482422,4121.43017578125,1839.199951171875
2022-06-07,31373.1,31589.6,29218.96,31125.33,110674.51658,102.31999969482422,24.020000457763672,4160.68017578125,1847.5
2022-06-08,31125.32,31327.22,29843.88,30204.77,68542.61276,102.54000091552734,23.959999084472656,4115.77001953125,1851.9000244140625
2022-06-09,30204.77,30700.0,29944.1,30109.93,46291.1865,103.22000122070312,26.09000015258789,4017.820068359375,1848.800048828125
2022-06-10,30109.93,30382.8,28850.0,29091.88,76204.2498,104.1500015258789,27.75,3900.860107421875,1871.5
2022-06-11,29091.87,29440.41,28099.99,28424.7,65901.39895,104.1500015258789,27.75,3900.860107421875,1871.5
2022-06-12,28424.71,28544.96,26560.0,26574.53,92474.598809,104.1500015258789,27.75,3900.860107421875,1871.5
2022-06-13,26574.53,26895.84,21925.77,22487.41,254611.034966,105.08000183105467,34.02000045776367,3749.6298828125,1828.0
2022-06-14,22485.27,23362.88,20846.0,22136.41,187201.64671,105.5199966430664,32.689998626708984,3735.47998046875,1809.5
2022-06-15,22136.42,22800.0,20111.62,22583.72,200774.493467,105.16000366210938,29.6200008392334,3789.989990234375,1815.300048828125
2022-06-16,22583.72,22995.73,20232.0,20401.31,99673.59429,103.62999725341795,32.95000076293945,3666.77001953125,1845.699951171875
2022-06-17,20400.6,21365.43,20246.66,20468.81,86694.33663,104.6999969482422,31.1299991607666,3674.840087890625,1835.5999755859373
2022-06-18,20468.81,20792.06,17622.0,18970.79,196441.655524,104.6999969482422,31.1299991607666,3674.840087890625,1835.5999755859373
2022-06-19,18970.79,20815.95,17960.41,20574.0,128320.87595,104.6999969482422,31.1299991607666,3674.840087890625,1835.5999755859373
2022-06-20,20574.0,21090.0,19637.03,20573.89,109028.94154,104.6999969482422,31.1299991607666,3674.840087890625,1835.5999755859373
2022-06-21,20573.9,21723.0,20348.4,20723.52,104371.0749,104.44000244140624,30.190000534057617,3764.7900390625,1834.5999755859373
2022-06-22,20723.51,20900.0,19770.51,19987.99,92133.97938,104.1999969482422,28.950000762939453,3759.889892578125,1834.300048828125
2022-06-23,19988.0,21233.0,19890.07,21110.13,83127.08716,104.43000030517578,29.049999237060547,3795.72998046875,1825.699951171875
2022-06-24,21110.12,21558.41,20736.72,21237.69,77430.36622,104.19000244140624,27.229999542236328,3911.739990234375,1826.5
2022-06-25,21237.68,21614.5,20906.62,21491.19,51431.67794,104.19000244140624,27.229999542236328,3911.739990234375,1826.5
2022-06-26,21491.18,21888.0,20964.73,21038.07,53278.10464,104.19000244140624,27.229999542236328,3911.739990234375,1826.5
2022-06-27,21038.08,21539.85,20510.0,20742.56,64475.0013,103.94000244140624,26.950000762939453,3900.110107421875,1820.9000244140625
2022-06-28,20742.57,21212.1,20202.01,20281.29,63801.0832,104.51000213623048,28.36000061035156,3821.550048828125,1817.5
2022-06-29,20281.28,20432.31,19854.92,20123.01,77309.04379,105.11000061035156,28.15999984741211,3818.830078125,1813.699951171875
2022-06-30,20123.0,20179.08,18626.0,19942.21,93846.64806,104.69000244140624,28.709999084472656,3785.3798828125,1804.0999755859373
2022-07-01,19942.21,20918.35,18975.0,19279.8,111844.59494,105.13999938964844,26.700000762939453,3825.330078125,1798.9000244140625
2022-07-02,19279.8,19467.39,18977.01,19252.81,46180.3021,105.13999938964844,26.700000762939453,3825.330078125,1798.9000244140625
2022-07-03,19252.82,19647.63,18781.0,19315.83,51087.46631,105.13999938964844,26.700000762939453,3825.330078125,1798.9000244140625
2022-07-04,19315.83,20354.01,19055.31,20236.71,74814.04601,105.13999938964844,26.700000762939453,3825.330078125,1798.9000244140625
2022-07-05,20236.71,20750.0,19304.4,20175.83,96041.13756,106.5,27.540000915527344,3831.389892578125,1761.800048828125
2022-07-06,20175.84,20675.22,19761.25,20564.51,82439.5808,107.0999984741211,26.729999542236328,3845.080078125,1734.9000244140625
2022-07-07,20564.51,21838.1,20251.68,21624.98,85014.58261,107.12999725341795,26.07999992370605,3902.6201171875,1737.9000244140625
2022-07-08,21624.99,22527.37,21189.26,21594.75,403081.57349,107.01000213623048,24.63999938964844,3899.3798828125,1740.5999755859375
2022-07-09,21594.75,21980.0,21322.12,21591.83,178417.84468,107.01000213623048,24.63999938964844,3899.3798828125,1740.5999755859375
2022-07-10,21592.15,21607.65,20655.0,20862.47,192188.21556,107.01000213623048,24.63999938964844,3899.3798828125,1740.5999755859375
2022-07-11,20861.11,20868.48,19875.23,19963.61,137535.40724,108.0199966430664,26.170000076293945,3854.429931640625,1730.0
2022-07-12,19963.61,20059.42,19240.0,19328.75,139506.45862,108.06999969482422,27.290000915527344,3818.800048828125,1723.300048828125
2022-07-13,19331.28,20366.61,18910.94,20234.87,209250.24888,107.95999908447266,26.81999969482422,3801.780029296875,1734.199951171875
2022-07-14,20234.87,20900.0,19616.07,20588.84,174809.21696,108.54000091552734,26.399999618530277,3790.3798828125,1704.5
2022-07-15,20588.84,21200.0,20382.29,20830.04,143343.3049,108.05999755859376,24.229999542236328,3863.159912109375,1702.4000244140625
2022-07-16,20830.04,21588.94,20478.61,21195.6,121011.67393,108.05999755859376,24.229999542236328,3863.159912109375,1702.4000244140625
2022-07-17,21195.6,21684.54,20750.01,20798.16,118229.4525,108.05999755859376,24.229999542236328,3863.159912109375,1702.4000244140625
2022-07-18,20799.58,22777.63,20762.45,22432.58,239942.73132,107.37000274658205,25.299999237060547,3830.85009765625,1709.199951171875
2022-07-19,22432.58,23800.0,21579.54,23396.62,263770.76574,106.68000030517578,24.5,3936.68994140625,1710.0
2022-07-20,23398.48,24276.74,22906.19,23223.3,238762.17094,107.08000183105467,23.8799991607666,3959.89990234375,1699.5
2022-07-21,23223.3,23442.77,22341.46,23152.19,184817.68191,106.91000366210938,23.11000061035156,3998.949951171875,1712.699951171875
2022-07-22,23152.19,23756.49,22500.0,22684.83,171598.43966,106.7300033569336,23.030000686645508,3961.6298828125,1727.0999755859375
2022-07-23,22684.83,23000.77,21934.57,22451.07,122137.77375,106.7300033569336,23.030000686645508,3961.6298828125,1727.0999755859375
2022-07-24,22448.58,23014.64,22257.15,22579.68,115189.67277,106.7300033569336,23.030000686645508,3961.6298828125,1727.0999755859375
2022-07-25,22577.13,22666.0,21250.0,21310.9,180344.76643,106.4800033569336,23.36000061035156,3966.840087890625,1719.0
2022-07-26,21310.9,21347.82,20706.5,21254.67,177817.24326,107.19000244140624,24.690000534057617,3921.050048828125,1717.699951171875
2022-07-27,21254.67,23112.63,21042.53,22952.45,210971.19796,106.4499969482422,23.239999771118164,4023.610107421875,1719.0999755859375
2022-07-28,22954.31,24199.72,22582.13,23842.93,236029.0741,106.3499984741211,22.32999992370605,4072.429931640625,1750.300048828125
2022-07-29,23845.25,24442.66,23414.03,23773.75,198298.50623,105.9000015258789,21.32999992370605,4130.2900390625,1762.9000244140625
2022-07-30,23777.28,24668.0,23502.25,23643.51,151060.13211,105.9000015258789,21.32999992370605,4130.2900390625,1762.9000244140625
2022-07-31,23644.64,24194.82,23227.31,23293.32,127743.32483,105.9000015258789,21.32999992370605,4130.2900390625,1762.9000244140625
2022-08-01,23296.36,23509.68,22850.0,23268.01,144210.16219,105.4499969482422,22.84000015258789,4118.6298828125,1769.0
2022-08-02,23266.9,23459.89,22654.37,22987.79,158073.28225,106.23999786376952,23.93000030517578,4091.18994140625,1771.0999755859375
2022-08-03,22985.93,23647.68,22681.22,22818.37,145948.80995,106.51000213623048,21.950000762939453,4155.169921875,1758.0
2022-08-04,22816.91,23223.32,22400.0,22622.98,154854.67016,105.69000244140624,21.440000534057617,4151.93994140625,1788.5
2022-08-05,22622.41,23472.86,22586.95,23312.42,175251.69749,106.62000274658205,21.149999618530277,4145.18994140625,1772.9000244140625
2022-08-06,23313.56,23354.36,22909.52,22954.21,83911.80307,106.62000274658205,21.149999618530277,4145.18994140625,1772.9000244140625
2022-08-07,22954.21,23402.0,22844.62,23174.39,88890.00877,106.62000274658205,21.149999618530277,4145.18994140625,1772.9000244140625
2022-08-08,23174.39,24245.0,23154.25,23810.0,170958.44152,106.44000244140624,21.290000915527344,4140.06005859375,1786.800048828125
2022-08-09,23810.98,23933.25,22865.0,23149.95,143182.50858,106.37000274658205,21.770000457763672,4122.47021484375,1794.0
2022-08-10,23151.32,24226.0,22664.69,23954.05,208916.54953,105.1999969482422,19.739999771118164,4210.240234375,1795.5999755859375
2022-08-11,23954.05,24918.54,23852.13,23934.39,249759.79557,105.08999633789062,20.200000762939453,4207.27001953125,1789.699951171875
2022-08-12,23933.09,24456.5,23583.0,24403.68,174207.5704,105.62999725341795,19.530000686645508,4280.14990234375,1798.5999755859375
2022-08-13,24401.7,24888.0,24291.22,24441.38,152852.25435,105.62999725341795,19.530000686645508,4280.14990234375,1798.5999755859375
2022-08-14,24443.06,25047.56,24144.0,24305.24,151206.14473,105.62999725341795,19.530000686645508,4280.14990234375,1798.5999755859375
2022-08-15,24305.25,25211.32,23773.22,24094.82,242539.54758,106.5500030517578,19.950000762939453,4297.14013671875,1781.4000244140625
2022-08-16,24093.04,24247.49,23671.22,23854.74,179324.94821,106.5,19.690000534057617,4305.2001953125,1773.199951171875
2022-08-17,23856.15,24446.71,23180.4,23342.66,210668.68766,106.56999969482422,19.899999618530277,4274.0400390625,1760.300048828125
2022-08-18,23342.66,23600.0,23111.04,23191.2,144185.97011,107.4800033569336,19.559999465942383,4283.740234375,1755.300048828125
2022-08-19,23191.45,23208.67,20783.57,20834.39,283995.87747,108.16999816894533,20.600000381469727,4228.47998046875,1747.5999755859375
2022-08-20,20834.39,21382.85,20761.9,21140.07,183041.68363,108.16999816894533,20.600000381469727,4228.47998046875,1747.5999755859375
2022-08-21,21140.07,21800.0,21069.11,21515.61,159200.6841,108.16999816894533,20.600000381469727,4228.47998046875,1747.5999755859375
2022-08-22,21516.7,21548.71,20890.18,21399.83,222222.04526,109.0500030517578,23.799999237060547,4137.990234375,1734.0
2022-08-23,21400.75,21684.87,20890.14,21529.12,200967.77164,108.62000274658205,24.11000061035156,4128.72998046875,1746.800048828125
2022-08-24,21529.11,21900.0,21145.0,21368.08,174383.22046,108.68000030517578,22.81999969482422,4140.77001953125,1747.800048828125
2022-08-25,21368.05,21819.88,21310.15,21559.04,169915.78301,108.47000122070312,21.780000686645508,4199.1201171875,1757.699951171875
2022-08-26,21559.04,21886.77,20107.9,20241.05,273811.61955,108.8000030517578,25.559999465942383,4057.659912109375,1736.0999755859375
2022-08-27,20239.14,20402.93,19800.0,20037.6,162582.46032,108.8000030517578,25.559999465942383,4057.659912109375,1736.0999755859375
2022-08-28,20037.6,20171.18,19520.0,19555.61,139307.95976,108.8000030517578,25.559999465942383,4057.659912109375,1736.0999755859375
2022-08-29,19555.61,20433.62,19550.79,20285.73,210509.49545,108.83999633789062,26.209999084472656,4030.610107421875,1736.5999755859375
2022-08-30,20287.2,20576.25,19540.0,19811.66,256634.35529,108.7699966430664,26.209999084472656,3986.159912109375,1723.199951171875
2022-08-31,19813.03,20490.0,19797.94,20050.02,276946.60765,108.6999969482422,25.8700008392334,3955.0,1712.800048828125
2022-09-01,20048.44,20208.37,19565.66,20131.46,245289.97263,109.69000244140624,25.559999465942383,3966.85009765625,1696.5999755859375
2022-09-02,20132.64,20441.26,19755.29,19951.86,245986.6033,109.52999877929688,25.46999931335449,3924.260009765625,1709.800048828125
2022-09-03,19950.98,20055.93,19652.72,19831.9,146639.03204,109.52999877929688,25.46999931335449,3924.260009765625,1709.800048828125
2022-09-04,19832.45,20029.23,19583.1,20000.3,145588.77893,109.52999877929688,25.46999931335449,3924.260009765625,1709.800048828125
2022-09-05,20000.3,20057.27,19633.83,19796.84,222543.01057,109.52999877929688,25.46999931335449,3924.260009765625,1709.800048828125
2022-09-06,19795.34,20180.0,18649.51,18790.61,356315.05718,110.20999908447266,26.90999984741211,3908.18994140625,1700.4000244140625
2022-09-07,18790.61,19464.06,18510.77,19292.84,287394.7788,109.83999633789062,24.63999938964844,3979.8701171875,1715.300048828125
2022-09-08,19292.85,19458.25,19012.0,19319.77,262813.28273,109.70999908447266,23.61000061035156,4006.179931640625,1708.0
2022-09-09,19320.54,21597.22,19291.75,21360.11,428919.74652,109.0,22.790000915527344,4067.360107421875,1716.199951171875
2022-09-10,21361.62,21810.8,21111.13,21648.34,307997.33504,109.0,22.790000915527344,4067.360107421875,1716.199951171875
2022-09-11,21647.21,21860.0,21350.0,21826.87,280702.55149,109.0,22.790000915527344,4067.360107421875,1716.199951171875
2022-09-12,21826.87,22488.0,21538.51,22395.74,395395.61828,108.33000183105467,23.8700008392334,4110.41015625,1728.0999755859375
2022-09-13,22395.44,22799.0,19860.0,20173.57,431915.03333,109.81999969482422,27.270000457763672,3932.68994140625,1705.0
2022-09-14,20173.62,20541.48,19617.62,20226.71,340826.40151,109.66000366210938,26.15999984741211,3946.010009765625,1696.5
2022-09-15,20227.17,20330.24,19497.0,19701.88,333069.76076,109.73999786376952,26.270000457763672,3901.35009765625,1665.4000244140625
2022-09-16,19701.88,19890.0,19320.01,19803.3,283791.07064,109.76000213623048,26.299999237060547,3873.330078125,1671.699951171875
2022-09-17,19803.3,20189.0,19748.08,20113.62,179350.24338,109.76000213623048,26.299999237060547,3873.330078125,1671.699951171875
2022-09-18,20112.61,20117.26,19335.62,19416.18,254217.46904,109.76000213623048,26.299999237060547,3873.330078125,1671.699951171875
2022-09-19,19417.45,19686.2,18232.56,19537.02,380512.40306,109.73999786376952,25.76000022888184,3899.889892578125,1666.199951171875
2022-09-20,19537.02,19634.62,18711.87,18875.0,324098.3286,110.22000122070312,27.15999984741211,3855.929931640625,1659.699951171875
2022-09-21,18874.31,19956.0,18125.98,18461.36,385034.10021,110.63999938964844,27.989999771118164,3789.929931640625,1664.5999755859375
2022-09-22,18461.36,19550.17,18356.39,19401.63,379321.72111,111.3499984741211,27.350000381469727,3757.989990234375,1670.800048828125
2022-09-23,19401.63,19500.0,18531.42,19289.91,385886.91829,113.19000244140624,29.920000076293945,3693.22998046875,1645.300048828125
2022-09-24,19288.57,19316.14,18805.34,18920.5,239496.56746,113.19000244140624,29.920000076293945,3693.22998046875,1645.300048828125
2022-09-25,18921.99,19180.21,18629.2,18807.38,191191.4492,113.19000244140624,29.920000076293945,3693.22998046875,1645.300048828125
2022-09-26,18809.13,19318.96,18680.72,19227.82,439239.21943,114.0999984741211,32.2599983215332,3655.0400390625,1623.300048828125
2022-09-27,19226.68,20385.86,18816.32,19079.13,593260.74161,114.11000061035156,32.599998474121094,3647.2900390625,1626.699951171875
2022-09-28,19078.1,19790.0,18471.28,19412.82,521385.45547,112.5999984741211,30.18000030517578,3719.0400390625,1660.4000244140625
2022-09-29,19412.82,19645.52,18843.01,19591.51,406424.93256,112.25,31.84000015258789,3640.469970703125,1658.5
2022-09-30,19590.54,20185.0,19155.36,19422.61,444322.9534,112.12000274658205,31.6200008392334,3585.6201171875,1662.4000244140625
2022-10-01,19422.61,19484.0,19159.42,19310.95,165625.13959,112.12000274658205,31.6200008392334,3585.6201171875,1662.4000244140625
2022-10-02,19312.24,19395.91,18920.35,19056.8,206812.47032,112.12000274658205,31.6200008392334,3585.6201171875,1662.4000244140625
2022-10-03,19057.74,19719.1,18959.68,19629.08,293585.75212,111.75,30.100000381469727,3678.429931640625,1692.9000244140625
2022-10-04,19629.08,20475.0,19490.6,20337.82,327012.00127,110.06999969482422,29.06999969482422,3790.929931640625,1721.0999755859375
2022-10-05,20337.82,20365.6,19730.0,20158.26,312239.75224,111.06999969482422,28.549999237060547,3783.280029296875,1711.4000244140625
2022-10-06,20158.26,20456.6,19853.0,19960.67,320122.1702,112.26000213623048,30.520000457763672,3744.52001953125,1711.699951171875
2022-10-07,19960.67,20068.82,19320.0,19530.09,220874.83913,112.8000030517578,31.36000061035156,3639.659912109375,1700.5
2022-10-08,19530.09,19627.38,19237.14,19417.96,102480.09842,112.8000030517578,31.36000061035156,3639.659912109375,1700.5
2022-10-09,19416.52,19558.0,19316.04,19439.02,113900.82681,112.8000030517578,31.36000061035156,3639.659912109375,1700.5
2022-10-10,19439.96,19525.0,19020.25,19131.87,212509.09849,113.13999938964844,32.45000076293945,3612.389892578125,1667.300048828125
2022-10-11,19131.87,19268.09,18860.0,19060.0,243473.84286,113.22000122070312,33.630001068115234,3588.840087890625,1678.699951171875
2022-10-12,19060.0,19238.31,18965.88,19155.53,213826.26731,113.31999969482422,33.56999969482422,3577.030029296875,1670.300048828125
2022-10-13,19155.1,19513.79,18190.0,19375.13,399756.68337,112.36000061035156,31.940000534057617,3669.909912109375,1670.0
2022-10-14,19375.58,19951.87,19070.37,19176.93,351634.32601,113.30999755859376,32.02000045776367,3583.070068359375,1641.699951171875
2022-10-15,19176.93,19227.68,18975.18,19069.39,113847.64232,113.30999755859376,32.02000045776367,3583.070068359375,1641.699951171875
2022-10-16,19068.4,19425.84,19063.74,19262.98,131894.61885,113.30999755859376,32.02000045776367,3583.070068359375,1641.699951171875
2022-10-17,19262.98,19676.96,19152.03,19549.86,222813.87634,112.04000091552734,31.3700008392334,3677.949951171875,1657.0
2022-10-18,19548.48,19706.66,19091.0,19327.44,260313.07848,112.12999725341795,30.5,3719.97998046875,1649.0
2022-10-19,19327.44,19360.16,19065.97,19123.97,186137.29538,112.9800033569336,30.76000022888184,3695.159912109375,1627.5
2022-10-20,19123.35,19347.82,18900.0,19041.92,223530.13068,112.87999725341795,29.979999542236328,3665.780029296875,1630.800048828125
2022-10-21,19041.92,19250.0,18650.0,19164.37,269310.75769,112.01000213623048,29.690000534057617,3752.75,1651.0
2022-10-22,19164.37,19257.0,19112.72,19204.35,110403.90837,112.01000213623048,29.690000534057617,3752.75,1651.0
2022-10-23,19204.29,19695.0,19070.11,19570.4,167057.20184,112.01000213623048,29.690000534057617,3752.75,1651.0
2022-10-24,19570.4,19601.15,19157.0,19329.72,256168.14467,111.98999786376952,29.850000381469727,3797.340087890625,1648.699951171875
2022-10-25,19330.6,20415.87,19237.0,20080.07,326370.67061,110.9499969482422,28.459999084472656,3859.110107421875,1652.800048828125
2022-10-26,20079.02,21020.0,20050.41,20771.59,380492.69576,109.6999969482422,27.280000686645508,3830.60009765625,1664.0
2022-10-27,20771.61,20872.21,20200.0,20295.11,328643.57791,110.58999633789062,27.38999938964844,3807.300048828125,1660.699951171875
2022-10-28,20295.11,20750.0,20000.09,20591.84,287039.94569,110.66999816894533,25.75,3901.06005859375,1639.5999755859375
2022-10-29,20591.84,21085.0,20554.01,20809.67,254881.77755,110.66999816894533,25.75,3901.06005859375,1639.5999755859375
2022-10-30,20809.68,20931.21,20515.0,20627.48,192795.60886,110.66999816894533,25.75,3901.06005859375,1639.5999755859375
2022-10-31,20627.48,20845.92,20237.95,20490.74,303567.61628,111.52999877929688,25.8799991607666,3871.97998046875,1635.9000244140625
2022-11-01,20490.74,20700.0,20330.74,20483.62,279932.43771,111.4800033569336,25.809999465942383,3856.10009765625,1645.0
2022-11-02,20482.81,20800.0,20048.04,20151.84,373716.27299,111.3499984741211,25.86000061035156,3759.68994140625,1645.699951171875
2022-11-03,20151.84,20393.32,20031.24,20207.82,319185.1544,112.93000030517578,25.299999237060547,3719.889892578125,1627.300048828125
2022-11-04,20207.12,21302.05,20180.96,21148.52,453694.39165,110.87999725341795,24.549999237060547,3770.550048828125,1672.5
2022-11-05,21148.52,21480.65,21080.65,21299.37,245621.98525,110.87999725341795,24.549999237060547,3770.550048828125,1672.5
2022-11-06,21299.37,21365.27,20886.13,20905.58,230036.97217,110.87999725341795,24.549999237060547,3770.550048828125,1672.5
2022-11-07,20905.58,21069.77,20384.89,20591.13,386977.60337,110.12000274658205,24.350000381469727,3806.800048828125,1676.5
2022-11-08,20590.67,20700.88,17166.83,18547.23,760705.362783,109.62000274658205,25.540000915527344,3828.110107421875,1712.0999755859375
2022-11-09,18545.38,18587.76,15588.0,15922.81,731926.929729,110.5500030517578,26.09000015258789,3748.570068359375,1710.0999755859375
2022-11-10,15922.68,18199.0,15754.26,17601.15,608448.36432,108.20999908447266,23.530000686645508,3956.3701171875,1750.300048828125
2022-11-11,17602.45,17695.0,16361.6,17070.31,393552.86492,106.29000091552734,22.520000457763672,3992.929931640625,1766.0
2022-11-12,17069.98,17119.1,16631.39,16812.08,167819.96035,106.29000091552734,22.520000457763672,3992.929931640625,1766.0
2022-11-13,16813.16,16954.28,16229.0,16329.85,184960.78846,106.29000091552734,22.520000457763672,3992.929931640625,1766.0
2022-11-14,16331.78,17190.0,15815.21,16619.46,380210.7775,106.66000366210938,23.729999542236328,3957.25,1773.5999755859375
2022-11-15,16617.72,17134.69,16527.72,16900.57,282461.84391,106.4000015258789,24.540000915527344,3991.72998046875,1773.800048828125
2022-11-16,16900.57,17015.92,16378.61,16662.76,261493.40809,106.27999877929688,24.11000061035156,3958.7900390625,1773.0
2022-11-17,16661.61,16751.0,16410.74,16692.56,228038.97873,106.69000244140624,23.93000030517578,3946.56005859375,1760.800048828125
2022-11-18,16692.56,17011.0,16546.04,16700.45,214224.18184,106.93000030517578,23.1200008392334,3965.340087890625,1751.9000244140625
2022-11-19,16699.43,16822.41,16553.53,16700.68,104963.15558,106.93000030517578,23.1200008392334,3965.340087890625,1751.9000244140625
2022-11-20,16700.68,16753.33,16180.0,16280.23,154842.13478,106.93000030517578,23.1200008392334,3965.340087890625,1751.9000244140625
2022-11-21,16279.5,16319.0,15476.0,15781.29,324096.997753,107.83999633789062,22.36000061035156,3949.93994140625,1737.4000244140625
2022-11-22,15781.29,16315.0,15616.63,16226.94,239548.06623,107.22000122070312,21.290000915527344,4003.580078125,1738.300048828125
2022-11-23,16227.96,16706.0,16160.2,16603.11,264927.70408,106.08000183105467,20.350000381469727,4027.260009765625,1744.9000244140625
2022-11-24,16603.11,16812.63,16458.05,16598.95,206565.92346,106.08000183105467,20.350000381469727,4027.260009765625,1744.9000244140625
2022-11-25,16599.55,16666.0,16342.81,16522.14,182089.49533,105.95999908447266,20.5,4026.1201171875,1753.300048828125
2022-11-26,16521.35,16701.99,16385.0,16458.57,181804.81666,105.95999908447266,20.5,4026.1201171875,1753.300048828125
2022-11-27,16457.61,16600.0,16401.0,16428.78,162025.47607,105.95999908447266,20.5,4026.1201171875,1753.300048828125
2022-11-28,16428.77,16487.04,15995.27,16212.91,252695.40367,106.68000030517578,22.209999084472656,3963.93994140625,1740.0999755859375
2022-11-29,16212.18,16548.71,16100.0,16442.53,248106.25009,106.81999969482422,21.88999938964844,3957.6298828125,1748.4000244140625
2022-11-30,16442.91,17249.0,16428.3,17163.64,303019.80719,105.9499969482422,20.57999992370605,4080.110107421875,1746.0
2022-12-01,17165.53,17324.0,16855.01,16977.37,232818.18218,104.7300033569336,19.84000015258789,4076.570068359375,1801.0999755859375
2022-12-02,16978.0,17105.73,16787.85,17092.74,202372.2062,104.5500030517578,19.059999465942383,4071.699951171875,1795.9000244140625
2022-12-03,17092.13,17188.98,16858.74,16885.2,154542.57306,104.5500030517578,19.059999465942383,4071.699951171875,1795.9000244140625
2022-12-04,16885.2,17202.84,16878.25,17105.7,178619.13387,104.5500030517578,19.059999465942383,4071.699951171875,1795.9000244140625
2022-12-05,17106.65,17424.25,16867.0,16966.35,233703.29225,105.29000091552734,20.75,3998.840087890625,1767.4000244140625
2022-12-06,16966.35,17107.01,16906.37,17088.96,218730.76883,105.58000183105467,22.170000076293945,3941.260009765625,1769.300048828125
2022-12-07,17088.96,17142.21,16678.83,16836.64,220657.41334,105.0999984741211,22.68000030517578,3933.919921875,1785.5
2022-12-08,16836.64,17299.0,16733.49,17224.1,236417.97804,104.7699966430664,22.290000915527344,3963.510009765625,1788.699951171875
2022-12-09,17224.1,17360.0,17058.21,17128.56,238422.06465,104.80999755859376,22.82999992370605,3934.3798828125,1798.0999755859375
2022-12-10,17128.56,17227.72,17092.0,17127.49,140573.97937,104.80999755859376,22.82999992370605,3934.3798828125,1798.0999755859375
2022-12-11,17127.49,17270.99,17071.0,17085.05,155286.47871,104.80999755859376,22.82999992370605,3934.3798828125,1798.0999755859375
2022-12-12,17085.05,17241.89,16871.85,17209.83,226227.49694,105.12999725341795,25.0,3990.56005859375,1780.5
2022-12-13,17208.93,18000.0,17080.14,17774.7,284462.9139,103.9800033569336,22.549999237060547,4019.64990234375,1813.9000244140625
2022-12-14,17775.82,18387.95,17660.94,17803.15,266681.22209,103.7699966430664,21.13999938964844,3995.320068359375,1807.5
2022-12-15,17804.01,17854.82,17275.51,17356.34,223701.96882,104.55999755859376,22.82999992370605,3895.75,1777.199951171875
2022-12-16,17356.96,17531.73,16527.32,16632.12,253379.04116,104.6999969482422,22.6200008392334,3852.360107421875,1790.0
2022-12-17,16631.5,16796.82,16579.85,16776.52,144825.66684,104.6999969482422,22.6200008392334,3852.360107421875,1790.0
2022-12-18,16777.54,16863.26,16663.07,16738.21,112619.31646,104.6999969482422,22.6200008392334,3852.360107421875,1790.0
2022-12-19,16739.0,16815.99,16256.3,16438.88,179094.28305,104.72000122070312,22.420000076293945,3817.659912109375,1787.699951171875
2022-12-20,16438.88,17061.27,16397.2,16895.56,248808.92324,103.97000122070312,21.479999542236328,3821.6201171875,1815.9000244140625
2022-12-21,16896.15,16925.0,16723.0,16824.67,156810.96362,104.16000366210938,20.06999969482422,3878.43994140625,1815.9000244140625
2022-12-22,16824.68,16868.52,16559.85,16821.43,176044.27235,104.43000030517578,21.96999931335449,3822.389892578125,1787.0
2022-12-23,16821.9,16955.14,16731.13,16778.5,161612.00947,104.30999755859376,20.8700008392334,3844.820068359375,1795.9000244140625
2022-12-24,16778.52,16869.99,16776.62,16836.12,100224.29096,104.30999755859376,20.8700008392334,3844.820068359375,1795.9000244140625
2022-12-25,16835.73,16857.96,16721.0,16832.11,125441.07202,104.30999755859376,20.8700008392334,3844.820068359375,1795.9000244140625
2022-12-26,16832.11,16944.52,16791.0,16919.39,124564.00656,104.30999755859376,20.8700008392334,3844.820068359375,1795.9000244140625
2022-12-27,16919.39,16972.83,16592.37,16706.36,173749.58616,104.18000030517578,21.649999618530277,3829.25,1814.800048828125
2022-12-28,16706.06,16785.19,16465.33,16547.31,193037.56577,104.45999908447266,22.13999938964844,3783.219970703125,1807.9000244140625
2022-12-29,16547.32,16664.41,16488.91,16633.47,160998.47158,103.83999633789062,21.440000534057617,3849.280029296875,1819.5
2022-12-30,16633.47,16677.35,16333.0,16607.48,164916.31174,103.5199966430664,21.670000076293945,3839.5,1819.699951171875
2022-12-31,16607.48,16644.09,16470.0,16542.4,114490.42864,103.5199966430664,21.670000076293945,3839.5,1819.699951171875
2023-01-01,16541.77,16628.0,16499.01,16616.75,96925.41374,103.5199966430664,21.670000076293945,3839.5,1819.699951171875
2023-01-02,16617.17,16799.23,16548.7,16672.87,121888.57191,103.5199966430664,21.670000076293945,3839.5,1819.699951171875
2023-01-03,16672.78,16778.4,16605.28,16675.18,159541.53733,104.5199966430664,22.899999618530277,3824.139892578125,1839.699951171875
2023-01-04,16675.65,16991.87,16652.66,16850.36,220362.18862,104.25,22.01000022888184,3852.969970703125,1852.800048828125
2023-01-05,16850.36,16879.82,16753.0,16831.85,163473.56641,105.04000091552734,22.459999084472656,3808.10009765625,1834.800048828125
2023-01-06,16831.85,17041.0,16679.0,16950.65,207401.28415,103.87999725341795,21.1299991607666,3895.080078125,1864.199951171875
2023-01-07,16950.31,16981.91,16908.0,16943.57,104526.5688,103.87999725341795,21.1299991607666,3895.080078125,1864.199951171875
2023-01-08,16943.83,17176.99,16911.0,17127.83,135155.89695,103.87999725341795,21.1299991607666,3895.080078125,1864.199951171875
2023-01-09,17127.83,17398.8,17104.66,17178.26,266211.52723,103.0,21.96999931335449,3892.090087890625,1872.699951171875
2023-01-10,17179.04,17499.0,17146.34,17440.66,221382.42581,103.23999786376952,20.57999992370605,3919.25,1871.5999755859373
2023-01-11,17440.64,18000.0,17315.6,17943.26,262221.60653,103.19000244140624,21.09000015258789,3969.610107421875,1874.5999755859373
2023-01-12,17943.26,19117.04,17892.05,18846.62,454568.32178,102.25,18.82999992370605,3983.169921875,1895.5
2023-01-13,18846.62,20000.0,18714.12,19930.01,368615.87823,102.1999969482422,18.350000381469727,3999.090087890625,1918.4000244140625
2023-01-14,19930.01,21258.0,19888.05,20954.92,393913.74951,102.1999969482422,18.350000381469727,3999.090087890625,1918.4000244140625
2023-01-15,20952.76,21050.74,20551.01,20871.5,178542.22549,102.1999969482422,18.350000381469727,3999.090087890625,1918.4000244140625
2023-01-16,20872.99,21474.05,20611.48,21185.65,293078.08262,102.1999969482422,18.350000381469727,3999.090087890625,1918.4000244140625
2023-01-17,21185.65,21647.45,20841.31,21134.81,275407.74409,102.38999938964844,19.36000061035156,3990.969970703125,1907.199951171875
2023-01-18,21132.29,21650.0,20407.15,20677.47,350916.01949,102.36000061035156,20.34000015258789,3928.860107421875,1904.4000244140625
2023-01-19,20677.47,21192.0,20659.19,21071.59,251385.84925,102.05999755859376,20.520000457763672,3898.85009765625,1922.0999755859373
2023-01-20,21071.59,22755.93,20861.28,22667.21,338079.13659,102.01000213623048,19.850000381469727,3972.610107421875,1926.4000244140625
2023-01-21,22666.0,23371.8,22422.0,22783.55,346445.48432,102.01000213623048,19.850000381469727,3972.610107421875,1926.4000244140625
2023-01-22,22783.35,23078.71,22292.37,22707.88,253577.75286,102.01000213623048,19.850000381469727,3972.610107421875,1926.4000244140625
2023-01-23,22706.02,23180.0,22500.0,22916.45,293588.37938,102.13999938964844,19.809999465942383,4019.81005859375,1927.0999755859373
2023-01-24,22917.81,23162.2,22462.93,22632.89,293158.78254,101.91999816894533,19.200000762939453,4016.949951171875,1933.9000244140625
2023-01-25,22631.94,23816.73,22300.0,23060.94,346042.83223,101.63999938964844,19.07999992370605,4016.219970703125,1941.199951171875
2023-01-26,23060.42,23282.47,22850.01,23009.65,288924.43581,101.83999633789062,18.729999542236328,4060.429931640625,1929.0999755859373
2023-01-27,23009.65,23500.0,22534.88,23074.16,280833.86315,101.93000030517578,18.51000022888184,4070.56005859375,1928.5999755859373
2023-01-28,23074.16,23189.0,22878.46,23022.6,148115.71085,101.93000030517578,18.51000022888184,4070.56005859375,1928.5999755859373
2023-01-29,23021.4,23960.54,22967.76,23742.3,295688.79204,101.93000030517578,18.51000022888184,4070.56005859375,1928.5999755859373
2023-01-30,23743.37,23800.51,22500.0,22826.15,302405.90121,102.27999877929688,19.940000534057617,4017.77001953125,1922.9000244140625
2023-01-31,22827.38,23320.0,22714.77,23125.13,264649.34909,102.0999984741211,19.399999618530277,4076.60009765625,1929.5
2023-02-01,23125.13,23812.66,22760.23,23732.66,310790.42271,101.22000122070312,17.8700008392334,4119.2099609375,1927.800048828125
2023-02-02,23731.41,24255.0,23363.27,23488.94,364177.20751,101.75,18.729999542236328,4179.759765625,1916.300048828125
2023-02-03,23489.33,23715.7,23204.62,23431.9,332571.02904,102.91999816894533,18.32999992370605,4136.47998046875,1862.9000244140625
2023-02-04,23431.9,23587.78,23253.96,23326.84,166126.47295,102.91999816894533,18.32999992370605,4136.47998046875,1862.9000244140625
2023-02-05,23327.66,23433.33,22743.0,22932.91,209251.33917,102.91999816894533,18.32999992370605,4136.47998046875,1862.9000244140625
2023-02-06,22932.91,23158.25,22628.13,22762.52,265371.6069,103.62000274658205,19.43000030517578,4111.080078125,1866.199951171875
2023-02-07,22762.52,23350.25,22745.78,23240.46,308006.72482,103.43000030517578,18.65999984741211,4164.0,1871.699951171875
2023-02-08,23242.42,23452.0,22665.85,22963.0,280056.30717,103.41000366210938,19.6299991607666,4117.85986328125,1877.4000244140625
2023-02-09,22961.85,23011.39,21688.0,21796.35,402894.6955,103.22000122070312,20.709999084472656,4081.5,1866.199951171875
2023-02-10,21797.83,21938.16,21451.0,21625.19,338591.94247,103.62999725341795,20.530000686645508,4090.4599609375,1862.800048828125
2023-02-11,21625.19,21906.32,21599.78,21862.55,177021.58433,103.62999725341795,20.530000686645508,4090.4599609375,1862.800048828125
2023-02-12,21862.02,22090.0,21630.0,21783.54,204435.65163,103.62999725341795,20.530000686645508,4090.4599609375,1862.800048828125
2023-02-13,21782.37,21894.99,21351.07,21773.97,295730.76791,103.3499984741211,20.34000015258789,4137.2900390625,1851.9000244140625
2023-02-14,21774.63,22319.08,21532.77,22199.84,361958.40109,103.2300033569336,18.90999984741211,4136.1298828125,1854.0
2023-02-15,22199.84,24380.0,22047.28,24324.05,375669.16111,103.91999816894533,18.229999542236328,4147.60009765625,1834.199951171875
2023-02-16,24322.87,25250.0,23505.25,23517.72,450080.68366,103.86000061035156,20.170000076293945,4090.409912109375,1842.0
2023-02-17,23517.72,25021.11,23339.37,24569.97,496813.21376,103.86000061035156,20.020000457763672,4079.090087890625,1840.4000244140625
2023-02-18,24568.24,24877.0,24430.0,24631.95,216917.25213,103.86000061035156,20.020000457763672,4079.090087890625,1840.4000244140625
2023-02-19,24632.05,25192.0,24192.57,24271.76,300395.99542,103.86000061035156,20.020000457763672,4079.090087890625,1840.4000244140625
2023-02-20,24272.51,25121.23,23840.83,24842.2,346938.56997,103.86000061035156,20.020000457763672,4079.090087890625,1840.4000244140625
2023-02-21,24843.89,25250.0,24148.34,24452.16,376000.82868,104.18000030517578,22.8700008392334,3997.340087890625,1833.0
2023-02-22,24450.67,24476.05,23574.69,24182.21,379425.75365,104.58999633789062,22.290000915527344,3991.050048828125,1832.0
2023-02-23,24182.21,24599.59,23608.0,23940.2,398400.45437,104.5999984741211,21.13999938964844,4012.320068359375,1818.0
2023-02-24,23940.2,24132.35,22841.19,23185.29,343582.57453,105.20999908447266,21.670000076293945,3970.0400390625,1808.800048828125
2023-02-25,23184.04,23219.13,22722.0,23157.07,191311.8101,105.20999908447266,21.670000076293945,3970.0400390625,1808.800048828125
2023-02-26,23157.07,23689.99,23059.18,23554.85,202323.73623,105.20999908447266,21.670000076293945,3970.0400390625,1808.800048828125
2023-02-27,23554.85,23897.99,23106.77,23492.09,283706.0859,104.66999816894533,20.950000762939453,3982.239990234375,1817.0
2023-02-28,23492.09,23600.0,23020.97,23141.57,264140.99894,104.87000274658205,20.700000762939453,3970.14990234375,1828.9000244140625
2023-03-01,23141.57,24000.0,23020.03,23628.97,315287.41737,104.4800033569336,20.57999992370605,3951.389892578125,1837.699951171875
2023-03-02,23629.76,23796.93,23195.9,23465.32,239315.45219,105.02999877929688,19.59000015258789,3981.35009765625,1833.5
2023-03-03,23465.32,23476.95,21971.13,22354.34,319954.19785,104.5199966430664,18.489999771118164,4045.639892578125,1847.699951171875
2023-03-04,22354.34,22410.0,22157.08,22346.57,121257.38132,104.5199966430664,18.489999771118164,4045.639892578125,1847.699951171875
2023-03-05,22346.57,22662.09,22189.22,22430.24,154841.75786,104.5199966430664,18.489999771118164,4045.639892578125,1847.699951171875
2023-03-06,22430.24,22602.19,22258.0,22410.0,203751.82957,104.3499984741211,18.61000061035156,4048.419921875,1847.9000244140625
2023-03-07,22409.41,22557.91,21927.0,22197.96,292519.80912,105.62000274658205,19.59000015258789,3986.3701171875,1813.9000244140625
2023-03-08,22198.56,22287.0,21580.0,21705.44,301460.57272,105.66000366210938,19.11000061035156,3992.010009765625,1812.699951171875
2023-03-09,21704.37,21834.99,20042.72,20362.22,443658.28584,105.30999755859376,22.61000061035156,3918.320068359375,1829.300048828125
2023-03-10,20362.21,20367.78,19549.09,20150.69,618456.4671,104.58000183105467,24.799999237060547,3861.590087890625,1862.0
2023-03-11,20150.69,20686.51,19765.03,20455.73,427831.82133,104.58000183105467,24.799999237060547,3861.590087890625,1862.0
2023-03-12,20455.73,22150.0,20270.6,21997.11,430944.94288,104.58000183105467,24.799999237060547,3861.590087890625,1862.0
2023-03-13,21998.05,24500.0,21813.88,24113.48,687889.31259,103.5999984741211,26.520000457763672,3855.760009765625,1911.699951171875
2023-03-14,24112.27,26386.87,23976.42,24670.41,699360.93423,103.5999984741211,23.729999542236328,3919.2900390625,1906.199951171875
2023-03-15,24670.41,25196.97,23896.95,24285.66,581450.72984,104.6500015258789,26.13999938964844,3891.929931640625,1926.5999755859373
2023-03-16,24285.66,25167.4,24123.0,24998.78,439421.32998,104.41999816894533,22.989999771118164,3960.280029296875,1919.0
2023-03-17,24998.78,27756.84,24890.0,27395.13,624460.68091,103.70999908447266,25.51000022888184,3916.639892578125,1969.800048828125
2023-03-18,27395.13,27724.85,26578.0,26907.49,371238.97174,103.70999908447266,25.51000022888184,3916.639892578125,1969.800048828125
2023-03-19,26907.49,28390.1,26827.22,27972.87,372066.99054,103.70999908447266,25.51000022888184,3916.639892578125,1969.800048828125
2023-03-20,27972.87,28472.0,27124.47,27717.01,477378.23373,103.27999877929688,24.149999618530277,3951.570068359375,1979.199951171875
2023-03-21,27717.01,28438.55,27303.1,28105.47,420929.7422,103.26000213623048,21.3799991607666,4002.8701171875,1938.0
2023-03-22,28107.81,28868.05,26601.8,27250.97,224113.41296,102.3499984741211,22.26000022888184,3936.969970703125,1946.800048828125
2023-03-23,27250.97,28750.0,27105.0,28295.41,128649.60818,102.52999877929688,22.61000061035156,3948.719970703125,1993.800048828125
2023-03-24,28295.42,28374.3,27000.0,27454.47,86242.06544,103.12000274658205,21.739999771118164,3970.989990234375,1982.0999755859373
2023-03-25,27454.46,27787.33,27156.09,27462.95,50844.08102,103.12000274658205,21.739999771118164,3970.989990234375,1982.0999755859373
2023-03-26,27462.96,28194.4,27417.76,27968.05,49671.70353,103.12000274658205,21.739999771118164,3970.989990234375,1982.0999755859373
2023-03-27,27968.05,28023.86,26508.14,27124.91,88039.46898,102.86000061035156,20.600000381469727,3977.530029296875,1952.4000244140625
2023-03-28,27124.9,27520.0,26631.78,27261.07,78602.44341,102.43000030517578,19.96999931335449,3971.27001953125,1972.4000244140625
2023-03-29,27261.06,28650.0,27240.1,28348.6,89486.16008,102.63999938964844,19.1200008392334,4027.81005859375,1966.0999755859373
2023-03-30,28348.6,29184.68,27686.0,28028.53,98865.43256,102.13999938964844,19.020000457763672,4050.830078125,1980.300048828125
2023-03-31,28028.53,28656.69,27511.71,28465.36,78198.12139,102.51000213623048,18.700000762939453,4109.31005859375,1969.0
2023-04-01,28465.36,28819.71,28220.27,28452.73,30238.44753,102.51000213623048,18.700000762939453,4109.31005859375,1969.0
2023-04-02,28452.74,28530.0,27856.43,28171.87,37365.65692,102.51000213623048,18.700000762939453,4109.31005859375,1969.0
2023-04-03,28171.87,28500.99,27200.24,27800.0,79180.01405,102.08999633789062,18.549999237060547,4124.509765625,1983.9000244140625
2023-04-04,27800.0,28444.44,27662.79,28165.47,49722.55691,101.58999633789062,19.0,4100.60009765625,2022.199951171875
2023-04-05,28165.47,28775.0,27805.1,28170.01,60737.64732,101.8499984741211,19.07999992370605,4090.3798828125,2020.9000244140625
2023-04-06,28170.01,28182.05,27711.0,28033.82,40118.94963,101.81999969482422,18.399999618530277,4105.02001953125,2011.9000244140625
2023-04-07,28033.83,28100.0,27766.94,27906.33,24762.09387,101.81999969482422,18.399999618530277,4105.02001953125,2011.9000244140625
2023-04-08,27906.34,28154.99,27859.02,27938.38,19479.96735,101.81999969482422,18.399999618530277,4105.02001953125,2011.9000244140625
2023-04-09,27938.38,28530.0,27800.0,28323.76,32531.16101,101.81999969482422,18.399999618530277,4105.02001953125,2011.9000244140625
2023-04-10,28323.76,29770.0,28170.0,29637.34,67754.0622,102.58000183105467,18.96999931335449,4109.10986328125,1989.0999755859373
2023-04-11,29637.35,30550.0,29590.0,30200.42,67990.07621,102.1999969482422,19.100000381469727,4108.93994140625,2004.800048828125
2023-04-12,30200.43,30486.0,29637.4,29888.07,62049.48451,101.5,19.09000015258789,4091.949951171875,2010.9000244140625
2023-04-13,29888.07,30595.0,29854.59,30373.84,51934.11731,101.01000213623048,17.799999237060547,4146.22021484375,2041.300048828125
2023-04-14,30373.84,31000.0,29966.0,30466.93,75984.19452,101.5500030517578,17.06999969482422,4137.64013671875,2002.199951171875
2023-04-15,30466.93,30595.6,30202.0,30295.09,25429.81247,101.5500030517578,17.06999969482422,4137.64013671875,2002.199951171875
2023-04-16,30295.1,30549.99,30120.0,30304.65,26431.99322,101.5500030517578,17.06999969482422,4137.64013671875,2002.199951171875
2023-04-17,30304.66,30316.06,29240.65,29430.27,56441.81127,102.0999984741211,16.950000762939453,4151.31982421875,1994.199951171875
2023-04-18,29430.27,30485.0,29096.78,30380.01,62004.89434,101.75,16.829999923706055,4154.8701171875,2007.4000244140625
2023-04-19,30380.01,30413.53,28520.0,28797.1,86575.48656,101.97000122070312,16.459999084472656,4154.52001953125,1995.199951171875
2023-04-20,28797.1,29088.3,28010.0,28243.65,76879.09372,101.83999633789062,17.170000076293945,4129.7900390625,2007.5999755859373
2023-04-21,28243.65,28374.02,27125.0,27262.84,77684.7679,101.81999969482422,16.770000457763672,4133.52001953125,1979.5
2023-04-22,27262.84,27882.72,27140.35,27816.85,36023.69686,101.81999969482422,16.770000457763672,4133.52001953125,1979.5
2023-04-23,27816.85,27816.85,27311.25,27590.6,34812.09581,101.81999969482422,16.770000457763672,4133.52001953125,1979.5
2023-04-24,27590.59,28000.0,26942.82,27510.93,53111.56874,101.3499984741211,16.889999389648438,4137.0400390625,1989.0999755859373
2023-04-25,27510.93,28399.99,27192.0,28300.79,52325.14637,101.86000061035156,18.76000022888184,4071.6298828125,1994.0
2023-04-26,28300.8,30036.0,27235.0,28415.29,129228.40403,101.47000122070312,18.84000015258789,4055.989990234375,1985.699951171875
2023-04-27,28415.29,29890.0,28378.86,29472.77,95430.82431,101.5,17.030000686645508,4135.35009765625,1989.9000244140625
2023-04-28,29472.77,29599.54,28891.0,29311.7,54298.16578,101.66999816894533,15.779999732971191,4169.47998046875,1990.0999755859373
2023-04-29,29311.69,29448.88,29031.0,29230.45,20466.83058,101.66999816894533,15.779999732971191,4169.47998046875,1990.0999755859373
2023-04-30,29230.45,29969.39,29079.59,29233.21,39752.5372,101.66999816894533,15.779999732971191,4169.47998046875,1990.0999755859373
2023-05-01,29233.2,29337.34,27666.95,28068.26,64433.65958,102.1500015258789,16.079999923706055,4167.8701171875,1983.4000244140625
2023-05-02,28068.26,28879.88,27872.0,28669.86,50824.5224,101.95999908447266,17.780000686645508,4119.580078125,2014.300048828125
2023-05-03,28669.85,29266.66,28113.69,29026.16,64615.79213,101.33999633789062,18.34000015258789,4090.75,2028.5999755859373
2023-05-04,29026.16,29379.83,28663.64,28838.16,42575.47501,101.4000015258789,20.09000015258789,4061.219970703125,2048.0
2023-05-05,28838.16,29677.0,28800.0,29505.61,58415.83048,101.20999908447266,17.190000534057617,4136.25,2017.4000244140625
2023-05-06,29505.6,29820.0,28300.0,28848.2,49249.28459,101.20999908447266,17.190000534057617,4136.25,2017.4000244140625
2023-05-07,28848.19,29138.29,28395.23,28430.1,30003.41028,101.20999908447266,17.190000534057617,4136.25,2017.4000244140625
2023-05-08,28430.09,28631.01,27262.0,27668.79,68244.36179,101.37000274658205,16.979999542236328,4138.1201171875,2026.300048828125
2023-05-09,27668.8,27818.0,27353.0,27628.27,40113.31069,101.63999938964844,17.709999084472656,4119.169921875,2036.199951171875
2023-05-10,27628.28,28331.42,26777.0,27598.75,71155.11355,101.4800033569336,16.940000534057617,4137.64013671875,2030.5
2023-05-11,27598.74,27630.14,26702.05,26968.62,47635.31365,102.05999755859376,16.93000030517578,4130.6201171875,2014.699951171875
2023-05-12,26968.61,27091.12,25811.46,26795.01,67207.93494,102.68000030517578,17.030000686645508,4124.080078125,2014.5
2023-05-13,26795.01,27045.45,26692.03,26775.28,22814.90421,102.68000030517578,17.030000686645508,4124.080078125,2014.5
2023-05-14,26775.27,27200.0,26560.53,26917.62,21594.8036,102.68000030517578,17.030000686645508,4124.080078125,2014.5
2023-05-15,26917.61,27663.59,26726.0,27162.14,40430.08333,102.43000030517578,17.1200008392334,4136.27978515625,2018.0
2023-05-16,27162.15,27296.89,26852.11,27033.84,33270.45451,102.55999755859376,17.989999771118164,4109.89990234375,1988.4000244140625
2023-05-17,27033.85,27500.0,26544.71,27405.61,42958.97785,102.87999725341795,16.8700008392334,4158.77001953125,1980.699951171875
2023-05-18,27405.62,27485.33,26361.2,26821.28,49198.65143,103.58000183105467,16.049999237060547,4198.0498046875,1956.5
2023-05-19,26821.28,27183.6,26630.0,26880.26,28754.13544,103.1999969482422,16.809999465942383,4191.97998046875,1978.699951171875
2023-05-20,26880.26,27150.0,26825.11,27102.43,14434.54718,103.1999969482422,16.809999465942383,4191.97998046875,1978.699951171875
2023-05-21,27102.42,27277.55,26666.03,26747.78,21347.87279,103.1999969482422,16.809999465942383,4191.97998046875,1978.699951171875
2023-05-22,26747.78,27099.89,26538.21,26849.27,26458.83828,103.1999969482422,17.209999084472656,4192.6298828125,1974.800048828125
2023-05-23,26849.28,27495.83,26798.11,27219.61,38700.83858,103.48999786376952,18.530000686645508,4145.580078125,1972.4000244140625
2023-05-24,27219.61,27219.61,26080.5,26329.01,54393.0657,103.88999938964844,20.030000686645508,4115.240234375,1962.800048828125
2023-05-25,26329.0,26631.98,25871.89,26473.79,37435.44895,104.20999908447266,19.13999938964844,4151.27978515625,1943.0999755859373
2023-05-26,26473.8,26932.16,26327.24,26705.92,35061.18713,104.20999908447266,17.950000762939453,4205.4501953125,1944.0999755859373
2023-05-27,26705.93,26895.0,26551.0,26854.27,15095.6867,104.20999908447266,17.950000762939453,4205.4501953125,1944.0999755859373
2023-05-28,26854.28,28261.32,26764.36,28065.0,43916.00855,104.20999908447266,17.950000762939453,4205.4501953125,1944.0999755859373
2023-05-29,28065.01,28447.14,27524.6,27736.4,42385.41945,104.20999908447266,17.950000762939453,4205.4501953125,1944.0999755859373
2023-05-30,27736.39,28038.59,27554.0,27694.4,32686.75371,104.16999816894533,17.459999084472656,4205.52001953125,1958.0
2023-05-31,27694.39,27835.51,26839.01,27210.35,46588.80573,104.31999969482422,17.940000534057617,4179.830078125,1963.9000244140625
2023-06-01,27210.36,27350.0,26605.05,26817.93,39217.8088,103.55999755859376,15.649999618530272,4221.02001953125,1978.0
2023-06-02,26817.93,27300.0,26505.0,27242.59,36380.90269,104.0199966430664,14.600000381469728,4282.3701171875,1952.4000244140625
2023-06-03,27242.59,27333.29,26914.93,27069.22,16595.34117,104.0199966430664,14.600000381469728,4282.3701171875,1952.4000244140625
2023-06-04,27069.22,27455.02,26951.0,27115.21,19258.41049,104.0199966430664,14.600000381469728,4282.3701171875,1952.4000244140625
2023-06-05,27115.2,27129.33,25388.0,25728.2,65805.60305,104.0,14.729999542236328,4273.7900390625,1958.0
2023-06-06,25728.2,27355.33,25351.02,27230.08,68392.60438,104.12999725341795,13.960000038146973,4283.85009765625,1965.5
2023-06-07,27230.07,27391.77,26125.01,26339.34,59619.44364,104.0999984741211,13.9399995803833,4267.52001953125,1942.699951171875
2023-06-08,26339.34,26810.0,26210.0,26498.61,31075.51083,103.33999633789062,13.649999618530272,4293.93017578125,1963.5999755859373
2023-06-09,26498.62,26783.33,26269.91,26477.81,27934.7097,103.55999755859376,13.829999923706056,4298.85986328125,1962.199951171875
2023-06-10,26477.8,26533.87,25358.0,25841.21,64944.60108,103.55999755859376,13.829999923706056,4298.85986328125,1962.199951171875
2023-06-11,25841.22,26206.88,25634.7,25925.55,30014.29595,103.55999755859376,13.829999923706056,4298.85986328125,1962.199951171875
2023-06-12,25925.54,26106.48,25602.11,25905.19,29900.50893,103.62999725341795,15.010000228881836,4338.93017578125,1955.300048828125
2023-06-13,25905.2,26433.21,25712.57,25934.25,41065.60853,103.33999633789062,14.609999656677246,4369.009765625,1944.5999755859373
2023-06-14,25934.24,26098.0,24820.56,25128.6,45077.31608,103.01000213623048,13.880000114440918,4372.58984375,1955.300048828125
2023-06-15,25128.6,25759.01,24800.0,25598.49,48664.86063,102.12000274658205,14.5,4425.83984375,1957.800048828125
2023-06-16,25598.49,26518.0,25175.56,26345.0,51596.91662,102.3000030517578,13.539999961853027,4409.58984375,1958.4000244140625
2023-06-17,26345.01,26839.99,26181.0,26516.99,27842.2195,102.3000030517578,13.539999961853027,4409.58984375,1958.4000244140625
2023-06-18,26516.99,26700.0,26255.85,26339.97,21538.31022,102.3000030517578,13.539999961853027,4409.58984375,1958.4000244140625
2023-06-19,26339.98,27068.09,26256.61,26844.35,35872.65974,102.3000030517578,13.539999961853027,4409.58984375,1958.4000244140625
2023-06-20,26844.35,28402.74,26652.0,28307.99,69666.95525,102.54000091552734,13.880000114440918,4388.7099609375,1935.5
2023-06-21,28308.0,30800.0,28257.99,29993.89,108926.40412,102.06999969482422,13.199999809265137,4365.68994140625,1933.300048828125
2023-06-22,29993.89,30500.0,29525.61,29884.92,59054.5646,102.38999938964844,12.90999984741211,4381.89013671875,1912.699951171875
2023-06-23,29884.92,31431.94,29800.0,30688.5,73931.89635,102.9000015258789,13.4399995803833,4348.330078125,1919.0999755859373
2023-06-24,30688.51,30800.0,30250.0,30527.43,30513.30135,102.9000015258789,13.4399995803833,4348.330078125,1919.0999755859373
2023-06-25,30527.44,31046.01,30277.49,30462.66,30223.44801,102.9000015258789,13.4399995803833,4348.330078125,1919.0999755859373
2023-06-26,30462.67,30666.0,29930.0,30267.99,45180.41489,102.69000244140624,14.25,4328.81982421875,1923.699951171875
2023-06-27,30267.99,30994.97,30226.17,30692.44,42699.64157,102.48999786376952,13.739999771118164,4378.41015625,1914.0
2023-06-28,30692.44,30709.74,29858.8,30077.41,40463.51937,102.91000366210938,13.43000030517578,4376.85986328125,1912.300048828125
2023-06-29,30077.4,30843.98,30049.98,30447.31,36330.62903,103.33999633789062,13.539999961853027,4396.43994140625,1909.199951171875
2023-06-30,30447.31,31282.0,29500.0,30472.0,89419.07618,102.91000366210938,13.59000015258789,4450.3798828125,1921.0999755859373
2023-07-01,30471.99,30661.6,30320.57,30585.9,17501.75075,102.91000366210938,13.59000015258789,4450.3798828125,1921.0999755859373
2023-07-02,30585.9,30791.0,30155.0,30617.03,23286.41019,102.91000366210938,13.59000015258789,4450.3798828125,1921.0999755859373
2023-07-03,30617.02,31380.0,30570.27,31156.2,43761.64311,102.98999786376952,13.56999969482422,4455.58984375,1921.699951171875
2023-07-04,31156.2,31350.69,30620.0,30766.51,33206.11943,102.98999786376952,13.56999969482422,4455.58984375,1921.699951171875
2023-07-05,30766.52,30878.07,30200.0,30504.81,33215.67122,103.37000274658205,14.18000030517578,4446.81982421875,1919.5999755859373
2023-07-06,30504.8,31500.0,29850.45,29895.43,71319.6261,103.16999816894533,15.4399995803833,4411.58984375,1908.699951171875
2023-07-07,29895.42,30449.0,29701.02,30344.7,34070.53895,102.2699966430664,14.829999923706056,4398.9501953125,1926.199951171875
2023-07-08,30344.7,30386.81,30044.47,30284.63,13094.59042,102.2699966430664,14.829999923706056,4398.9501953125,1926.199951171875
2023-07-09,30284.63,30445.52,30061.12,30160.71,15388.50196,102.2699966430664,14.829999923706056,4398.9501953125,1926.199951171875
2023-07-10,30160.71,31045.78,29950.0,30411.57,41262.87652,101.97000122070312,15.06999969482422,4409.52978515625,1925.0
2023-07-11,30411.57,30813.63,30300.0,30622.1,28476.83311,101.7300033569336,14.84000015258789,4439.259765625,1931.300048828125
2023-07-12,30622.1,30983.25,30210.0,30380.0,38108.99669,100.5199966430664,13.539999961853027,4472.16015625,1956.199951171875
2023-07-13,30380.0,31804.2,30251.0,31454.23,70772.51836,99.7699966430664,13.609999656677246,4510.0400390625,1959.199951171875
2023-07-14,31454.23,31630.0,29900.0,30312.01,60749.48424,99.91000366210938,13.34000015258789,4505.419921875,1960.0999755859373
2023-07-15,30312.0,30390.9,30200.0,30289.52,14118.55329,99.91000366210938,13.34000015258789,4505.419921875,1960.0999755859373
2023-07-16,30289.52,30441.46,30064.29,30231.99,15760.1281,99.91000366210938,13.34000015258789,4505.419921875,1960.0999755859373
2023-07-17,30232.0,30336.96,29659.2,30138.0,30882.76839,99.83999633789062,13.479999542236328,4522.7900390625,1952.4000244140625
2023-07-18,30138.01,30239.78,29512.0,29859.13,30003.8601,99.94000244140624,13.300000190734863,4554.97998046875,1977.199951171875
2023-07-19,29859.14,30189.09,29761.96,29909.21,25657.36137,100.27999877929688,13.760000228881836,4565.72021484375,1977.5
2023-07-20,29909.21,30417.46,29570.96,29800.0,37540.68193,100.87999725341795,13.989999771118164,4534.8701171875,1968.300048828125
2023-07-21,29800.0,30061.7,29726.34,29901.72,23881.40865,101.06999969482422,13.600000381469728,4536.33984375,1964.300048828125
2023-07-22,29901.72,29999.0,29625.1,29794.0,14660.40467,101.06999969482422,13.600000381469728,4536.33984375,1964.300048828125
2023-07-23,29793.99,30350.0,29730.0,30083.75,18292.78637,101.06999969482422,13.600000381469728,4536.33984375,1964.300048828125
2023-07-24,30083.75,30099.58,28861.9,29176.5,39628.99691,101.3499984741211,13.90999984741211,4554.64013671875,1960.300048828125
2023-07-25,29176.5,29376.0,29047.65,29228.91,21565.7478,101.3499984741211,13.859999656677246,4567.4599609375,1962.0999755859373
2023-07-26,29228.91,29690.0,29096.94,29351.96,33931.63366,100.88999938964844,13.1899995803833,4566.75,1968.9000244140625
2023-07-27,29351.95,29567.49,29083.85,29222.78,22476.47626,101.7699966430664,14.40999984741211,4537.41015625,1945.4000244140625
2023-07-28,29222.78,29542.22,29123.12,29314.14,23993.61627,101.62000274658205,13.329999923706056,4582.22998046875,1960.4000244140625
2023-07-29,29314.14,29406.92,29256.18,29352.9,10851.36844,101.62000274658205,13.329999923706056,4582.22998046875,1960.4000244140625
2023-07-30,29352.9,29449.0,29033.24,29281.09,15706.97441,101.62000274658205,13.329999923706056,4582.22998046875,1960.4000244140625
2023-07-31,29281.09,29530.0,29101.8,29232.25,22605.48964,101.86000061035156,13.630000114440918,4588.9599609375,1970.5
2023-08-01,29232.26,29739.25,28585.7,29705.99,44719.65162,102.3000030517578,13.93000030517578,4576.72998046875,1940.699951171875
2023-08-02,29705.99,30047.5,28927.5,29186.01,48181.65141,102.58999633789062,16.09000015258789,4513.39013671875,1937.4000244140625
2023-08-03,29186.0,29433.33,28968.0,29193.64,26476.91994,102.54000091552734,15.920000076293944,4501.89013671875,1932.0
2023-08-04,29193.65,29333.08,28807.54,29113.99,23551.95217,102.0199966430664,17.100000381469727,4478.02978515625,1939.5999755859373
2023-08-05,29114.0,29152.23,28978.64,29072.13,11645.52018,102.0199966430664,17.100000381469727,4478.02978515625,1939.5999755859373
2023-08-06,29072.13,29205.09,28991.88,29088.42,13178.1972,102.0199966430664,17.100000381469727,4478.02978515625,1939.5999755859373
2023-08-07,29088.43,29276.78,28701.03,29211.06,30966.87746,102.0500030517578,15.770000457763672,4518.43994140625,1933.5
2023-08-08,29211.06,30244.0,29146.45,29770.42,45700.53392,102.52999877929688,15.989999771118164,4499.3798828125,1924.0999755859373
2023-08-09,29770.41,30160.0,29376.67,29581.99,38003.88725,102.48999786376952,15.960000038146973,4467.7099609375,1915.4000244140625
2023-08-10,29581.99,29738.0,29320.2,29455.75,23463.45373,102.5199966430664,15.850000381469728,4468.830078125,1914.4000244140625
2023-08-11,29455.76,29564.52,29252.45,29426.03,20637.0443,102.83999633789062,14.84000015258789,4464.0498046875,1912.9000244140625
2023-08-12,29426.02,29481.35,29381.56,29430.17,8971.48068,102.83999633789062,14.84000015258789,4464.0498046875,1912.9000244140625
2023-08-13,29430.18,29474.65,29272.32,29303.84,11101.70947,102.83999633789062,14.84000015258789,4464.0498046875,1912.9000244140625
2023-08-14,29303.85,29695.32,29102.45,29430.93,31443.11532,103.19000244140624,14.81999969482422,4489.72021484375,1910.5999755859373
2023-08-15,29430.92,29499.26,29059.6,29200.0,27503.87691,103.20999908447266,16.459999084472656,4437.85986328125,1902.5
2023-08-16,29200.01,29259.85,28723.08,28730.51,32996.69854,103.41999816894533,16.780000686645508,4404.330078125,1896.0999755859373
2023-08-17,28730.51,28783.48,25166.0,26623.41,100271.54033,103.44000244140624,17.889999389648438,4370.35986328125,1884.0999755859373
2023-08-18,26623.41,26832.6,25619.0,26054.0,69790.65711,103.37999725341795,17.299999237060547,4369.7099609375,1886.0999755859373
2023-08-19,26054.0,26281.0,25801.09,26100.01,26160.75343,103.37999725341795,17.299999237060547,4369.7099609375,1886.0999755859373
2023-08-20,26100.01,26299.0,25971.05,26189.99,19056.91209,103.37999725341795,17.299999237060547,4369.7099609375,1886.0999755859373
2023-08-21,26190.0,26258.42,25812.0,26126.92,30267.24233,103.33000183105467,17.1299991607666,4399.77001953125,1893.300048828125
2023-08-22,26126.92,26139.42,25300.0,26056.0,34247.06688,103.55999755859376,16.969999313354492,4387.5498046875,1896.4000244140625
2023-08-23,26055.99,26819.27,25812.82,26432.72,44023.69978,103.36000061035156,15.979999542236328,4436.009765625,1918.5
2023-08-24,26432.71,26577.87,25864.0,26180.05,30205.22116,103.9800033569336,17.200000762939453,4376.31005859375,1918.199951171875
2023-08-25,26180.05,26314.05,25777.15,26060.01,27753.33772,104.08000183105467,15.68000030517578,4405.7099609375,1911.0999755859373
2023-08-26,26060.0,26125.77,25985.92,26017.37,10022.22322,104.08000183105467,15.68000030517578,4405.7099609375,1911.0999755859373
2023-08-27,26017.38,26182.23,25966.11,26101.77,12099.64216,104.08000183105467,15.68000030517578,4405.7099609375,1911.0999755859373
2023-08-28,26101.78,26253.99,25864.5,26120.0,22692.62655,104.05999755859376,15.079999923706056,4433.31005859375,1917.9000244140625
2023-08-29,26120.0,28142.85,25922.0,27716.34,74251.99488,103.5500030517578,14.449999809265137,4497.6298828125,1936.5
2023-08-30,27716.34,27768.57,27017.24,27299.99,35448.25848,103.16000366210938,13.880000114440918,4514.8701171875,1944.300048828125
2023-08-31,27299.99,27587.51,25655.01,25940.78,51032.80401,103.62000274658205,13.56999969482422,4507.66015625,1938.199951171875
2023-09-01,25940.77,26156.0,25333.75,25805.05,41032.15056,104.23999786376952,13.09000015258789,4515.77001953125,1939.800048828125
2023-09-02,25805.04,25987.5,25752.47,25869.51,16250.77698,104.23999786376952,13.09000015258789,4515.77001953125,1939.800048828125
2023-09-03,25869.52,26135.0,25800.0,25971.21,17474.47667,104.23999786376952,13.09000015258789,4515.77001953125,1939.800048828125
2023-09-04,25971.21,26108.02,25631.21,25826.02,21777.59609,104.23999786376952,13.09000015258789,4515.77001953125,1939.800048828125
2023-09-05,25826.03,25915.49,25562.62,25792.1,21323.39337,104.80999755859376,14.010000228881836,4496.830078125,1926.199951171875
2023-09-06,25792.11,26040.0,25372.51,25759.95,27262.52386,104.86000061035156,14.449999809265137,4465.47998046875,1918.0999755859373
2023-09-07,25759.95,26443.14,25615.38,26255.0,27687.49567,105.05999755859376,14.399999618530272,4451.14013671875,1917.5
2023-09-08,26255.0,26445.5,25647.26,25910.5,28999.76471,105.08999633789062,13.84000015258789,4457.490234375,1918.4000244140625
2023-09-09,25910.5,25945.09,25796.64,25901.61,10980.62277,105.08999633789062,13.84000015258789,4457.490234375,1918.4000244140625
2023-09-10,25901.6,26033.66,25570.57,25841.61,18738.26914,105.08999633789062,13.84000015258789,4457.490234375,1918.4000244140625
2023-09-11,25841.6,25900.69,24901.0,25162.52,41682.32,104.56999969482422,13.800000190734863,4487.4599609375,1923.300048828125
2023-09-12,25162.53,26567.0,25131.48,25840.1,56434.38537,104.70999908447266,14.229999542236328,4461.89990234375,1911.300048828125
2023-09-13,25840.1,26405.22,25764.17,26222.0,31610.82753,104.7699966430664,13.479999542236328,4467.43994140625,1909.0999755859373
2023-09-14,26222.0,26860.49,26126.77,26522.73,38333.1725,105.41000366210938,12.81999969482422,4505.10009765625,1910.0
2023-09-15,26522.73,26888.0,26224.0,26600.0,26227.29369,105.31999969482422,13.789999961853027,4450.31982421875,1923.699951171875
2023-09-16,26599.99,26777.0,26445.0,26559.67,13960.93351,105.31999969482422,13.789999961853027,4450.31982421875,1923.699951171875
2023-09-17,26559.67,26623.25,26399.0,26527.51,12998.10277,105.31999969482422,13.789999961853027,4450.31982421875,1923.699951171875
2023-09-18,26527.5,27409.0,26377.35,26762.51,43000.43256,105.1999969482422,14.0,4453.52978515625,1931.5
2023-09-19,26762.5,27483.57,26667.79,27210.26,36190.52187,105.1999969482422,14.109999656677246,4443.9501953125,1932.0
2023-09-20,27210.25,27388.63,26800.0,27125.0,34207.21867,105.16000366210938,15.140000343322754,4402.2001953125,1945.5999755859373
2023-09-21,27125.01,27159.6,26377.7,26568.08,34476.82662,105.36000061035156,17.540000915527344,4330.0,1919.199951171875
2023-09-22,26568.08,26743.38,26468.77,26580.14,18198.2292,105.58000183105467,17.200000762939453,4320.06005859375,1925.4000244140625
2023-09-23,26580.14,26632.81,26509.0,26575.96,9440.7026,105.58000183105467,17.200000762939453,4320.06005859375,1925.4000244140625
2023-09-24,26575.97,26738.54,26122.08,26248.38,15706.65771,105.58000183105467,17.200000762939453,4320.06005859375,1925.4000244140625
2023-09-25,26248.39,26446.15,25990.46,26304.81,26266.2039,106.0,16.899999618530273,4337.43994140625,1916.5999755859373
2023-09-26,26304.8,26397.46,26088.34,26221.67,18495.35066,106.2300033569336,18.940000534057617,4273.52978515625,1900.4000244140625
2023-09-27,26221.68,26850.0,26112.06,26372.99,34771.57978,106.66999816894533,18.21999931335449,4274.509765625,1871.5999755859373
2023-09-28,26373.0,27308.48,26342.4,27021.39,44517.83491,106.22000122070312,17.34000015258789,4299.7001953125,1860.4000244140625
2023-09-29,27021.39,27244.89,26665.16,26906.96,28478.76219,106.16999816894533,17.520000457763672,4288.0498046875,1848.0999755859373
2023-09-30,26906.96,27094.99,26886.31,26962.56,12804.62307,106.16999816894533,17.520000457763672,4288.0498046875,1848.0999755859373
2023-10-01,26962.57,28065.51,26954.09,27992.57,24602.81468,106.16999816894533,17.520000457763672,4288.0498046875,1848.0999755859373
2023-10-02,27992.58,28580.0,27281.44,27494.51,57071.14241,106.9000015258789,17.610000610351562,4288.39013671875,1830.0
2023-10-03,27494.51,27676.52,27160.5,27426.46,28928.96555,107.0,19.780000686645508,4229.4501953125,1824.5999755859373
2023-10-04,27426.45,27839.72,27202.0,27778.57,29816.142,106.8000030517578,18.57999992370605,4263.75,1818.5
2023-10-05,27778.57,28120.39,27352.0,27410.39,30681.49619,106.33000183105467,18.489999771118164,4258.18994140625,1816.5999755859373
2023-10-06,27410.39,28295.0,27175.94,27931.09,37983.24277,106.04000091552734,17.450000762939453,4308.5,1830.199951171875
2023-10-07,27931.1,28029.67,27842.08,27956.67,13348.83825,106.04000091552734,17.450000762939453,4308.5,1830.199951171875
2023-10-08,27956.67,28095.14,27687.5,27917.05,19693.56921,106.04000091552734,17.450000762939453,4308.5,1830.199951171875
2023-10-09,27917.06,27987.93,27260.0,27590.12,31534.74639,106.08000183105467,17.700000762939453,4335.66015625,1849.5
2023-10-10,27590.12,27735.0,27298.0,27390.12,22776.84383,105.83000183105467,17.030000686645508,4358.240234375,1861.0
2023-10-11,27390.12,27477.39,26538.66,26875.52,37349.44706,105.81999969482422,16.09000015258789,4376.9501953125,1872.800048828125
2023-10-12,26875.52,26947.04,26555.0,26759.63,23428.64112,106.56999969482422,16.690000534057617,4349.60986328125,1869.300048828125
2023-10-13,26759.63,27130.0,26685.0,26862.0,24115.76499,106.6500015258789,19.31999969482422,4327.77978515625,1927.4000244140625
2023-10-14,26862.0,26989.58,26789.0,26852.48,10417.25576,106.6500015258789,19.31999969482422,4327.77978515625,1927.4000244140625
2023-10-15,26852.48,27293.33,26808.25,27154.15,15274.6917,106.6500015258789,19.31999969482422,4327.77978515625,1927.4000244140625
2023-10-16,27154.14,30000.0,27112.66,28500.78,78399.22445,106.23999786376952,17.209999084472656,4373.6298828125,1921.0999755859373
2023-10-17,28500.77,28613.65,28069.32,28395.91,38428.44532,106.25,17.8799991607666,4373.2001953125,1922.699951171875
2023-10-18,28395.91,28982.36,28142.87,28320.0,32162.47591,106.56999969482422,19.21999931335449,4314.60009765625,1955.300048828125
2023-10-19,28320.0,28916.89,28100.66,28713.71,35895.50179,106.25,21.399999618530277,4278.0,1968.4000244140625
2023-10-20,28713.71,30207.55,28578.29,29669.04,59422.0992,106.16000366210938,21.709999084472656,4224.16015625,1982.5
2023-10-21,29669.05,30379.99,29464.77,29909.8,27517.51897,106.16000366210938,21.709999084472656,4224.16015625,1982.5
2023-10-22,29909.8,30248.0,29640.0,29992.46,22852.54563,106.16000366210938,21.709999084472656,4224.16015625,1982.5
2023-10-23,29992.46,34741.91,29883.6,33069.99,93513.64246,105.54000091552734,20.3700008392334,4217.0400390625,1976.300048828125
2023-10-24,33069.99,35280.0,32832.34,33922.73,115265.02418,106.2699966430664,18.96999931335449,4247.68017578125,1975.0
2023-10-25,33922.73,35132.85,33679.05,34496.05,54887.02529,106.52999877929688,20.190000534057617,4186.77001953125,1984.0999755859373
2023-10-26,34496.05,34824.13,33751.0,34151.66,39744.66255,106.5999984741211,20.68000030517578,4137.22998046875,1987.199951171875
2023-10-27,34151.66,34245.0,33390.95,33892.02,32330.40106,106.55999755859376,21.270000457763672,4117.3701171875,1988.5999755859373
2023-10-28,33892.01,34493.33,33860.0,34081.0,16880.13144,106.55999755859376,21.270000457763672,4117.3701171875,1988.5999755859373
2023-10-29,34081.01,34750.11,33930.0,34525.89,20685.52176,106.55999755859376,21.270000457763672,4117.3701171875,1988.5999755859373
2023-10-30,34525.88,34856.0,34062.84,34474.73,33657.95976,106.12000274658205,19.75,4166.81982421875,1996.199951171875
2023-10-31,34474.74,34720.49,34025.0,34639.77,32737.89822,106.66000366210938,18.13999938964844,4193.7998046875,1985.199951171875
2023-11-01,34639.78,35582.0,34097.39,35421.43,53473.28165,106.87999725341795,16.8700008392334,4237.85986328125,1978.800048828125
2023-11-02,35421.43,35984.99,34300.0,34941.59,48015.57732,106.12000274658205,15.65999984741211,4317.77978515625,1985.5999755859373
2023-11-03,34941.58,34946.5,34120.0,34716.78,39071.20644,105.0199966430664,14.90999984741211,4358.33984375,1991.5
2023-11-04,34716.78,35255.0,34585.18,35062.07,18377.55545,105.0199966430664,14.90999984741211,4358.33984375,1991.5
2023-11-05,35062.06,35380.0,34448.0,35011.88,24528.73376,105.0199966430664,14.90999984741211,4358.33984375,1991.5
2023-11-06,35011.89,35276.33,34725.9,35046.09,22346.47086,105.22000122070312,14.890000343322754,4365.97998046875,1981.5999755859373
2023-11-07,35046.09,35888.0,34523.06,35399.12,38688.73692,105.54000091552734,14.8100004196167,4378.3798828125,1966.800048828125
2023-11-08,35399.13,36106.0,35100.0,35624.72,33401.34137,105.58999633789062,14.449999809265137,4382.77978515625,1951.5
2023-11-09,35624.72,37972.24,35534.05,36701.09,82537.88885,105.91000366210938,15.289999961853027,4347.35009765625,1964.199951171875
2023-11-10,36701.1,37526.0,36324.71,37301.63,43414.04898,105.86000061035156,14.170000076293944,4415.240234375,1932.5999755859373
2023-11-11,37301.63,37408.26,36666.93,37130.0,22984.97235,105.86000061035156,14.170000076293944,4415.240234375,1932.5999755859373
2023-11-12,37129.99,37222.22,36731.1,37064.13,17687.18874,105.86000061035156,14.170000076293944,4415.240234375,1932.5999755859373
2023-11-13,37064.13,37417.99,36333.0,36462.93,32798.18252,105.66000366210938,14.760000228881836,4411.5498046875,1945.5
2023-11-14,36462.93,36744.0,34800.0,35551.19,45503.68416,104.11000061035156,14.15999984741211,4495.7001953125,1961.800048828125
2023-11-15,35551.2,37980.0,35360.0,37858.2,53569.13385,104.38999938964844,14.18000030517578,4502.8798828125,1960.0999755859373
2023-11-16,37858.2,37929.54,35500.0,36163.51,47490.39566,104.37000274658205,14.31999969482422,4508.240234375,1983.9000244140625
2023-11-17,36163.51,36800.0,35861.1,36613.92,38283.61112,103.81999969482422,13.800000190734863,4514.02001953125,1981.5999755859373
2023-11-18,36613.91,36845.49,36178.58,36568.1,17102.24186,103.81999969482422,13.800000190734863,4514.02001953125,1981.5999755859373
2023-11-19,36568.11,37500.0,36384.02,37359.86,21246.34648,103.81999969482422,13.800000190734863,4514.02001953125,1981.5999755859373
2023-11-20,37359.85,37750.0,36677.0,37448.78,36022.70291,103.47000122070312,13.40999984741211,4547.3798828125,1977.699951171875
2023-11-21,37448.79,37649.44,35735.0,35741.65,47646.54804,103.58999633789062,13.350000381469728,4538.18994140625,1999.300048828125
2023-11-22,35741.65,37861.1,35632.01,37408.34,45051.30697,103.91999816894533,12.850000381469728,4556.6201171875,1991.4000244140625
2023-11-23,37408.35,37653.44,36870.0,37294.28,23827.92882,103.91999816894533,12.850000381469728,4556.6201171875,1991.4000244140625
2023-11-24,37294.27,38414.0,37251.51,37713.57,44680.80646,103.4000015258789,12.460000038146973,4559.33984375,2002.199951171875
2023-11-25,37713.57,37888.0,37591.1,37780.67,11396.14464,103.4000015258789,12.460000038146973,4559.33984375,2002.199951171875
2023-11-26,37780.67,37814.63,37150.0,37447.43,21264.53723,103.4000015258789,12.460000038146973,4559.33984375,2002.199951171875
2023-11-27,37447.42,37569.23,36707.0,37242.7,30001.07376,103.1999969482422,12.6899995803833,4550.43017578125,2011.800048828125
2023-11-28,37242.7,38377.0,36868.41,37818.87,37544.46667,102.75,12.6899995803833,4554.89013671875,2039.699951171875
2023-11-29,37818.88,38450.0,37570.0,37854.64,32994.19107,102.7699966430664,12.979999542236328,4550.580078125,2047.0999755859373
2023-11-30,37854.65,38145.85,37500.0,37723.96,24740.29147,103.5,12.920000076293944,4567.7998046875,2038.0999755859373
2023-12-01,37723.97,38999.0,37615.86,38682.52,43415.66324,103.2699966430664,12.630000114440918,4594.6298828125,2071.0
2023-12-02,38682.51,39717.14,38641.61,39450.35,26696.92161,103.2699966430664,12.630000114440918,4594.6298828125,2071.0
2023-12-03,39450.35,40250.0,39274.86,39972.26,26710.65335,103.2699966430664,12.630000114440918,4594.6298828125,2071.0
2023-12-04,39972.26,42420.0,39972.26,41991.1,79272.33059,103.63999938964844,13.079999923706056,4569.77978515625,2024.0999755859373
2023-12-05,41991.1,44488.0,41414.0,44073.32,67490.74644,104.0500030517578,12.850000381469728,4567.18017578125,2018.5
2023-12-06,44073.82,44297.21,43335.28,43762.69,51431.10492,104.1500015258789,12.970000267028809,4549.33984375,2030.5
2023-12-07,43762.69,44047.33,42821.1,43273.14,47103.26845,103.54000091552734,13.0600004196167,4585.58984375,2029.9000244140625
2023-12-08,43273.15,44700.0,43081.1,44170.99,42900.37556,104.01000213623048,12.350000381469728,4604.3701171875,1998.300048828125
2023-12-09,44171.0,44358.02,43584.51,43713.6,24925.97008,104.01000213623048,12.350000381469728,4604.3701171875,1998.300048828125
2023-12-10,43713.59,44049.0,43563.0,43789.51,18956.61758,104.01000213623048,12.350000381469728,4604.3701171875,1998.300048828125
2023-12-11,43789.5,43804.5,40222.0,41253.4,76663.89804,104.0999984741211,12.630000114440918,4622.43994140625,1978.0
2023-12-12,41253.41,42104.12,40680.0,41492.39,42722.69773,103.87000274658205,12.06999969482422,4643.7001953125,1977.800048828125
2023-12-13,41492.38,43475.2,40555.0,42869.03,45865.99773,102.87000274658205,12.1899995803833,4707.08984375,1982.300048828125
2023-12-14,42869.03,43420.0,41400.0,43022.26,42047.05709,101.95999908447266,12.479999542236328,4719.5498046875,2030.199951171875
2023-12-15,43022.26,43080.81,41666.0,41940.3,33421.7932,102.5500030517578,12.279999732971191,4719.18994140625,2021.0999755859373
2023-12-16,41940.29,42724.43,41605.0,42278.03,24118.85747,102.5500030517578,12.279999732971191,4719.18994140625,2021.0999755859373
2023-12-17,42278.02,42424.07,41252.0,41374.65,27722.11452,102.5500030517578,12.279999732971191,4719.18994140625,2021.0999755859373
2023-12-18,41374.64,42757.81,40542.93,42657.8,46734.0925,102.51000213623048,12.5600004196167,4740.56005859375,2026.300048828125
2023-12-19,42657.8,43497.0,41811.1,42275.99,40927.86444,102.16999816894533,12.529999732971191,4768.3701171875,2038.4000244140625
2023-12-20,42275.99,44283.0,42206.0,43668.93,48710.2947,102.41000366210938,13.670000076293944,4698.35009765625,2034.5
2023-12-21,43668.92,44242.35,43286.72,43861.8,34624.29384,101.83999633789062,13.649999618530272,4746.75,2039.0999755859373
2023-12-22,43861.79,44398.26,43412.54,43969.04,32783.19638,101.6999969482422,13.029999732971191,4754.6298828125,2057.10009765625
2023-12-23,43969.04,43988.68,43291.1,43702.16,16557.1293,101.6999969482422,13.029999732971191,4754.6298828125,2057.10009765625
2023-12-24,43702.15,43946.0,42500.0,42991.5,25144.33496,101.6999969482422,13.029999732971191,4754.6298828125,2057.10009765625
2023-12-25,42991.5,43802.32,42720.43,43576.13,27021.23992,101.6999969482422,13.029999732971191,4754.6298828125,2057.10009765625
2023-12-26,43576.12,43592.68,41637.6,42508.93,41010.04282,101.47000122070312,12.989999771118164,4774.75,2058.199951171875
2023-12-27,42508.93,43677.0,42098.69,43428.85,36191.21136,100.98999786376952,12.43000030517578,4781.580078125,2081.89990234375
2023-12-28,43428.86,43787.57,42241.79,42563.76,35150.52485,101.2300033569336,12.470000267028809,4783.35009765625,2073.89990234375
2023-12-29,42563.76,43111.0,41300.0,42066.95,42597.18912,101.33000183105467,12.449999809265137,4769.830078125,2062.39990234375
2023-12-30,42066.94,42612.32,41520.3,42140.28,22906.57818,101.33000183105467,12.449999809265137,4769.830078125,2062.39990234375
2023-12-31,42140.29,42899.0,41965.84,42283.58,23585.91603,101.33000183105467,12.449999809265137,4769.830078125,2062.39990234375
2024-01-01,42283.58,44184.1,42180.77,44179.55,27174.29903,101.33000183105467,12.449999809265137,4769.830078125,2062.39990234375
2024-01-02,44179.55,45879.63,44148.34,44946.91,65146.40661,102.1999969482422,13.199999809265137,4742.830078125,2064.39990234375
2024-01-03,44946.91,45500.0,40750.0,42845.23,81194.55173,102.45999908447266,14.039999961853027,4704.81005859375,2034.199951171875
2024-01-04,42845.23,44729.58,42613.77,44151.1,48038.06334,102.41999816894533,14.130000114440918,4688.68017578125,2042.300048828125
2024-01-05,44151.1,44357.46,42450.0,44145.11,48075.25327,102.41000366210938,13.350000381469728,4697.240234375,2042.4000244140625
2024-01-06,44145.12,44214.42,43397.05,43968.32,17835.06144,102.41000366210938,13.350000381469728,4697.240234375,2042.4000244140625
2024-01-07,43968.32,44480.59,43572.09,43929.02,23023.8508,102.41000366210938,13.350000381469728,4697.240234375,2042.4000244140625
2024-01-08,43929.01,47248.99,43175.0,46951.04,72814.57589,102.20999908447266,13.079999923706056,4763.5400390625,2026.5999755859373
2024-01-09,46951.04,47972.0,44748.67,46110.0,69927.66617,102.56999969482422,12.760000228881836,4756.5,2026.4000244140625
2024-01-10,46110.0,47695.93,44300.36,46653.99,89911.41203,102.36000061035156,12.6899995803833,4783.4501953125,2021.699951171875
2024-01-11,46654.0,48969.48,45606.06,46339.16,87470.3296,102.29000091552734,12.4399995803833,4780.240234375,2014.300048828125
2024-01-12,46339.16,46515.53,41500.0,42782.73,86327.93707,102.4000015258789,12.699999809265137,4783.830078125,2046.699951171875
2024-01-13,42782.74,43257.0,42436.12,42847.99,36118.47464,102.4000015258789,12.699999809265137,4783.830078125,2046.699951171875
2024-01-14,42847.99,43079.0,41720.0,41732.35,28228.40894,102.4000015258789,12.699999809265137,4783.830078125,2046.699951171875
2024-01-15,41732.35,43400.43,41718.05,42511.1,40269.89303,102.4000015258789,12.699999809265137,4783.830078125,2046.699951171875
2024-01-16,42511.1,43578.01,42050.0,43137.95,45045.74589,103.36000061035156,13.84000015258789,4765.97998046875,2026.0
2024-01-17,43137.94,43198.0,42200.69,42776.1,33266.21388,103.4499969482422,14.789999961853027,4739.2099609375,2002.5999755859373
2024-01-18,42776.09,42930.0,40683.28,41327.5,43907.51641,103.54000091552734,14.130000114440918,4780.93994140625,2018.5999755859373
2024-01-19,41327.51,42196.86,40280.0,41659.03,48342.74559,103.29000091552734,13.300000190734863,4839.81005859375,2026.5
2024-01-20,41659.03,41872.56,41456.3,41696.04,15923.99493,103.29000091552734,13.300000190734863,4839.81005859375,2026.5
2024-01-21,41696.05,41881.39,41500.98,41580.33,11730.16301,103.29000091552734,13.300000190734863,4839.81005859375,2026.5
2024-01-22,41580.32,41689.65,39431.58,39568.02,55426.19911,103.33000183105467,13.1899995803833,4850.43017578125,2019.800048828125
2024-01-23,39568.02,40176.74,38555.0,39897.6,57956.63351,103.62000274658205,12.550000190734863,4864.60009765625,2023.699951171875
2024-01-24,39897.59,40555.0,39484.19,40084.88,39293.82861,103.23999786376952,13.140000343322754,4868.5498046875,2013.9000244140625
2024-01-25,40084.89,40300.24,39550.0,39961.09,31022.11853,103.56999969482422,13.449999809265137,4894.16015625,2016.9000244140625
2024-01-26,39961.09,42246.82,39822.52,41823.51,47384.96726,103.47000122070312,13.260000228881836,4890.97021484375,2016.800048828125
2024-01-27,41823.51,42200.0,41394.34,42120.63,16224.41667,103.47000122070312,13.260000228881836,4890.97021484375,2016.800048828125
2024-01-28,42120.63,42842.68,41620.81,42031.06,27294.99838,103.47000122070312,13.260000228881836,4890.97021484375,2016.800048828125
2024-01-29,42031.05,43333.0,41804.88,43302.7,31542.74207,103.61000061035156,13.600000381469728,4927.93017578125,2025.199951171875
2024-01-30,43302.71,43882.36,42683.99,42941.1,37619.24546,103.4000015258789,13.3100004196167,4924.97021484375,2031.5
2024-01-31,42941.1,43745.11,42276.84,42580.0,39871.13688,103.2699966430664,14.350000381469728,4845.64990234375,2048.39990234375
2024-02-01,42580.0,43285.13,41884.28,43082.94,35231.04664,103.0500030517578,13.880000114440918,4906.18994140625,2053.0
2024-02-02,43082.95,43488.0,42546.79,43200.0,29672.14418,103.91999816894533,13.850000381469728,4958.60986328125,2036.0999755859373
2024-02-03,43199.99,43380.01,42880.0,43011.09,12033.40998,103.91999816894533,13.850000381469728,4958.60986328125,2036.0999755859373
2024-02-04,43011.1,43119.04,42222.0,42582.88,17066.89404,103.91999816894533,13.850000381469728,4958.60986328125,2036.0999755859373
2024-02-05,42582.88,43569.76,42258.1,42708.7,29467.75905,104.4499969482422,13.670000076293944,4942.81005859375,2025.699951171875
2024-02-06,42708.7,43399.98,42574.0,43098.95,24675.85433,104.18000030517578,13.0600004196167,4954.22998046875,2034.5
2024-02-07,43098.96,44396.5,42788.0,44349.6,34392.59915,104.04000091552734,12.829999923706056,4995.06005859375,2035.199951171875
2024-02-08,44349.6,45614.3,44331.1,45288.65,45439.62231,104.1500015258789,12.789999961853027,4997.91015625,2032.199951171875
2024-02-09,45288.66,48200.0,45242.12,47132.77,73503.481,104.08000183105467,12.93000030517578,5026.60986328125,2023.300048828125
2024-02-10,47132.78,48170.0,46800.0,47751.09,24802.35936,104.08000183105467,12.93000030517578,5026.60986328125,2023.300048828125
2024-02-11,47751.08,48592.66,47557.16,48299.99,29958.80837,104.08000183105467,12.93000030517578,5026.60986328125,2023.300048828125
2024-02-12,48300.0,50334.82,47710.01,49917.27,59009.96705,104.16999816894533,13.93000030517578,5021.83984375,2018.199951171875
2024-02-13,49917.28,50368.61,48300.95,49699.59,55551.56706,104.95999908447266,15.850000381469728,4953.169921875,1992.9000244140625
2024-02-14,49699.6,52043.71,49225.01,51795.17,57046.37401,104.72000122070312,14.380000114440918,5000.6201171875,1990.300048828125
2024-02-15,51795.17,52816.62,51314.0,51880.0,53816.03055,104.3000030517578,14.010000228881836,5029.72998046875,2002.0999755859373
2024-02-16,51880.01,52572.08,51566.0,52124.11,37772.25318,104.27999877929688,14.239999771118164,5005.56982421875,2011.5
2024-02-17,52124.1,52162.82,50625.0,51642.64,25674.00622,104.27999877929688,14.239999771118164,5005.56982421875,2011.5
2024-02-18,51642.64,52377.0,51163.28,52137.67,21992.10363,104.27999877929688,14.239999771118164,5005.56982421875,2011.5
2024-02-19,52137.68,52488.77,51677.0,51774.73,29534.99432,104.27999877929688,14.239999771118164,5005.56982421875,2011.5
2024-02-20,51774.74,52985.0,50760.37,52258.82,49614.47318,104.08000183105467,15.420000076293944,4975.509765625,2027.5
2024-02-21,52258.82,52366.8,50625.0,51849.39,43079.40049,104.01000213623048,15.34000015258789,4981.7998046875,2022.300048828125
2024-02-22,51849.38,52065.78,50940.78,51288.42,35309.44574,103.95999908447266,14.539999961853027,5087.02978515625,2019.699951171875
2024-02-23,51288.42,51548.54,50521.0,50744.15,30545.79544,103.94000244140624,13.75,5088.7998046875,2038.5999755859373
2024-02-24,50744.15,51698.0,50585.0,51568.22,16560.4211,103.94000244140624,13.75,5088.7998046875,2038.5999755859373
2024-02-25,51568.21,51958.55,51279.8,51728.85,18721.63159,103.94000244140624,13.75,5088.7998046875,2038.5999755859373
2024-02-26,51728.85,54910.0,50901.44,54476.47,51256.72199,103.83000183105467,13.739999771118164,5069.52978515625,2028.5
2024-02-27,54476.48,57588.15,54450.13,57037.34,67194.98562,103.83000183105467,13.43000030517578,5078.18017578125,2034.0
2024-02-28,57037.35,64000.0,56691.85,62432.1,118763.46984,103.9800033569336,13.84000015258789,5069.759765625,2033.0
2024-02-29,62432.11,63676.35,60364.7,61130.98,78425.07603,104.16000366210938,13.399999618530272,5096.27001953125,2045.699951171875
2024-03-01,61130.99,63114.23,60777.0,62387.9,47737.93473,103.86000061035156,13.109999656677246,5137.080078125,2086.89990234375
2024-03-02,62387.9,62433.19,61561.12,61987.28,25534.73659,103.86000061035156,13.109999656677246,5137.080078125,2086.89990234375
2024-03-03,61987.28,63231.88,61320.0,63113.97,28994.90903,103.86000061035156,13.109999656677246,5137.080078125,2086.89990234375
2024-03-04,63113.97,68499.0,62300.0,68245.71,84835.16005,103.83000183105467,13.489999771118164,5130.9501953125,2117.699951171875
2024-03-05,68245.71,69000.0,59005.0,63724.01,132696.7813,103.8000030517578,14.460000038146973,5078.64990234375,2133.5
2024-03-06,63724.01,67641.1,62779.14,66074.04,78738.85491,103.37000274658205,14.5,5104.759765625,2150.300048828125
2024-03-07,66074.04,67980.0,65551.0,66823.17,53059.8869,102.81999969482422,14.4399995803833,5157.35986328125,2158.0
2024-03-08,66823.18,69990.0,66082.66,68124.19,74261.932842,102.73999786376952,14.739999771118164,5123.68994140625,2178.60009765625
2024-03-09,68124.2,68541.1,67861.1,68313.27,19872.89743,102.73999786376952,14.739999771118164,5123.68994140625,2178.60009765625
2024-03-10,68313.28,69887.61,68094.75,68955.88,38404.66835,102.73999786376952,14.739999771118164,5123.68994140625,2178.60009765625
2024-03-11,68955.88,72800.0,67024.96,72078.1,75292.825726,102.87000274658205,15.220000267028809,5117.93994140625,2182.5
2024-03-12,72078.1,73000.0,68620.82,71452.01,68783.546691,102.95999908447266,13.84000015258789,5175.27001953125,2160.39990234375
2024-03-13,71452.0,73650.25,71333.31,73072.41,52659.711647,102.79000091552734,13.75,5165.31005859375,2175.39990234375
2024-03-14,73072.4,73777.0,68555.0,71388.94,71757.628746,103.36000061035156,14.399999618530272,5150.47998046875,2163.0
2024-03-15,71388.94,72419.71,65600.0,69499.85,103334.03546,103.43000030517578,14.40999984741211,5117.08984375,2157.300048828125
2024-03-16,69499.84,70043.0,64780.0,65300.63,55926.95336,103.43000030517578,14.40999984741211,5117.08984375,2157.300048828125
2024-03-17,65300.64,68904.4,64533.0,68393.48,49742.21589,103.43000030517578,14.40999984741211,5117.08984375,2157.300048828125
2024-03-18,68393.47,68956.0,66565.2,67609.99,55691.08088,103.58000183105467,14.329999923706056,5149.419921875,2160.699951171875
2024-03-19,67610.0,68124.11,61555.0,61937.4,101005.32487,103.80999755859376,13.81999969482422,5178.509765625,2156.300048828125
2024-03-20,61937.41,68100.0,60775.0,67840.51,90420.58592,103.41000366210938,13.039999961853027,5224.6201171875,2157.89990234375
2024-03-21,67840.51,68240.47,64529.01,65501.27,53357.48002,104.0,12.920000076293944,5241.52978515625,2182.39990234375
2024-03-22,65501.28,66649.62,62260.0,63796.64,51482.37821,104.43000030517578,13.0600004196167,5234.18017578125,2158.10009765625
2024-03-23,63796.64,65999.0,63000.0,63990.01,26410.11409,104.43000030517578,13.0600004196167,5234.18017578125,2158.10009765625
2024-03-24,63990.02,67628.69,63772.29,67209.99,31395.78015,104.43000030517578,13.0600004196167,5234.18017578125,2158.10009765625
2024-03-25,67210.0,71150.0,66385.06,69880.01,53431.14486,104.2300033569336,13.1899995803833,5218.18994140625,2174.800048828125
2024-03-26,69880.0,71561.1,69280.0,69988.0,38934.38417,104.29000091552734,13.239999771118164,5203.580078125,2175.60009765625
2024-03-27,69987.99,71769.54,68359.18,69469.99,49119.35685,104.3499984741211,12.779999732971191,5248.490234375,2190.60009765625
2024-03-28,69469.99,71552.06,68903.62,70780.6,35439.03239,104.5500030517578,13.010000228881836,5254.35009765625,2217.39990234375
2024-03-29,70780.6,70916.16,69009.0,69850.54,25445.08353,104.5500030517578,13.010000228881836,5254.35009765625,2217.39990234375
2024-03-30,69850.53,70321.1,69540.0,69582.18,13644.61142,104.5500030517578,13.010000228881836,5254.35009765625,2217.39990234375
2024-03-31,69582.17,71366.0,69562.99,71280.01,19396.34433,104.5500030517578,13.010000228881836,5254.35009765625,2217.39990234375
2024-04-01,71280.0,71288.23,68062.86,69649.8,41445.32039,105.0199966430664,13.649999618530272,5243.77001953125,2236.5
2024-04-02,69649.81,69674.23,64550.0,65463.99,71799.82793,104.81999969482422,14.609999656677246,5205.81005859375,2261.0
2024-04-03,65463.99,66903.63,64493.07,65963.28,39887.21778,104.25,14.329999923706056,5211.490234375,2294.39990234375
2024-04-04,65963.27,69309.91,65064.52,68487.79,41510.48453,104.12000274658205,16.350000381469727,5147.2099609375,2288.800048828125
2024-04-05,68487.8,68756.67,65952.56,67820.62,37915.23073,104.3000030517578,16.030000686645508,5204.33984375,2325.699951171875
2024-04-06,67820.63,69692.0,67447.83,68896.0,20134.28919,104.3000030517578,16.030000686645508,5204.33984375,2325.699951171875
2024-04-07,68896.0,70326.29,68824.0,69360.39,21534.74433,104.3000030517578,16.030000686645508,5204.33984375,2325.699951171875
2024-04-08,69360.38,72797.99,69043.24,71620.0,45723.87624,104.13999938964844,15.1899995803833,5202.39013671875,2331.699951171875
2024-04-09,71620.0,71758.19,68210.0,69146.0,39293.90242,104.1500015258789,14.979999542236328,5209.91015625,2343.5
2024-04-10,69146.0,71172.08,67518.0,70631.08,42006.02377,105.25,15.800000190734863,5160.64013671875,2329.60009765625
2024-04-11,70631.08,71305.89,69567.21,70006.23,31917.25595,105.27999877929688,14.90999984741211,5199.06005859375,2354.800048828125
2024-04-12,70006.22,71227.46,65086.86,67116.52,56072.86229,106.04000091552734,17.309999465942383,5123.41015625,2356.199951171875
2024-04-13,67116.52,67929.0,60660.57,63924.51,71395.22019,106.04000091552734,17.309999465942383,5123.41015625,2356.199951171875
2024-04-14,63924.52,65840.0,62134.0,65661.84,61599.17818,106.04000091552734,17.309999465942383,5123.41015625,2356.199951171875
2024-04-15,65661.85,66867.07,62274.4,63419.99,52389.53069,106.20999908447266,19.229999542236328,5061.81982421875,2365.800048828125
2024-04-16,63419.99,64365.0,61600.0,63793.39,53435.29331,106.26000213623048,18.399999618530277,5051.41015625,2390.800048828125
2024-04-17,63793.4,64499.0,59678.16,61277.37,50610.54509,105.9499969482422,18.209999084472656,5022.2099609375,2371.699951171875
2024-04-18,61277.38,64117.09,60803.35,63470.08,43601.60918,106.1500015258789,18.0,5011.1201171875,2382.300048828125
2024-04-19,63470.09,65450.0,59600.01,63818.01,69774.30271,106.1500015258789,18.709999084472656,4967.22998046875,2398.39990234375
2024-04-20,63818.01,65419.0,63090.07,64940.59,23137.42975,106.1500015258789,18.709999084472656,4967.22998046875,2398.39990234375
2024-04-21,64940.58,65695.56,64237.5,64941.15,19316.42152,106.1500015258789,18.709999084472656,4967.22998046875,2398.39990234375
2024-04-22,64941.15,67232.35,64500.0,66819.32,31397.99371,106.08000183105467,16.940000534057617,5010.60009765625,2332.199951171875
2024-04-23,66819.32,67183.01,65765.81,66414.0,22599.90004,105.69000244140624,15.6899995803833,5070.5498046875,2327.699951171875
2024-04-24,66414.0,67070.43,63606.06,64289.59,33595.69637,105.86000061035156,15.970000267028809,5071.6298828125,2324.5
2024-04-25,64289.58,65297.94,62794.0,64498.34,31341.46338,105.5999984741211,15.369999885559082,5048.419921875,2329.800048828125
2024-04-26,64498.33,64820.01,63297.48,63770.01,27085.19346,105.94000244140624,15.029999732971191,5099.9599609375,2334.800048828125
2024-04-27,63770.0,63923.41,62391.24,63461.98,20933.06052,105.94000244140624,15.029999732971191,5099.9599609375,2334.800048828125
2024-04-28,63461.98,64370.0,62781.0,63118.62,16949.20005,105.94000244140624,15.029999732971191,5099.9599609375,2334.800048828125
2024-04-29,63118.62,64228.35,61765.53,63866.0,28150.22947,105.58000183105467,14.670000076293944,5116.169921875,2345.39990234375
2024-04-30,63866.0,64734.0,59191.6,60672.0,54947.65535,106.22000122070312,15.649999618530272,5035.68994140625,2291.39990234375
2024-05-01,60672.01,60841.63,56552.82,58364.97,81166.46823,105.76000213623048,15.390000343322754,5018.39013671875,2299.89990234375
2024-05-02,58364.97,59625.0,56911.84,59060.61,47583.81961,105.3000030517578,14.68000030517578,5064.2001953125,2299.199951171875
2024-05-03,59060.6,63333.0,58811.32,62882.01,43628.40143,105.02999877929688,13.489999771118164,5127.7900390625,2299.0
2024-05-04,62882.01,64540.0,62541.03,63892.04,24368.69282,105.02999877929688,13.489999771118164,5127.7900390625,2299.0
2024-05-05,63892.03,64646.0,62822.17,64012.0,18526.75029,105.02999877929688,13.489999771118164,5127.7900390625,2299.0
2024-05-06,64012.0,65500.0,62700.0,63165.19,34674.91949,105.0500030517578,13.489999771118164,5180.740234375,2321.60009765625
2024-05-07,63165.18,64422.41,62261.0,62312.08,25598.79472,105.41000366210938,13.229999542236328,5187.7001953125,2315.199951171875
2024-05-08,62312.07,63020.22,60888.0,61193.03,26121.19004,105.5500030517578,13.0,5187.669921875,2313.60009765625
2024-05-09,61193.03,63429.03,60630.0,63074.01,30660.8061,105.2300033569336,12.6899995803833,5214.080078125,2332.10009765625
2024-05-10,63074.0,63469.13,60187.12,60799.99,36529.34025,105.30999755859376,12.550000190734863,5222.68017578125,2367.300048828125
2024-05-11,60799.99,61515.0,60487.09,60825.99,13374.56936,105.30999755859376,12.550000190734863,5222.68017578125,2367.300048828125
2024-05-12,60825.99,61888.0,60610.0,61483.99,12753.13236,105.30999755859376,12.550000190734863,5222.68017578125,2367.300048828125
2024-05-13,61484.0,63450.0,60749.21,62940.08,32733.41839,105.22000122070312,13.600000381469728,5221.419921875,2336.10009765625
2024-05-14,62940.09,63118.36,61142.77,61577.49,29088.72041,105.01000213623048,13.420000076293944,5246.68017578125,2353.39990234375
2024-05-15,61577.49,66444.16,61319.47,66206.5,43559.74719,104.3499984741211,12.449999809265137,5308.14990234375,2388.699951171875
2024-05-16,66206.51,66752.01,64602.77,65235.21,31106.3671,104.45999908447266,12.420000076293944,5297.10009765625,2380.0
2024-05-17,65235.21,67451.2,65106.38,67024.0,26292.23409,104.4499969482422,11.989999771118164,5303.27001953125,2412.199951171875
2024-05-18,67024.0,67400.01,66600.0,66915.2,14441.25774,104.4499969482422,11.989999771118164,5303.27001953125,2412.199951171875
2024-05-19,66915.2,67700.0,65857.25,66274.01,18025.30409,104.4499969482422,11.989999771118164,5303.27001953125,2412.199951171875
2024-05-20,66274.0,71515.56,66060.31,71446.62,50816.7011,104.56999969482422,12.149999618530272,5308.1298828125,2433.89990234375
2024-05-21,71446.62,71979.0,69162.94,70148.34,49607.4336,104.66000366210938,11.859999656677246,5321.41015625,2421.699951171875
2024-05-22,70148.34,70666.0,68842.19,69166.62,27673.18026,104.94000244140624,12.289999961853027,5307.009765625,2389.199951171875
2024-05-23,69166.62,70096.12,66312.16,67969.65,40513.17374,105.11000061035156,12.770000457763672,5267.83984375,2335.0
2024-05-24,67969.66,69250.0,66600.12,68549.99,28095.83664,104.72000122070312,11.93000030517578,5304.72021484375,2332.5
2024-05-25,68549.99,69610.0,68500.0,69290.57,12130.39418,104.72000122070312,11.93000030517578,5304.72021484375,2332.5
2024-05-26,69290.56,69562.23,68128.01,68507.67,11872.11797,104.72000122070312,11.93000030517578,5304.72021484375,2332.5
2024-05-27,68507.67,70687.56,68250.0,69436.43,23136.92737,104.72000122070312,11.93000030517578,5304.72021484375,2332.5
2024-05-28,69436.43,69591.81,67277.91,68398.39,32622.97042,104.61000061035156,12.920000076293944,5306.0400390625,2355.199951171875
2024-05-29,68398.4,68935.68,67124.65,67652.42,23159.83149,105.0999984741211,14.279999732971191,5266.9501953125,2340.300048828125
2024-05-30,67652.41,69500.0,67128.0,68352.17,28478.2184,104.72000122070312,14.470000267028809,5235.47998046875,2342.89990234375
2024-05-31,68352.17,69044.1,66670.0,67540.01,26690.32184,104.66999816894533,12.920000076293944,5277.509765625,2322.89990234375
2024-06-01,67540.01,67900.0,67428.44,67766.85,8837.66133,104.66999816894533,12.920000076293944,5277.509765625,2322.89990234375
2024-06-02,67766.84,68460.0,67257.47,67765.63,15426.32529,104.66999816894533,12.920000076293944,5277.509765625,2322.89990234375
2024-06-03,67765.62,70288.0,67612.48,68809.9,29633.374,104.13999938964844,13.109999656677246,5283.39990234375,2346.60009765625
2024-06-04,68809.89,71063.45,68567.32,70537.84,29619.78489,104.11000061035156,13.15999984741211,5291.33984375,2325.5
2024-06-05,70537.83,71758.0,70383.66,71108.0,28703.18082,104.2699966430664,12.630000114440918,5354.02978515625,2354.10009765625
2024-06-06,71108.0,71700.0,70117.64,70799.06,21842.00449,104.0999984741211,12.579999923706056,5352.9599609375,2370.300048828125
2024-06-07,70799.06,71997.02,68420.0,69355.6,35598.45045,104.88999938964844,12.220000267028809,5346.990234375,2305.199951171875
2024-06-08,69355.6,69582.2,69168.02,69310.46,9773.82967,104.88999938964844,12.220000267028809,5346.990234375,2305.199951171875
2024-06-09,69310.46,69857.14,69130.24,69648.14,9890.56709,104.88999938964844,12.220000267028809,5346.990234375,2305.199951171875
2024-06-10,69648.15,70195.94,69172.29,69540.0,17122.66941,105.1500015258789,12.739999771118164,5360.7900390625,2307.699951171875
2024-06-11,69540.0,69590.01,66051.0,67314.24,41436.01588,105.2300033569336,12.850000381469728,5375.31982421875,2307.5
2024-06-12,67314.23,69999.0,66905.0,68263.99,37175.32356,104.6500015258789,12.039999961853027,5421.02978515625,2336.0
2024-06-13,68263.98,68449.3,66251.78,66773.01,29079.55571,105.1999969482422,11.9399995803833,5433.740234375,2300.199951171875
2024-06-14,66773.01,67370.24,65078.0,66043.99,28408.18797,105.5500030517578,12.65999984741211,5431.60009765625,2331.39990234375
2024-06-15,66043.99,66478.48,65857.1,66228.25,11451.80242,105.5500030517578,12.65999984741211,5431.60009765625,2331.39990234375
2024-06-16,66228.25,66998.7,66034.5,66676.87,9392.52223,105.5500030517578,12.65999984741211,5431.60009765625,2331.39990234375
2024-06-17,66676.86,67298.81,65130.0,66504.33,27386.16851,105.31999969482422,12.75,5473.22998046875,2312.39990234375
2024-06-18,66504.33,66588.23,64060.0,65175.32,42350.10244,105.26000213623048,12.300000190734863,5487.02978515625,2330.39990234375
2024-06-19,65175.32,65727.54,64666.0,64974.37,20060.79576,105.26000213623048,12.300000190734863,5487.02978515625,2330.39990234375
2024-06-20,64974.37,66482.94,64559.15,64869.99,24265.29031,105.58999633789062,13.279999732971191,5473.169921875,2353.800048828125
2024-06-21,64869.99,65066.66,63379.35,64143.56,25993.56442,105.8000030517578,13.199999809265137,5464.6201171875,2316.39990234375
2024-06-22,64143.56,64546.81,63943.82,64262.01,7308.95542,105.8000030517578,13.199999809265137,5464.6201171875,2316.39990234375
2024-06-23,64262.01,64521.0,63178.32,63210.01,8224.45447,105.8000030517578,13.199999809265137,5464.6201171875,2316.39990234375
2024-06-24,63210.01,63369.8,58402.0,60293.3,52161.35414,105.47000122070312,13.329999923706056,5447.8701171875,2330.0
2024-06-25,60293.3,62420.0,60257.06,61806.01,31189.24361,105.61000061035156,12.84000015258789,5469.2998046875,2316.60009765625
2024-06-26,61806.01,62487.81,60712.0,60864.99,22485.66463,106.0500030517578,12.550000190734863,5477.89990234375,2299.199951171875
2024-06-27,60864.98,62389.22,60606.63,61706.47,18344.28631,105.91000366210938,12.239999771118164,5482.8701171875,2324.5
2024-06-28,61706.46,62225.31,60063.0,60427.84,24821.19255,105.87000274658205,12.4399995803833,5460.47998046875,2327.699951171875
2024-06-29,60427.84,61224.0,60383.77,60986.68,11509.55904,105.87000274658205,12.4399995803833,5460.47998046875,2327.699951171875
2024-06-30,60986.68,63058.76,60712.21,62772.01,17326.30136,105.87000274658205,12.4399995803833,5460.47998046875,2327.699951171875
2024-07-01,62772.01,63861.76,62497.2,62899.99,24547.10538,105.9000015258789,12.220000267028809,5475.08984375,2327.60009765625
2024-07-02,62900.0,63288.83,61806.28,62135.47,18573.11875,105.72000122070312,12.029999732971191,5509.009765625,2323.0
2024-07-03,62135.46,62285.94,59400.0,60208.58,32160.11127,105.4000015258789,12.09000015258789,5537.02001953125,2359.800048828125
2024-07-04,60208.57,60498.19,56771.0,57050.01,54568.77276,105.4000015258789,12.09000015258789,5537.02001953125,2359.800048828125
2024-07-05,57050.02,57546.0,53485.93,56628.79,81348.24756,104.87999725341795,12.479999542236328,5567.18994140625,2388.5
2024-07-06,56628.79,58475.0,56018.0,58230.13,21651.31558,104.87999725341795,12.479999542236328,5567.18994140625,2388.5
2024-07-07,58230.13,58449.46,55724.37,55857.81,19118.93918,104.87999725341795,12.479999542236328,5567.18994140625,2388.5
2024-07-08,55857.81,58236.73,54260.16,56714.62,48090.2049,105.01000213623048,12.369999885559082,5572.85009765625,2355.199951171875
2024-07-09,56714.61,58296.0,56289.45,58050.0,27732.20788,105.12000274658205,12.510000228881836,5576.97998046875,2360.10009765625
2024-07-10,58050.0,59470.0,57157.79,57725.85,24951.73799,105.0500030517578,12.850000381469728,5633.91015625,2372.199951171875
2024-07-11,57725.85,59650.0,57050.0,57339.89,29761.05735,104.44000244140624,12.920000076293944,5584.5400390625,2415.0
2024-07-12,57339.89,58526.68,56542.47,57889.1,23652.4569,104.08999633789062,12.460000038146973,5615.35009765625,2414.0
2024-07-13,57889.09,59850.0,57756.63,59204.02,15357.74519,104.08999633789062,12.460000038146973,5615.35009765625,2414.0
2024-07-14,59204.01,61420.69,59194.01,60797.91,21178.33907,104.08999633789062,12.460000038146973,5615.35009765625,2414.0
2024-07-15,60797.91,64900.0,60632.3,64724.14,38690.9782,104.19000244140624,13.119999885559082,5631.22021484375,2422.89990234375
2024-07-16,64724.06,65388.97,62373.24,65043.99,42530.52915,104.2699966430664,13.1899995803833,5667.2001953125,2462.39990234375
2024-07-17,65044.0,66128.63,63854.0,64087.99,29567.52954,103.75,14.479999542236328,5588.27001953125,2454.800048828125
2024-07-18,64087.99,65133.3,63238.48,63987.92,22568.7225,104.16999816894533,15.93000030517578,5544.58984375,2451.800048828125
2024-07-19,63987.92,67386.0,63300.67,66660.0,35634.72739,104.4000015258789,16.520000457763672,5505.0,2395.5
2024-07-20,66660.01,67598.0,66222.46,67139.96,14386.92434,104.4000015258789,16.520000457763672,5505.0,2395.5
2024-07-21,67139.97,68366.66,65777.0,68165.34,21819.11191,104.4000015258789,16.520000457763672,5505.0,2395.5
2024-07-22,68165.35,68474.55,66559.97,67532.01,21451.04303,104.30999755859376,14.90999984741211,5564.41015625,2392.0
2024-07-23,67532.0,67750.98,65441.08,65936.01,31406.15316,104.4499969482422,14.720000267028809,5555.740234375,2404.60009765625
2024-07-24,65936.0,67102.01,65111.0,65376.0,23082.56277,104.38999938964844,18.040000915527344,5427.1298828125,2413.300048828125
2024-07-25,65376.01,66175.49,63456.7,65799.95,35126.42934,104.36000061035156,18.459999084472656,5399.22021484375,2351.89990234375
2024-07-26,65799.95,68200.0,65722.63,67907.99,24244.36023,104.31999969482422,16.389999389648438,5459.10009765625,2380.0
2024-07-27,67908.0,69399.99,66650.0,67896.5,31710.21921,104.31999969482422,16.389999389648438,5459.10009765625,2380.0
2024-07-28,67896.49,68318.43,67066.66,68249.88,10868.69394,104.31999969482422,16.389999389648438,5459.10009765625,2380.0
2024-07-29,68249.88,70079.99,66428.0,66784.69,36467.29633,104.55999755859376,16.600000381469727,5463.5400390625,2377.300048828125
2024-07-30,66784.68,67000.0,65302.67,66188.0,23132.25441,104.5500030517578,17.690000534057617,5436.43994140625,2405.0
2024-07-31,66188.0,66849.24,64530.0,64628.0,22625.43905,104.0999984741211,16.360000610351562,5522.2998046875,2426.5
2024-08-01,64628.01,65659.78,62302.0,65354.02,35542.26854,104.41999816894533,18.59000015258789,5446.68017578125,2435.0
2024-08-02,65354.02,65596.14,61230.01,61498.33,38820.42937,103.20999908447266,23.38999938964844,5346.56005859375,2425.699951171875
2024-08-03,61498.34,62198.22,59850.0,60697.99,28034.71567,103.20999908447266,23.38999938964844,5346.56005859375,2425.699951171875
2024-08-04,60697.99,61117.63,57122.77,58161.0,31616.52003,103.20999908447266,23.38999938964844,5346.56005859375,2425.699951171875
2024-08-05,58161.0,58305.59,49000.0,54018.81,162065.59186,102.69000244140624,38.56999969482422,5186.330078125,2401.699951171875
2024-08-06,54018.82,57040.99,53950.0,56022.01,55884.77676,102.97000122070312,27.709999084472656,5240.02978515625,2389.10009765625
2024-08-07,56022.0,57736.05,54558.62,55134.16,44269.37684,103.1999969482422,27.850000381469727,5199.5,2390.5
2024-08-08,55133.76,62745.14,54730.0,61685.99,48349.52949,103.20999908447266,23.790000915527344,5319.31005859375,2422.199951171875
2024-08-09,61686.0,61744.37,59535.0,60837.99,30972.48017,103.13999938964844,20.3700008392334,5344.16015625,2432.10009765625
2024-08-10,60837.99,61470.58,60242.0,60923.51,9995.20621,103.13999938964844,20.3700008392334,5344.16015625,2432.10009765625
2024-08-11,60923.51,61858.0,58286.73,58712.59,19189.84512,103.13999938964844,20.3700008392334,5344.16015625,2432.10009765625
2024-08-12,58712.59,60711.09,57642.21,59346.64,37009.91743,103.13999938964844,20.709999084472656,5344.39013671875,2462.39990234375
2024-08-13,59346.64,61578.1,58392.88,60587.15,27858.95851,102.55999755859376,18.1200008392334,5434.43017578125,2466.699951171875
2024-08-14,60587.16,61800.0,58433.18,58683.39,28422.76326,102.56999969482422,16.190000534057617,5455.2099609375,2439.39990234375
2024-08-15,58683.39,59849.38,56078.54,57541.06,37686.17622,102.9800033569336,15.229999542236328,5543.22021484375,2453.10009765625
2024-08-16,57541.05,59817.76,57098.62,58874.6,27610.84344,102.45999908447266,14.800000190734863,5554.25,2498.60009765625
2024-08-17,58874.59,59700.0,58785.05,59491.99,7721.72931,102.45999908447266,14.800000190734863,5554.25,2498.60009765625
2024-08-18,59491.99,60284.99,58408.92,58427.35,13634.85717,102.45999908447266,14.800000190734863,5554.25,2498.60009765625
2024-08-19,58427.35,59617.63,57787.3,59438.5,22809.31251,101.88999938964844,14.649999618530272,5608.25,2501.800048828125
2024-08-20,59438.5,61400.0,58548.23,59013.8,31477.44548,101.44000244140624,15.880000114440918,5597.1201171875,2511.300048828125
2024-08-21,59013.8,61820.93,58783.47,61156.03,27983.6422,101.04000091552734,16.270000457763672,5620.85009765625,2508.39990234375
2024-08-22,61156.03,61400.0,59724.87,60375.84,21241.20588,101.51000213623048,17.549999237060547,5570.64013671875,2478.89990234375
2024-08-23,60375.83,64955.0,60342.14,64037.24,38118.07089,100.72000122070312,15.859999656677246,5634.60986328125,2508.39990234375
2024-08-24,64037.24,64494.5,63531.0,64157.01,15857.15616,100.72000122070312,15.859999656677246,5634.60986328125,2508.39990234375
2024-08-25,64157.02,65000.0,63773.27,64220.0,12305.47977,100.72000122070312,15.859999656677246,5634.60986328125,2508.39990234375
2024-08-26,64219.99,64481.0,62800.0,62834.0,19470.05276,100.8499984741211,16.149999618530273,5616.83984375,2517.699951171875
2024-08-27,62834.0,63212.0,58034.01,59415.0,35135.94178,100.5500030517578,15.43000030517578,5625.7998046875,2516.0
2024-08-28,59415.0,60234.98,57860.0,59034.9,36868.54275,101.08999633789062,17.110000610351562,5592.18017578125,2501.0
2024-08-29,59034.9,61166.99,58713.09,59359.01,27020.90743,101.33999633789062,15.649999618530272,5591.9599609375,2525.699951171875
2024-08-30,59359.0,59944.07,57701.1,59123.99,28519.32195,101.6999969482422,15.0,5648.39990234375,2493.800048828125
2024-08-31,59123.99,59462.38,58744.0,58973.99,8798.409,101.6999969482422,15.0,5648.39990234375,2493.800048828125
2024-09-01,58974.0,59076.59,57201.0,57301.86,20705.15741,101.6999969482422,15.0,5648.39990234375,2493.800048828125
2024-09-02,57301.77,59425.69,57128.0,59132.13,22895.01461,101.6999969482422,15.0,5648.39990234375,2493.800048828125
2024-09-03,59132.12,59809.65,57415.0,57487.73,22828.18447,101.83000183105467,20.71999931335449,5528.93017578125,2489.89990234375
2024-09-04,57487.74,58519.0,55606.0,57970.9,35560.82146,101.36000061035156,21.31999969482422,5520.06982421875,2493.39990234375
2024-09-05,57970.9,58327.07,55643.65,56180.0,27806.91413,101.11000061035156,19.899999618530277,5503.41015625,2511.39990234375
2024-09-06,56180.0,57008.0,52550.0,53962.97,54447.76826,101.18000030517578,22.3799991607666,5408.419921875,2493.5
2024-09-07,53962.97,54850.0,53745.54,54160.86,16694.04774,101.18000030517578,22.3799991607666,5408.419921875,2493.5
2024-09-08,54160.86,55318.0,53629.01,54869.95,16274.14779,101.18000030517578,22.3799991607666,5408.419921875,2493.5
2024-09-09,54869.95,58088.0,54591.96,57042.0,32384.51737,101.5500030517578,19.450000762939453,5471.0498046875,2501.800048828125
2024-09-10,57042.01,58044.36,56386.4,57635.99,23626.78126,101.62999725341795,19.07999992370605,5495.52001953125,2512.300048828125
2024-09-11,57635.99,57981.71,55545.19,57338.0,33026.56757,101.68000030517578,17.690000534057617,5554.1298828125,2512.10009765625
2024-09-12,57338.0,58588.0,57324.0,58132.32,31074.40631,101.37000274658205,17.06999969482422,5595.759765625,2551.199951171875
2024-09-13,58132.31,60625.0,57632.62,60498.0,29825.23333,101.11000061035156,16.559999465942383,5626.02001953125,2581.300048828125
2024-09-14,60497.99,60610.45,59400.0,59993.03,12137.90901,101.11000061035156,16.559999465942383,5626.02001953125,2581.300048828125
2024-09-15,59993.02,60395.8,58691.05,59132.0,13757.92361,101.11000061035156,16.559999465942383,5626.02001953125,2581.300048828125
2024-09-16,59132.0,59210.7,57493.3,58213.99,26477.5642,100.76000213623048,17.139999389648438,5633.08984375,2580.39990234375
2024-09-17,58213.99,61320.0,57610.01,60313.99,33116.25878,100.88999938964844,17.610000610351562,5634.580078125,2564.300048828125
2024-09-18,60313.99,61786.24,59174.8,61759.99,36087.02469,100.5999984741211,18.229999542236328,5618.259765625,2570.699951171875
2024-09-19,61759.98,63850.0,61555.0,62947.99,34332.52608,100.61000061035156,16.329999923706055,5713.64013671875,2588.0
2024-09-20,62948.0,64133.32,62350.0,63201.05,25466.37794,100.72000122070312,16.149999618530273,5702.5498046875,2619.89990234375
2024-09-21,63201.05,63559.9,62758.0,63348.96,8375.34608,100.72000122070312,16.149999618530273,5702.5498046875,2619.89990234375
2024-09-22,63348.97,64000.0,62357.93,63578.76,14242.19892,100.72000122070312,16.149999618530273,5702.5498046875,2619.89990234375
2024-09-23,63578.76,64745.88,62538.75,63339.99,24078.05287,100.91999816894533,15.890000343322754,5718.56982421875,2626.5
2024-09-24,63339.99,64688.0,62700.0,64262.7,23185.04759,100.37000274658205,15.390000343322754,5732.93017578125,2651.199951171875
2024-09-25,64262.7,64817.99,62947.08,63152.01,17813.11168,100.91999816894533,15.40999984741211,5722.259765625,2659.199951171875
2024-09-26,63152.01,65839.0,62670.0,65173.99,28373.30593,100.55999755859376,15.369999885559082,5745.3701171875,2669.89990234375
2024-09-27,65173.99,66498.0,64819.9,65769.95,22048.80487,100.41999816894533,16.959999084472656,5738.169921875,2644.300048828125
2024-09-28,65769.95,66260.0,65422.23,65858.0,9127.23316,100.41999816894533,16.959999084472656,5738.169921875,2644.300048828125
2024-09-29,65858.0,66076.12,65432.0,65602.01,8337.74111,100.41999816894533,16.959999084472656,5738.169921875,2644.300048828125
2024-09-30,65602.01,65618.8,62856.3,63327.59,30011.08752,100.77999877929688,16.729999542236328,5762.47998046875,2636.10009765625
2024-10-01,63327.6,64130.63,60164.0,60805.78,43671.48108,101.19000244140624,19.26000022888184,5708.75,2667.300048828125
2024-10-02,60804.92,62390.31,60000.0,60649.28,31534.70118,101.68000030517578,18.899999618530277,5709.5400390625,2647.10009765625
2024-10-03,60649.27,61477.19,59828.11,60752.71,26221.43472,101.98999786376952,20.489999771118164,5699.93994140625,2657.10009765625
2024-10-04,60752.72,62484.85,60459.9,62086.0,21294.65994,102.5199966430664,19.209999084472656,5751.06982421875,2645.800048828125
2024-10-05,62086.0,62370.56,61689.26,62058.0,7807.46141,102.5199966430664,19.209999084472656,5751.06982421875,2645.800048828125
2024-10-06,62058.01,62975.0,61798.97,62819.91,8906.86177,102.5199966430664,19.209999084472656,5751.06982421875,2645.800048828125
2024-10-07,62819.91,64478.19,62128.0,62224.0,25966.1852,102.54000091552734,22.63999938964844,5695.93994140625,2644.800048828125
2024-10-08,62224.01,63200.0,61860.31,62160.49,19702.22371,102.5500030517578,21.420000076293945,5751.1298828125,2615.0
2024-10-09,62160.5,62543.75,60301.0,60636.02,20011.15684,102.93000030517578,20.86000061035156,5792.0400390625,2606.0
2024-10-10,60636.01,61321.68,58946.0,60326.39,23967.92481,102.98999786376952,20.93000030517578,5780.0498046875,2620.60009765625
2024-10-11,60326.4,63417.56,60087.64,62540.0,23641.35209,102.88999938964844,20.459999084472656,5815.02978515625,2657.60009765625
2024-10-12,62539.99,63480.0,62487.23,63206.22,10911.30116,102.88999938964844,20.459999084472656,5815.02978515625,2657.60009765625
2024-10-13,63206.23,63285.72,62050.0,62870.02,11909.21995,102.88999938964844,20.459999084472656,5815.02978515625,2657.60009765625
2024-10-14,62870.02,66500.0,62457.81,66083.99,37669.95222,103.3000030517578,19.700000762939453,5859.85009765625,2647.800048828125
2024-10-15,66084.0,67950.0,64800.01,67074.14,43683.95423,103.26000213623048,20.63999938964844,5815.259765625,2661.39990234375
2024-10-16,67074.14,68424.0,66750.49,67620.01,29938.25544,103.58999633789062,19.57999992370605,5842.47021484375,2674.0
2024-10-17,67620.0,67939.4,66666.0,67421.78,25328.22861,103.83000183105467,19.11000061035156,5841.47021484375,2691.0
2024-10-18,67421.78,69000.0,67192.36,68428.0,28725.635,103.48999786376952,18.030000686645508,5864.669921875,2713.699951171875
2024-10-19,68427.99,68693.26,68010.0,68378.0,8193.66737,103.48999786376952,18.030000686645508,5864.669921875,2713.699951171875
2024-10-20,68377.99,69400.0,68100.0,69031.99,12442.47378,103.48999786376952,18.030000686645508,5864.669921875,2713.699951171875
2024-10-21,69032.0,69519.52,66840.67,67377.5,31374.42184,104.01000213623048,18.3700008392334,5853.97998046875,2723.10009765625
2024-10-22,67377.5,67836.01,66571.42,67426.0,24598.96268,104.08000183105467,18.200000762939453,5851.2001953125,2744.199951171875
2024-10-23,67426.01,67472.83,65260.0,66668.65,25530.2407,104.43000030517578,19.239999771118164,5797.419921875,2714.39990234375
2024-10-24,66668.65,68850.0,66510.0,68198.28,22589.83877,104.05999755859376,19.07999992370605,5809.85986328125,2734.89990234375
2024-10-25,68198.27,68771.49,65596.29,66698.33,34479.71125,104.26000213623048,20.32999992370605,5808.1201171875,2740.89990234375
2024-10-26,66698.32,67454.55,66439.9,67092.76,11842.9077,104.26000213623048,20.32999992370605,5808.1201171875,2740.89990234375
2024-10-27,67092.76,68332.05,66913.73,68021.7,8653.19592,104.26000213623048,20.32999992370605,5808.1201171875,2740.89990234375
2024-10-28,68021.69,70270.0,67618.0,69962.21,29046.75459,104.31999969482422,19.799999237060547,5823.52001953125,2742.89990234375
2024-10-29,69962.21,73620.12,69760.0,72736.42,50128.60594,104.27999877929688,19.34000015258789,5832.919921875,2768.39990234375
2024-10-30,72736.41,72961.0,71436.0,72344.74,26885.99056,103.98999786376952,20.350000381469727,5813.669921875,2788.5
2024-10-31,72344.75,72700.0,69685.76,70292.01,29352.10297,103.9800033569336,23.15999984741211,5705.4501953125,2738.300048828125
2024-11-01,70292.01,71632.95,68820.14,69496.01,38301.86755,104.27999877929688,21.8799991607666,5728.7998046875,2738.60009765625
2024-11-02,69496.0,69914.37,69000.14,69374.74,10521.67243,104.27999877929688,21.8799991607666,5728.7998046875,2738.60009765625
2024-11-03,69374.74,69391.0,67478.73,68775.99,24995.70243,104.27999877929688,21.8799991607666,5728.7998046875,2738.60009765625
2024-11-04,68775.99,69500.0,66835.0,67850.01,29800.39187,103.88999938964844,21.979999542236328,5712.68994140625,2736.10009765625
2024-11-05,67850.01,70577.91,67476.63,69372.01,33355.06888,103.41999816894533,20.489999771118164,5782.759765625,2740.300048828125
2024-11-06,69372.01,76400.0,69298.0,75571.99,104126.994787,105.08999633789062,16.270000457763672,5929.0400390625,2667.60009765625
2024-11-07,75571.99,76849.99,74416.0,75857.89,44869.422345,104.51000213623048,15.199999809265137,5973.10009765625,2698.39990234375
2024-11-08,75857.89,77199.99,75555.0,76509.78,36521.099583,105.0,14.9399995803833,5995.5400390625,2687.5
2024-11-09,76509.78,76900.0,75714.66,76677.46,16942.07915,105.0,14.9399995803833,5995.5400390625,2687.5
2024-11-10,76677.46,81500.0,76492.0,80370.01,61830.100435,105.0,14.9399995803833,5995.5400390625,2687.5
2024-11-11,80370.01,89530.54,80216.01,88647.99,82323.665776,105.54000091552734,14.970000267028809,6001.35009765625,2611.199951171875
2024-11-12,88648.0,89940.0,85072.0,87952.01,97299.887911,106.0199966430664,14.710000038146973,5983.990234375,2600.0
2024-11-13,87952.0,93265.64,86127.99,90375.2,86763.854127,106.4800033569336,14.020000457763672,5985.3798828125,2580.800048828125
2024-11-14,90375.21,91790.0,86668.21,87325.59,56729.51086,106.66999816894533,14.3100004196167,5949.169921875,2568.199951171875
2024-11-15,87325.59,91850.0,87073.38,91032.07,47927.95068,106.69000244140624,16.139999389648438,5870.6201171875,2565.699951171875
2024-11-16,91032.08,91779.66,90056.17,90586.92,22717.87689,106.69000244140624,16.139999389648438,5870.6201171875,2565.699951171875
2024-11-17,90587.98,91449.99,88722.0,89855.99,23867.55609,106.69000244140624,16.139999389648438,5870.6201171875,2565.699951171875
2024-11-18,89855.98,92594.0,89376.9,90464.08,46545.03448,106.27999877929688,15.579999923706056,5893.6201171875,2610.60009765625
2024-11-19,90464.07,93905.51,90357.0,92310.79,43660.04682,106.20999908447266,16.350000381469727,5916.97998046875,2627.10009765625
2024-11-20,92310.8,94831.97,91500.0,94286.56,42203.198712,106.68000030517578,17.15999984741211,5917.10986328125,2648.199951171875
2024-11-21,94286.56,98988.0,94040.0,98317.12,69228.360477,106.97000122070312,16.8700008392334,5948.7099609375,2672.10009765625
2024-11-22,98317.12,99588.01,97122.11,98892.0,46189.309243,107.48999786376952,15.239999771118164,5969.33984375,2709.89990234375
2024-11-23,98892.0,98908.85,97136.0,97672.4,24757.84367,107.48999786376952,15.239999771118164,5969.33984375,2709.89990234375
2024-11-24,97672.4,98564.0,95734.77,97900.04,31200.97838,107.48999786376952,15.239999771118164,5969.33984375,2709.89990234375
2024-11-25,97900.05,98871.8,92600.19,93010.01,50847.45096,106.81999969482422,14.600000381469728,5987.3701171875,2616.800048828125
2024-11-26,93010.01,94973.37,90791.1,91965.16,57858.73138,107.01000213623048,14.100000381469728,6021.6298828125,2620.300048828125
2024-11-27,91965.16,97208.21,91792.14,95863.11,41153.42734,106.08000183105467,14.100000381469728,5998.740234375,2639.89990234375
2024-11-28,95863.11,96564.0,94640.0,95643.98,28814.54357,106.08000183105467,14.100000381469728,5998.740234375,2639.89990234375
2024-11-29,95643.99,98619.99,95364.99,97460.0,27701.78231,105.73999786376952,13.510000228881836,6032.3798828125,2657.0
2024-11-30,97460.0,97463.95,96092.01,96407.99,14503.83306,105.73999786376952,13.510000228881836,6032.3798828125,2657.0
2024-12-01,96407.99,97836.0,95693.88,97185.18,16938.60452,105.73999786376952,13.510000228881836,6032.3798828125,2657.0
2024-12-02,97185.17,98130.0,94395.0,95840.62,37958.66981,106.4499969482422,13.34000015258789,6047.14990234375,2634.89990234375
2024-12-03,95840.61,96305.52,93578.17,95849.69,35827.32283,106.37000274658205,13.300000190734863,6049.8798828125,2644.699951171875
2024-12-04,95849.69,99000.0,94587.83,98587.32,43850.53728,106.33999633789062,13.449999809265137,6086.490234375,2653.800048828125
2024-12-05,98587.32,104088.0,90500.0,96945.63,109921.729662,105.70999908447266,13.539999961853027,6075.10986328125,2626.60009765625
2024-12-06,96945.63,101898.99,95981.72,99740.84,45049.5331,105.97000122070312,12.770000457763672,6090.27001953125,2638.60009765625
2024-12-07,99740.84,100439.18,98844.0,99831.99,14931.9459,105.97000122070312,12.770000457763672,6090.27001953125,2638.60009765625
2024-12-08,99831.99,101351.0,98657.7,101109.59,14612.99688,105.97000122070312,12.770000457763672,6090.27001953125,2638.60009765625
2024-12-09,101109.6,101215.93,94150.05,97276.47,53949.11595,106.1500015258789,14.1899995803833,6052.85009765625,2664.89990234375
2024-12-10,97276.48,98270.0,94256.54,96593.0,51708.68933,106.4000015258789,14.18000030517578,6034.91015625,2697.60009765625
2024-12-11,96593.0,101888.0,95658.24,101125.0,37753.78291,106.70999908447266,13.579999923706056,6084.18994140625,2733.800048828125
2024-12-12,101125.0,102540.0,99311.64,100004.29,29232.08745,106.95999908447266,13.920000076293944,6051.25,2687.5
2024-12-13,100004.29,101895.26,99205.0,101424.25,21904.03923,107.0,13.8100004196167,6051.08984375,2656.0
2024-12-14,101424.24,102650.0,100609.41,101420.0,14191.70326,107.0,13.8100004196167,6051.08984375,2656.0
2024-12-15,101420.0,105250.0,101237.14,104463.99,22228.921775,107.0,13.8100004196167,6051.08984375,2656.0
2024-12-16,104463.99,107793.07,103333.0,106058.66,41302.40274,106.86000061035156,14.6899995803833,6074.080078125,2651.39990234375
2024-12-17,106058.65,108353.0,105321.49,106133.74,29064.936466,106.95999908447266,15.869999885559082,6050.60986328125,2644.39990234375
2024-12-18,106133.74,106524.98,100000.0,100204.01,50307.99755,108.02999877929688,27.6200008392334,5872.16015625,2636.5
2024-12-19,100204.01,102800.11,95700.0,97461.86,55147.398,108.41000366210938,24.09000015258789,5867.080078125,2592.199951171875
2024-12-20,97461.86,98233.0,92232.54,97805.44,62884.1357,107.62000274658205,18.36000061035156,5930.85009765625,2628.699951171875
2024-12-21,97805.44,99540.61,96398.39,97291.99,23483.54143,107.62000274658205,18.36000061035156,5930.85009765625,2628.699951171875
2024-12-22,97292.0,97448.08,94250.35,95186.27,19353.83036,107.62000274658205,18.36000061035156,5930.85009765625,2628.699951171875
2024-12-23,95186.28,96538.92,92520.0,94881.47,32810.76703,108.04000091552734,16.780000686645508,5974.06982421875,2612.300048828125
2024-12-24,94881.47,99487.99,93569.02,98663.58,23674.22488,108.26000213623048,14.270000457763672,6040.0400390625,2620.0
2024-12-25,98663.58,99569.15,97632.02,99429.6,14474.1651,108.26000213623048,14.270000457763672,6040.0400390625,2620.0
2024-12-26,99429.61,99963.7,95199.14,95791.6,21192.36727,108.12999725341795,14.729999542236328,6037.58984375,2638.800048828125
2024-12-27,95791.6,97544.58,93500.01,94299.03,26501.26429,108.0,15.949999809265137,5970.83984375,2617.199951171875
2024-12-28,94299.03,95733.99,94135.66,95300.0,8385.8929,108.0,15.949999809265137,5970.83984375,2617.199951171875
2024-12-29,95300.0,95340.0,93009.52,93738.2,13576.00578,108.0,15.949999809265137,5970.83984375,2617.199951171875
2024-12-30,93738.19,95024.5,91530.45,92792.05,27619.4225,108.12999725341795,17.399999618530273,5906.93994140625,2606.10009765625
2024-12-31,92792.05,96250.0,92033.73,93576.0,19612.03389,108.48999786376952,17.350000381469727,5881.6298828125,2629.199951171875
2025-01-01,93576.0,95151.15,92888.0,94591.79,10373.32613,108.48999786376952,17.350000381469727,5881.6298828125,2629.199951171875
2025-01-02,94591.78,97839.5,94392.0,96984.79,21970.48948,109.38999938964844,17.93000030517578,5868.5498046875,2658.89990234375
2025-01-03,96984.79,98976.91,96100.01,98174.18,15253.82936,108.9499969482422,16.1299991607666,5942.47021484375,2645.0
2025-01-04,98174.17,98778.43,97514.79,98220.5,8990.05651,108.9499969482422,16.1299991607666,5942.47021484375,2645.0
2025-01-05,98220.51,98836.85,97276.79,98363.61,8095.63723,108.9499969482422,16.1299991607666,5942.47021484375,2645.0
2025-01-06,98363.61,102480.0,97920.0,102235.6,25263.43375,108.26000213623048,16.040000915527344,5975.3798828125,2638.39990234375
2025-01-07,102235.6,102724.38,96181.81,96954.61,32059.87537,108.54000091552734,17.81999969482422,5909.02978515625,2656.699951171875
2025-01-08,96954.6,97268.65,92500.9,95060.61,33704.67894,109.08999633789062,17.700000762939453,5918.25,2664.5
2025-01-09,95060.61,95382.32,91203.67,92552.49,34544.83685,109.18000030517578,17.700000762939453,5918.25,2683.800048828125
2025-01-10,92552.49,95836.0,92206.02,94726.11,31482.86424,109.6500015258789,19.540000915527344,5827.0400390625,2708.5
2025-01-11,94726.1,95050.94,93831.73,94599.99,7047.9043,109.6500015258789,19.540000915527344,5827.0400390625,2708.5
2025-01-12,94599.99,95450.1,93711.19,94545.06,8606.86622,109.6500015258789,19.540000915527344,5827.0400390625,2708.5
2025-01-13,94545.07,95940.0,89256.69,94536.1,42619.56423,109.95999908447266,19.190000534057617,5836.22021484375,2673.5
2025-01-14,94536.11,97371.0,94346.22,96560.86,27846.61753,109.2699966430664,18.709999084472656,5842.91015625,2677.5
2025-01-15,96560.85,100681.94,96500.0,100497.35,30509.99179,109.08999633789062,16.1200008392334,5949.91015625,2712.5
2025-01-16,100497.35,100866.66,97335.13,99987.3,27832.85317,108.95999908447266,16.600000381469727,5937.33984375,2746.39990234375
2025-01-17,99987.3,105865.22,99950.77,104077.48,39171.85292,109.3499984741211,15.970000267028809,5996.66015625,2744.300048828125
2025-01-18,104077.47,104988.88,102277.55,104556.23,24307.82998,109.3499984741211,15.970000267028809,5996.66015625,2744.300048828125
2025-01-19,104556.23,106422.43,99651.6,101331.57,43397.28298,109.3499984741211,15.970000267028809,5996.66015625,2744.300048828125
2025-01-20,101331.57,109588.0,99550.0,102260.01,89529.231732,109.3499984741211,15.970000267028809,5996.66015625,2744.300048828125
2025-01-21,102260.0,107240.81,100119.04,106143.82,45941.02002,108.05999755859376,15.0600004196167,6049.240234375,2755.0
2025-01-22,106143.82,106394.46,103339.12,103706.66,22248.69254,108.16999816894533,15.100000381469728,6086.3701171875,2767.60009765625
2025-01-23,103706.66,106850.0,101262.28,103910.34,53953.12031,108.0500030517578,15.020000457763672,6118.7099609375,2763.10009765625
2025-01-24,103910.35,107120.0,102750.0,104870.5,23609.24017,107.44000244140624,14.850000381469728,6101.240234375,2777.300048828125
2025-01-25,104870.51,105286.52,104106.09,104746.85,9068.32377,107.44000244140624,14.850000381469728,6101.240234375,2777.300048828125
2025-01-26,104746.86,105500.0,102520.44,102620.0,9812.51238,107.44000244140624,14.850000381469728,6101.240234375,2777.300048828125
2025-01-27,102620.01,103260.0,97777.77,102082.83,50758.1341,107.33999633789062,17.899999618530273,6012.27978515625,2737.5
2025-01-28,102082.83,103800.0,100272.68,101335.52,22022.05765,107.87000274658205,16.40999984741211,6067.7001953125,2766.800048828125
2025-01-29,101335.52,104782.68,101328.01,103733.24,23155.35802,108.0,16.559999465942383,6039.31005859375,2769.10009765625
2025-01-30,103733.25,106457.44,103278.54,104722.94,19374.07472,107.8000030517578,15.84000015258789,6071.169921875,2823.0
2025-01-31,104722.94,106012.0,101560.0,102429.56,21983.18193,108.37000274658205,16.43000030517578,6040.52978515625,2812.5
2025-02-01,102429.56,102783.71,100279.51,100635.65,12290.95747,108.37000274658205,16.43000030517578,6040.52978515625,2812.5
2025-02-02,100635.66,101456.6,96150.0,97700.59,34619.49939,108.37000274658205,16.43000030517578,6040.52978515625,2812.5
2025-02-03,97700.59,102500.01,91231.0,101328.52,75164.7385,108.98999786376952,18.6200008392334,5994.56982421875,2833.89990234375
2025-02-04,101328.51,101732.31,96150.0,97763.13,40267.98697,107.95999908447266,17.209999084472656,6037.8798828125,2853.300048828125
2025-02-05,97763.14,99149.0,96155.0,96612.43,26233.30444,107.58000183105467,15.770000457763672,6061.47998046875,2871.60009765625
2025-02-06,96612.44,99120.0,95676.64,96554.35,23515.20405,107.69000244140624,15.5,6083.56982421875,2856.0
2025-02-07,96554.35,100137.99,95620.34,96506.8,31794.22065,108.04000091552734,16.540000915527344,6025.990234375,2867.300048828125
2025-02-08,96506.8,96880.0,95688.0,96444.74,10147.24294,108.04000091552734,16.540000915527344,6025.990234375,2867.300048828125
2025-02-09,96444.75,97323.09,94713.0,96462.75,14120.91613,108.04000091552734,16.540000915527344,6025.990234375,2867.300048828125
2025-02-10,96462.75,98345.0,95256.0,97430.82,20572.87537,108.31999969482422,15.8100004196167,6066.43994140625,2914.300048828125
2025-02-11,97430.82,98478.42,94876.88,95778.2,18647.76379,107.95999908447266,16.020000457763672,6068.5,2912.5
2025-02-12,95778.21,98119.99,94088.23,97869.99,29151.16625,107.94000244140624,15.890000343322754,6051.97021484375,2909.0
2025-02-13,97870.0,98083.91,95217.36,96608.14,19921.77616,107.30999755859376,15.100000381469728,6115.06982421875,2925.89990234375
2025-02-14,96608.13,98826.0,96252.82,97500.48,18173.02646,106.56999969482422,14.770000457763672,6114.6298828125,2883.60009765625
2025-02-15,97500.47,97972.26,97223.58,97569.66,7349.37683,106.56999969482422,14.770000457763672,6114.6298828125,2883.60009765625
2025-02-16,97569.67,97704.47,96046.18,96118.12,8191.4249,106.56999969482422,14.770000457763672,6114.6298828125,2883.60009765625
2025-02-17,96118.12,97046.59,95205.0,95780.0,16492.0451,106.56999969482422,14.770000457763672,6114.6298828125,2883.60009765625
2025-02-18,95780.01,96753.91,93388.09,95671.74,23368.19471,107.0500030517578,15.350000381469728,6129.580078125,2931.60009765625
2025-02-19,95671.74,96899.99,95029.99,96644.37,16438.50954,107.16999816894533,15.270000457763672,6144.14990234375,2919.39990234375
2025-02-20,96644.37,98711.36,96415.09,98305.0,17057.39177,106.33999633789062,15.65999984741211,6117.52001953125,2940.0
2025-02-21,98305.01,99475.0,94871.95,96181.98,32249.2814,106.61000061035156,18.209999084472656,6013.1298828125,2937.60009765625
2025-02-22,96181.99,96980.0,95770.49,96551.01,11268.17708,106.61000061035156,18.209999084472656,6013.1298828125,2937.60009765625
2025-02-23,96551.01,96650.0,95227.94,96258.0,10884.84913,106.61000061035156,18.209999084472656,6013.1298828125,2937.60009765625
2025-02-24,96258.0,96500.0,91349.26,91552.88,31550.10299,106.5999984741211,18.979999542236328,5983.25,2947.89990234375
2025-02-25,91552.88,92540.69,86050.99,88680.4,78333.11111,106.30999755859376,19.43000030517578,5955.25,2904.5
2025-02-26,88680.39,89414.15,82256.01,84250.09,56893.54409,106.41999816894533,19.100000381469727,5956.06005859375,2916.800048828125
2025-02-27,84250.09,87078.46,82716.49,84708.58,42505.45439,107.23999786376952,21.1299991607666,5861.56982421875,2883.199951171875
2025-02-28,84708.57,85120.0,78258.52,84349.94,83648.03969,107.61000061035156,19.6299991607666,5954.5,2836.800048828125
2025-03-01,84349.95,86558.0,83824.78,86064.53,25785.05464,107.61000061035156,19.6299991607666,5954.5,2836.800048828125
2025-03-02,86064.54,95000.0,85050.6,94270.0,54889.09045,107.61000061035156,19.6299991607666,5954.5,2836.800048828125
2025-03-03,94269.99,94416.46,85117.11,86220.61,59171.10218,106.75,22.780000686645508,5849.72021484375,2890.199951171875
2025-03-04,86221.16,88967.52,81500.0,87281.98,55609.10706,105.73999786376952,23.51000022888184,5778.14990234375,2909.60009765625
2025-03-05,87281.98,91000.0,86334.53,90606.01,38264.01163,105.73999786376952,21.93000030517578,5842.6298828125,2915.300048828125
2025-03-06,90606.0,92810.64,87836.0,89931.89,34342.44902,104.05999755859376,24.8700008392334,5738.52001953125,2916.60009765625
2025-03-07,89931.88,91283.02,84667.03,86801.75,57980.35713,103.83999633789062,23.3700008392334,5770.2001953125,2904.699951171875
2025-03-08,86801.74,86897.25,85218.47,86222.45,12989.23054,103.83999633789062,23.3700008392334,5770.2001953125,2904.699951171875
2025-03-09,86222.46,86500.0,80000.0,80734.37,26115.39345,103.83999633789062,23.3700008392334,5770.2001953125,2904.699951171875
2025-03-10,80734.48,84123.46,77459.91,78595.86,47633.38405,103.91000366210938,27.86000061035156,5614.56005859375,2891.0
2025-03-11,78595.86,83617.4,76606.0,82932.99,48770.06853,103.44000244140624,26.920000076293945,5572.06982421875,2912.89990234375
2025-03-12,82932.99,84539.85,80607.65,83680.12,31933.986,103.61000061035156,24.229999542236328,5599.2998046875,2939.10009765625
2025-03-13,83680.12,84336.33,79939.9,81115.78,27546.27412,103.83000183105467,24.65999984741211,5521.52001953125,2984.300048828125
2025-03-14,81115.78,85309.71,80818.84,83983.2,26858.52755,103.72000122070312,21.770000457763672,5638.93994140625,2994.5
2025-03-15,83983.19,84676.28,83618.0,84338.44,11324.7332,103.72000122070312,21.770000457763672,5638.93994140625,2994.5
2025-03-16,84338.44,85117.04,81981.12,82574.53,17596.12531,103.72000122070312,21.770000457763672,5638.93994140625,2994.5
2025-03-17,82574.52,84756.83,82456.0,84010.03,17214.74358,103.37000274658205,20.51000022888184,5675.1201171875,3000.0
2025-03-18,84010.02,84021.74,81134.66,82715.03,17610.89883,103.23999786376952,21.700000762939453,5614.66015625,3035.10009765625
2025-03-19,82715.03,87000.0,82547.16,86845.94,28151.05374,103.43000030517578,19.899999618530277,5675.2900390625,3035.89990234375
2025-03-20,86845.93,87453.67,83655.23,84223.39,22090.30463,103.8499984741211,19.799999237060547,5662.89013671875,3040.0
2025-03-21,84223.38,84850.33,83175.25,84088.79,11956.97443,104.08999633789062,19.280000686645508,5667.56005859375,3018.199951171875
2025-03-22,84088.79,84539.17,83625.1,83840.59,5420.22114,104.08999633789062,19.280000686645508,5667.56005859375,3018.199951171875
2025-03-23,83840.59,86129.64,83809.75,86082.5,8461.97813,104.08999633789062,19.280000686645508,5667.56005859375,3018.199951171875
2025-03-24,86082.5,88765.43,85519.09,87498.16,30115.62111,104.26000213623048,17.479999542236328,5767.56982421875,3013.10009765625
2025-03-25,87498.16,88539.63,86310.0,87392.87,22643.25248,104.18000030517578,17.149999618530273,5776.64990234375,3023.699951171875
2025-03-26,87392.88,88275.0,85860.0,86909.17,18408.78485,104.5500030517578,18.32999992370605,5712.2001953125,3020.89990234375
2025-03-27,86909.17,87756.39,85800.0,87232.01,17098.03897,104.06999969482422,18.690000534057617,5693.31005859375,3060.199951171875
2025-03-28,87232.01,87515.67,83585.0,84424.38,27182.73169,104.04000091552734,21.649999618530277,5580.93994140625,3086.5
2025-03-29,84424.38,84624.73,81644.81,82648.54,11696.39864,104.04000091552734,21.649999618530277,5580.93994140625,3086.5
2025-03-30,82648.53,83534.64,81565.0,82389.99,9864.49508,104.04000091552734,21.649999618530277,5580.93994140625,3086.5
2025-03-31,82390.0,83943.08,81278.52,82550.01,20569.13885,104.20999908447266,22.280000686645508,5611.85009765625,3122.800048828125
2025-04-01,82550.0,85579.46,82432.74,85158.34,20190.39697,104.26000213623048,21.770000457763672,5633.06982421875,3118.89990234375
2025-04-02,85158.35,88500.0,82320.0,82516.29,39931.457,103.80999755859376,21.51000022888184,5670.97021484375,3139.89990234375
2025-04-03,82516.28,83998.02,81211.24,83213.09,27337.84135,102.06999969482422,30.020000457763672,5396.52001953125,3097.0
2025-04-04,83213.09,84720.0,81659.0,83889.87,32915.53976,103.0199966430664,45.310001373291016,5074.080078125,3012.0
2025-04-05,83889.87,84266.0,82379.95,83537.99,9360.40468,103.0199966430664,45.310001373291016,5074.080078125,3012.0
2025-04-06,83537.99,83817.63,77153.83,78430.0,27942.71436,103.0199966430664,45.310001373291016,5074.080078125,3012.0
2025-04-07,78430.0,81243.58,74508.0,79163.24,78387.53089,103.26000213623048,46.97999954223633,5062.25,2951.300048828125
2025-04-08,79163.24,80867.99,76239.9,76322.42,35317.32063,102.95999908447266,52.33000183105469,4982.77001953125,2968.39990234375
2025-04-09,76322.42,83588.0,74620.0,82615.22,75488.28772,102.9000015258789,33.619998931884766,5456.89990234375,3056.5
2025-04-10,82615.22,82753.21,78464.36,79607.3,33284.80718,100.87000274658205,40.720001220703125,5268.0498046875,3155.199951171875
2025-04-11,79607.3,84300.0,78969.58,83423.84,34435.43797,99.77999877929688,37.560001373291016,5363.35986328125,3222.199951171875
2025-04-12,83423.83,85905.0,82792.95,85276.9,18470.74437,99.77999877929688,37.560001373291016,5363.35986328125,3222.199951171875
2025-04-13,85276.91,86100.0,83034.23,83760.0,24680.04181,99.77999877929688,37.560001373291016,5363.35986328125,3222.199951171875
2025-04-14,83760.0,85799.99,83678.0,84591.58,28659.09348,99.63999938964844,30.88999938964844,5405.97021484375,3204.800048828125
2025-04-15,84591.58,86496.42,83600.0,83643.99,20910.99528,100.22000122070312,30.1200008392334,5396.6298828125,3218.699951171875
2025-04-16,83643.99,85500.0,83111.64,84030.38,20867.24519,99.37999725341795,32.63999938964844,5275.7001953125,3326.60009765625
2025-04-17,84030.38,85470.01,83736.26,84947.91,13728.84772,99.37999725341795,29.649999618530277,5282.7001953125,3308.699951171875
2025-04-18,84947.92,85132.08,84303.96,84474.69,6529.96315,99.37999725341795,29.649999618530277,5282.7001953125,3308.699951171875
2025-04-19,84474.7,85677.99,84364.45,85077.01,9666.58153,99.37999725341795,29.649999618530277,5282.7001953125,3308.699951171875
2025-04-20,85077.0,85320.76,83949.52,85179.24,8091.67725,99.37999725341795,29.649999618530277,5282.7001953125,3308.699951171875
2025-04-21,85179.24,88465.99,85144.76,87516.23,31773.37262,98.27999877929688,33.81999969482422,5158.2001953125,3406.199951171875
2025-04-22,87516.22,93888.0,87076.03,93442.99,43872.74705,98.91999816894533,30.56999969482422,5287.759765625,3400.800048828125
2025-04-23,93442.99,94696.05,91935.41,93691.08,27404.16808,99.83999633789062,28.450000762939453,5375.85986328125,3276.300048828125
2025-04-24,93691.07,94005.0,91660.01,93980.47,19497.06071,99.29000091552734,26.46999931335449,5484.77001953125,3332.0
2025-04-25,93980.47,95758.04,92855.96,94638.68,27500.66648,99.47000122070312,24.84000015258789,5525.2099609375,3282.39990234375
2025-04-26,94638.68,95199.0,93870.69,94628.0,9415.06875,99.47000122070312,24.84000015258789,5525.2099609375,3282.39990234375
2025-04-27,94628.0,95369.0,93602.58,93749.3,11162.841,99.47000122070312,24.84000015258789,5525.2099609375,3282.39990234375
2025-04-28,93749.29,95630.0,92800.01,95011.18,22157.53351,99.01000213623048,25.149999618530277,5528.75,3332.5
2025-04-29,95011.18,95461.53,93742.54,94256.82,16955.3402,99.23999786376952,24.170000076293945,5560.830078125,3318.800048828125
2025-04-30,94256.82,95228.45,92910.0,94172.0,17661.2751,99.47000122070312,24.700000762939453,5569.06005859375,3305.0
2025-05-01,94172.0,97424.02,94130.43,96489.91,21380.45343,100.25,24.600000381469727,5604.14013671875,3210.0
2025-05-02,96489.9,97895.68,96350.0,96887.14,14905.74811,100.0,22.68000030517578,5686.669921875,3231.89990234375
2025-05-03,96887.13,96935.67,95753.01,95856.42,9723.34838,100.0,22.68000030517578,5686.669921875,3231.89990234375
2025-05-04,95856.42,96304.48,94151.38,94277.62,11036.38342,100.0,22.68000030517578,5686.669921875,3231.89990234375
2025-05-05,94277.61,95199.0,93514.1,94733.68,17251.18189,99.83000183105467,23.63999938964844,5650.3798828125,3311.300048828125
2025-05-06,94733.68,96920.65,93377.0,96834.02,16122.64513,99.23999786376952,24.76000022888184,5606.91015625,3411.39990234375
2025-05-07,96834.02,97732.0,95784.61,97030.5,16644.83854,99.61000061035156,23.549999237060547,5631.27978515625,3381.39990234375
2025-05-08,97030.5,104145.76,96876.29,103261.6,34962.02847,100.63999938964844,22.479999542236328,5663.93994140625,3296.60009765625
2025-05-09,103261.61,104361.3,102315.14,102971.99,27617.39907,100.33999633789062,21.899999618530277,5659.91015625,3335.39990234375
2025-05-10,102971.99,104984.57,102818.76,104809.53,15324.78611,100.33999633789062,21.899999618530277,5659.91015625,3335.39990234375
2025-05-11,104809.53,104972.0,103345.06,104118.0,17987.12197,100.33999633789062,21.899999618530277,5659.91015625,3335.39990234375
2025-05-12,104118.0,105819.45,100718.37,102791.32,31272.77792,101.79000091552734,18.38999938964844,5844.18994140625,3220.0
2025-05-13,102791.32,104976.25,101429.7,104103.72,21253.42409,101.0,18.21999931335449,5886.5498046875,3240.300048828125
2025-05-14,104103.72,104356.95,102602.05,103507.82,16452.9081,101.04000091552734,18.6200008392334,5892.580078125,3181.39990234375
2025-05-15,103507.83,104192.7,101383.07,103763.71,17998.98604,100.87999725341795,17.829999923706055,5916.93017578125,3220.699951171875
2025-05-16,103763.71,104550.33,103100.49,103463.9,15683.88024,101.08999633789062,17.239999771118164,5958.3798828125,3182.0
2025-05-17,103463.9,103709.86,102612.5,103126.65,11250.89622,101.08999633789062,17.239999771118164,5958.3798828125,3182.0
2025-05-18,103126.65,106660.0,103105.09,106454.26,21599.98726,101.08999633789062,17.239999771118164,5958.3798828125,3182.0
2025-05-19,106454.27,107108.62,102000.0,105573.74,30260.03524,100.43000030517578,18.13999938964844,5963.60009765625,3228.89990234375
2025-05-20,105573.73,107320.0,104184.72,106849.99,23705.48275,100.12000274658205,18.09000015258789,5940.4599609375,3280.300048828125
2025-05-21,106850.0,110797.38,106100.01,109643.99,45531.040345,99.55999755859376,20.8700008392334,5844.60986328125,3309.300048828125
2025-05-22,109643.99,111980.0,109177.37,111696.21,31630.77313,99.95999908447266,20.280000686645508,5842.009765625,3292.300048828125
2025-05-23,111696.22,111800.0,106800.0,107318.3,31737.72309,99.11000061035156,22.290000915527344,5802.81982421875,3363.60009765625
2025-05-24,107318.3,109506.03,106875.41,107761.91,16782.53129,99.11000061035156,22.290000915527344,5802.81982421875,3363.60009765625
2025-05-25,107761.9,109299.99,106600.64,109004.19,17710.04695,99.11000061035156,22.290000915527344,5802.81982421875,3363.60009765625
2025-05-26,109004.2,110422.22,108670.58,109434.79,14649.11593,98.93000030517578,22.290000915527344,5802.81982421875,3363.60009765625
2025-05-27,109434.78,110718.0,107516.57,108938.17,21276.65635,99.5199966430664,18.959999084472656,5921.5400390625,3299.10009765625
2025-05-28,108938.17,109284.7,106769.43,107781.78,15633.78829,99.87999725341795,19.309999465942383,5888.5498046875,3293.60009765625
2025-05-29,107781.78,108891.91,105322.86,105589.75,19834.70116,99.27999877929688,19.18000030517578,5912.169921875,3317.10009765625
2025-05-30,105589.75,106313.12,103621.0,103985.48,23706.49799,99.33000183105467,18.56999969482422,5911.68994140625,3288.89990234375
2025-05-31,103985.47,104900.0,103068.55,104591.88,11289.35922,99.33000183105467,18.56999969482422,5911.68994140625,3288.89990234375
2025-06-01,104591.88,105866.91,103752.49,105642.93,9709.70006,99.33000183105467,18.56999969482422,5911.68994140625,3288.89990234375
2025-06-02,105642.93,105935.63,103659.88,105857.99,13453.98813,98.6999969482422,18.36000061035156,5935.93994140625,3370.60009765625
2025-06-03,105858.0,106794.67,104872.5,105376.89,13259.52634,99.25,17.690000534057617,5970.3701171875,3350.199951171875
2025-06-04,105376.9,106000.0,104179.0,104696.86,14034.89482,98.79000091552734,17.610000610351562,5970.81005859375,3373.5
2025-06-05,104696.86,105909.71,100372.26,101508.68,22321.50154,98.73999786376952,18.479999542236328,5939.2998046875,3350.699951171875
2025-06-06,101508.69,105333.0,101095.8,104288.44,15839.07385,99.19000244140624,16.770000457763672,6000.35986328125,3322.699951171875
2025-06-07,104288.43,105900.0,103871.09,105552.15,8344.93206,99.19000244140624,16.770000457763672,6000.35986328125,3322.699951171875
2025-06-08,105552.15,106488.14,104964.14,105734.0,8048.06305,99.19000244140624,16.770000457763672,6000.35986328125,3322.699951171875
2025-06-09,105734.01,110530.17,105318.37,110263.02,19975.37451,98.94000244140624,17.15999984741211,6005.8798828125,3332.10009765625
2025-06-10,110263.02,110400.0,108331.03,110274.39,17071.82839,99.0500030517578,16.950000762939453,6038.81005859375,3320.89990234375
2025-06-11,110274.39,110392.01,108064.0,108645.12,13115.91638,98.62999725341795,17.260000228881836,6022.240234375,3321.300048828125
2025-06-12,108645.13,108813.55,105671.72,105671.73,17778.67218,97.91999816894533,18.020000457763672,6045.259765625,3380.89990234375
2025-06-13,105671.74,106179.53,102664.31,106066.59,26180.81734,98.18000030517578,20.81999969482422,5976.97021484375,3431.199951171875
2025-06-14,106066.59,106252.0,104300.0,105414.64,8798.93969,98.18000030517578,20.81999969482422,5976.97021484375,3431.199951171875
2025-06-15,105414.63,106128.57,104494.53,105594.01,7164.20047,98.18000030517578,20.81999969482422,5976.97021484375,3431.199951171875
2025-06-16,105594.02,108952.38,104980.37,106794.53,14922.6654,98.0,19.11000061035156,6033.10986328125,3396.39990234375
2025-06-17,106794.53,107771.34,103371.02,104551.17,17866.33025,98.81999969482422,21.600000381469727,5982.72021484375,3386.60009765625
2025-06-18,104551.17,105550.27,103500.0,104886.78,13968.64167,98.91000366210938,20.13999938964844,5980.8701171875,3389.800048828125
2025-06-19,104886.79,105226.17,103929.27,104658.59,7678.60737,98.91000366210938,20.13999938964844,5980.8701171875,3389.800048828125
2025-06-20,104658.59,106524.65,102345.0,103297.99,16419.06283,98.70999908447266,20.6200008392334,5967.83984375,3368.10009765625
2025-06-21,103297.98,103982.64,100837.9,102120.01,11154.21332,98.70999908447266,20.6200008392334,5967.83984375,3368.10009765625
2025-06-22,102120.02,103399.62,98200.0,100963.87,28746.41072,98.70999908447266,20.6200008392334,5967.83984375,3368.10009765625
2025-06-23,100963.87,106074.2,99613.33,105333.93,27666.50609,98.41999816894533,19.82999992370605,6025.169921875,3377.699951171875
2025-06-24,105333.94,106290.0,104622.02,106083.0,14651.69335,97.86000061035156,17.479999542236328,6092.18017578125,3317.39990234375
2025-06-25,106083.0,108135.3,105808.03,107340.58,16701.15551,97.68000030517578,16.760000228881836,6092.16015625,3327.10009765625
2025-06-26,107340.59,108272.45,106562.5,106947.06,10573.27279,97.1500015258789,16.59000015258789,6141.02001953125,3333.5
2025-06-27,106947.06,107735.34,106356.76,107047.59,12232.44042,97.4000015258789,16.31999969482422,6173.06982421875,3273.699951171875
2025-06-28,107047.58,107577.75,106811.51,107296.79,3282.17352,97.4000015258789,16.31999969482422,6173.06982421875,3273.699951171875
2025-06-29,107296.79,108528.5,107172.52,108356.93,6831.7364,97.4000015258789,16.31999969482422,6173.06982421875,3273.699951171875
2025-06-30,108356.93,108789.99,106733.33,107146.5,9754.12491,96.87999725341795,16.729999542236328,6204.9501953125,3294.39990234375
2025-07-01,107146.51,107540.0,105250.85,105681.14,10505.62437,96.81999969482422,16.829999923706055,6198.009765625,3336.699951171875
2025-07-02,105681.13,109730.0,105100.19,108849.6,17691.89592,96.77999877929688,16.639999389648438,6227.419921875,3348.0
2025-07-03,108849.59,110529.18,108530.4,109584.78,13047.08225,97.18000030517578,16.3799991607666,6279.35009765625,3331.60009765625
2025-07-04,109584.77,109767.59,107245.0,107984.24,11793.86615,97.18000030517578,16.3799991607666,6279.35009765625,3332.5
2025-07-05,107984.25,108420.56,107756.31,108064.0,1138.7132,97.18000030517578,16.3799991607666,6279.35009765625,3332.5
2025-07-06,108198.12,108268.35,108025.97,108036.0,355.20453,97.18000030517578,16.3799991607666,6279.35009765625,3332.5
2025-07-07,109203.85,109476.98,108679.75,109476.98,652.41452,97.4800033569336,17.790000915527344,6229.97998046875,3332.199951171875
2025-07-08,108262.94,108525.0,107670.12,107722.34,842.1215,97.51000213623048,16.809999465942383,6225.52001953125,3307.0
2025-07-09,108922.99,109136.0,108722.09,108823.61,405.85399,97.47000122070312,15.9399995803833,6263.259765625,3311.60009765625
2025-07-10,111234.0,111356.0,110880.0,111279.22,934.62174,97.6500015258789,15.779999732971191,6280.4599609375,3317.39990234375
2025-07-11,116010.01,116098.8,115222.22,115789.71,2053.39834,97.8499984741211,16.399999618530273,6259.75,3356.0
2025-07-12,117527.66,117743.19,117141.13,117646.37,790.084,97.8499984741211,16.399999618530273,6259.75,3356.0
2025-07-13,117420.0,117640.61,117224.79,117420.29,444.14008,97.8499984741211,16.399999618530273,6259.75,3356.0
2025-07-14,119086.65,119470.54,118905.18,119177.83,978.39593,98.08000183105467,17.200000762939453,6268.56005859375,3351.5
2025-07-15,119841.17,119940.83,117900.0,117989.89,3161.0031,98.62000274658205,17.3799991607666,6243.759765625,3329.800048828125
2025-07-16,117758.08,118195.0,117420.53,117519.27,1201.47103,98.38999938964844,17.15999984741211,6263.7001953125,3352.5
2025-07-17,118630.44,119158.28,117683.53,118299.21,1336.75369,98.7300033569336,16.520000457763672,6297.35986328125,3340.10009765625
2025-07-18,119177.56,120785.49,119020.48,120138.99,1804.48656,98.4800033569336,16.40999984741211,6296.7900390625,3353.0
2025-07-19,117924.84,118109.95,117613.35,118000.7,646.96159,98.4800033569336,16.40999984741211,6296.7900390625,3353.0
2025-07-20,117840.01,118131.2,117650.0,117884.29,563.92621,98.4800033569336,16.40999984741211,6296.7900390625,3353.0
2025-07-21,117265.11,117991.59,116515.0,117884.28,1716.16569,97.8499984741211,16.649999618530273,6305.60009765625,3401.89990234375
2025-07-22,117380.36,117950.0,116128.0,117453.46,2436.39879,97.38999938964844,16.5,6309.6201171875,3439.199951171875
2025-07-23,119954.43,120090.0,119119.86,119308.0,1062.0363,97.20999908447266,15.369999885559082,6358.91015625,3394.10009765625
2025-07-24,118756.0,119138.57,118571.17,118944.89,1010.40115,97.37999725341795,15.390000343322754,6363.35009765625,3371.0
2025-07-25,118340.98,118451.57,117099.99,117100.0,4295.59166,97.6500015258789,14.93000030517578,6388.64013671875,3334.0
2025-07-26,117614.31,117614.32,117138.38,117266.98,692.15335,97.6500015258789,14.93000030517578,6388.64013671875,3334.0
2025-07-27,117919.99,118260.0,117825.5,118150.38,573.1169,97.6500015258789,14.93000030517578,6388.64013671875,3334.0
2025-07-28,119415.56,119690.32,118960.5,119494.04,1129.1822,98.66000366210938,15.029999732971191,6389.77001953125,3309.10009765625
2025-07-29,118062.32,118450.0,117450.0,117919.49,1186.14424,98.91000366210938,15.979999542236328,6370.85986328125,3323.39990234375
2025-07-30,117950.75,118119.0,117412.53,118021.87,610.01661,99.94000244140624,15.479999542236328,6362.89990234375,3295.800048828125
2025-07-31,117840.29,118542.39,117781.87,118172.36,1420.41816,100.02999877929688,16.719999313354492,6339.39013671875,3293.199951171875
2025-08-01,115764.07,115933.0,114313.13,115760.31,4615.46977,98.69000244140624,20.3799991607666,6238.009765625,3347.699951171875
2025-08-02,113297.92,113909.3,113198.63,113751.5,941.81216,98.69000244140624,20.3799991607666,6238.009765625,3347.699951171875
2025-08-03,112546.35,113425.01,111920.0,113368.0,1650.61092,98.69000244140624,20.3799991607666,6238.009765625,3347.699951171875
2025-08-04,114208.81,115000.0,114107.6,114811.96,1159.02884,98.77999877929688,17.520000457763672,6329.93994140625,3374.39990234375
2025-08-05,115055.03,115127.81,114651.56,114664.83,768.15187,98.77999877929688,17.850000381469727,6299.18994140625,3381.89990234375
2025-08-06,114129.75,114139.38,113491.76,113679.97,683.68204,98.18000030517578,16.770000457763672,6345.06005859375,3380.0
2025-08-07,114992.27,115185.58,114580.53,114769.7,808.03504,98.4000015258789,16.56999969482422,6340.0,3400.300048828125
2025-08-08,117472.02,117630.0,116770.05,116788.74,1591.1612,98.18000030517578,15.149999618530272,6389.4501953125,3439.10009765625
2025-08-09,116674.74,116750.0,116506.38,116506.38,357.1299,98.18000030517578,15.149999618530272,6389.4501953125,3439.10009765625
2025-08-10,116462.25,116776.59,116460.63,116734.75,720.94878,98.18000030517578,15.149999618530272,6389.4501953125,3439.10009765625
2025-08-11,119294.27,121669.35,118972.59,121459.83,4748.52547,98.5199966430664,16.25,6373.4501953125,3353.10009765625
2025-08-12,118686.0,119108.06,118593.39,118968.74,1063.91339,98.0999984741211,14.729999542236328,6445.759765625,3348.89990234375
2025-08-13,120134.09,120192.1,119268.03,119274.59,1160.78178,97.83999633789062,14.489999771118164,6466.580078125,3358.699951171875
2025-08-14,123306.44,124474.0,123251.9,123568.65,2428.356036,98.25,14.829999923706056,6468.5400390625,3335.199951171875
2025-08-15,118295.09,118754.33,118032.32,118749.03,926.15367,97.8499984741211,15.09000015258789,6449.7998046875,3336.0
2025-08-16,117342.04,117898.99,117231.14,117666.79,936.15112,97.8499984741211,15.09000015258789,6449.7998046875,3336.0
2025-08-17,117380.66,117499.0,117172.21,117407.92,434.95514,97.8499984741211,15.09000015258789,6449.7998046875,3336.0
2025-08-18,117405.01,117543.75,115780.0,115802.33,3537.96982,98.16999816894533,14.989999771118164,6449.14990234375,3331.699951171875
2025-08-19,116227.05,116725.69,115516.82,115760.0,1063.91272,98.2699966430664,15.56999969482422,6411.3701171875,3313.39990234375
2025-08-20,112872.95,113413.23,112566.01,112962.01,1514.7512,98.22000122070312,15.6899995803833,6395.77978515625,3343.39990234375
2025-08-21,114271.23,114691.26,113954.13,114665.14,843.77276,98.62000274658205,16.600000381469727,6370.169921875,3336.89990234375
2025-08-22,112500.0,112924.37,112335.6,112840.09,599.22209,97.72000122070312,14.220000267028809,6466.91015625,3374.39990234375
2025-08-23,116936.0,117030.0,116300.0,116425.33,882.64315,97.72000122070312,14.220000267028809,6466.91015625,3374.39990234375
2025-08-24,115438.06,115666.68,115196.0,115601.93,1193.35718,97.72000122070312,14.220000267028809,6466.91015625,3374.39990234375
2025-08-25,113493.59,113516.16,112159.0,113199.99,1458.78883,98.43000030517578,14.789999961853027,6439.31982421875,3373.800048828125
2025-08-26,110111.98,110111.98,108666.66,109856.01,3231.35418,98.2300033569336,14.619999885559082,6465.93994140625,3388.60009765625
2025-08-27,111763.22,111825.16,111092.8,111295.21,1064.99284,98.2300033569336,14.850000381469728,6481.39990234375,3404.60009765625
2025-08-28,111262.01,111714.28,110862.42,111652.47,651.68518,97.80999755859376,14.43000030517578,6501.85986328125,3431.800048828125
2025-08-29,112566.9,112638.64,111425.28,111472.82,1147.71097,97.7699966430664,15.359999656677246,6460.259765625,3473.699951171875
2025-08-30,108377.4,108410.73,107912.97,107912.97,1016.98258,97.7699966430664,15.359999656677246,6460.259765625,3473.699951171875
2025-08-31,108816.33,109480.02,108801.35,109439.43,1232.26953,97.7699966430664,15.359999656677246,6460.259765625,3473.699951171875
2025-09-01,108246.36,108482.98,107631.68,107949.22,1699.00605,97.7699966430664,15.359999656677246,6460.259765625,3473.699951171875
2025-09-02,109237.43,109611.11,108883.8,109326.01,1165.52175,98.4000015258789,17.170000076293945,6415.5400390625,3549.39990234375
2025-09-03,111240.01,111782.21,110901.06,110961.93,1370.592,98.13999938964844,16.350000381469727,6448.259765625,3593.199951171875
2025-09-04,111705.72,112180.0,111619.86,111844.46,571.01906,98.3499984741211,15.300000190734863,6502.080078125,3565.800048828125
2025-09-05,110730.87,111169.98,110435.75,111053.72,809.90979,97.7699966430664,15.18000030517578,6481.5,3613.199951171875
2025-09-06,110660.0,111307.7,109977.0,110187.97,5000.29897,97.7699966430664,15.18000030517578,6481.5,3613.199951171875
2025-09-07,110187.98,111600.0,110180.0,111137.34,5681.29944,97.7699966430664,15.18000030517578,6481.5,3613.199951171875
2025-09-08,111137.35,112924.37,110621.78,112065.23,11582.40211,97.4499969482422,15.109999656677246,6495.14990234375,3638.10009765625
2025-09-09,112065.23,113293.29,110766.66,111546.39,15379.28248,97.79000091552734,15.039999961853027,6512.60986328125,3643.300048828125
2025-09-10,111546.38,114313.13,110917.45,113960.0,17517.41823,97.77999877929688,15.350000381469728,6532.0400390625,3643.60009765625
2025-09-11,113960.0,115488.09,113430.0,115482.69,13676.73119,97.54000091552734,14.710000038146973,6587.47021484375,3636.89990234375
2025-09-12,115482.69,116665.63,114740.99,116029.42,15324.10719,97.5500030517578,14.760000228881836,6584.2900390625,3649.39990234375
2025-09-13,116029.41,116298.78,115127.27,115918.29,8269.40394,97.5500030517578,14.760000228881836,6584.2900390625,3649.39990234375
2025-09-14,115918.29,116165.19,115135.0,115268.01,6707.60197,97.5500030517578,14.760000228881836,6584.2900390625,3649.39990234375
2025-09-15,115268.01,116757.99,114384.0,115349.71,13212.51149,97.3000030517578,15.6899995803833,6615.27978515625,3682.199951171875
2025-09-16,115349.71,116964.27,114737.11,116788.96,10926.9094,96.62999725341795,16.360000610351562,6606.759765625,3688.89990234375
2025-09-17,116788.96,117286.73,114720.81,116447.59,16754.2454,96.87000274658205,15.720000267028809,6600.35009765625,3681.800048828125
2025-09-18,116447.6,117900.0,116092.76,117073.53,11657.23365,97.3499984741211,15.699999809265137,6631.9599609375,3643.699951171875
2025-09-19,117073.53,117459.99,115100.0,115632.38,8992.09065,97.63999938964844,15.449999809265137,6664.35986328125,3671.5
2025-09-20,115632.39,116121.81,115408.47,115685.63,4674.92752,97.63999938964844,15.449999809265137,6664.35986328125,3671.5
2025-09-21,115685.63,115819.06,115188.0,115232.29,4511.52219,97.63999938964844,15.449999809265137,6664.35986328125,3671.5
2025-09-22,115232.29,115379.25,111800.0,112650.99,20781.71356,97.33000183105467,16.100000381469727,6693.75,3740.699951171875
2025-09-23,112650.99,113290.5,111458.73,111998.8,12301.3203,97.26000213623048,16.639999389648438,6656.919921875,3780.60009765625
2025-09-24,111998.8,113940.0,111042.66,113307.0,12369.25967,97.87000274658205,16.18000030517578,6637.97021484375,3732.10009765625
2025-09-25,113307.01,113510.23,108631.51,108994.49,21231.14957,98.5500030517578,16.739999771118164,6604.72021484375,3736.89990234375
2025-09-26,108994.49,110300.0,108620.07,109643.46,14243.01591,98.1500015258789,15.289999961853027,6643.7001953125,3775.300048828125
2025-09-27,109643.46,109743.91,109064.4,109635.85,5501.78643,98.1500015258789,15.289999961853027,6643.7001953125,3775.300048828125
2025-09-28,109635.85,112350.0,109189.99,112163.95,7542.3316,98.1500015258789,15.289999961853027,6643.7001953125,3775.300048828125
2025-09-29,112163.96,114400.0,111560.65,114311.96,15541.12005,97.91000366210938,16.1200008392334,6661.2099609375,3820.89990234375
2025-09-30,114311.97,114792.0,112656.27,113065.08,10666.07961,97.7699966430664,16.280000686645508,6688.4599609375,3840.800048828125
2025-10-01,114048.94,114429.76,113966.67,114289.52,669.29496,97.70999908447266,16.290000915527344,6711.2001953125,3867.5
2025-10-02,118594.99,119456.92,118368.05,118592.06,2320.02994,97.8499984741211,16.6299991607666,6715.35009765625,3839.699951171875
2025-10-03,120529.35,120550.9,120078.75,120221.91,856.49101,97.72000122070312,16.649999618530273,6715.7900390625,3880.800048828125
2025-10-04,122232.21,122295.56,121982.23,122091.01,475.64697,97.72000122070312,16.649999618530273,6715.7900390625,3880.800048828125
2025-10-05,122390.99,122410.0,122157.7,122244.41,261.13591,97.72000122070312,16.649999618530273,6715.7900390625,3880.800048828125
2025-10-06,123482.32,124358.46,123084.0,123584.95,1474.47086,98.11000061035156,16.3700008392334,6740.27978515625,3948.5
2025-10-07,124658.54,125082.27,124600.0,125046.94,535.4452,98.58000183105467,17.239999771118164,6714.58984375,3976.60009765625
2025-10-08,121332.96,122089.68,121276.0,121832.92,790.37194,98.8499984741211,16.299999237060547,6753.72021484375,4043.300048828125
2025-10-09,123306.01,123348.32,122583.0,122700.8,528.48578,99.54000091552734,16.43000030517578,6735.10986328125,3946.300048828125
2025-10-10,121662.41,121874.13,121595.75,121786.26,357.09667,98.9800033569336,21.65999984741211,6552.509765625,3975.89990234375
2025-10-11,112774.49,113178.66,111620.3,112143.65,4004.34367,98.9800033569336,21.65999984741211,6552.509765625,3975.89990234375
2025-10-12,110644.4,110685.63,109565.06,110039.84,1449.71411,98.9800033569336,21.65999984741211,6552.509765625,3975.89990234375
2025-10-13,114958.81,115888.0,114766.69,115283.65,1831.14783,99.2699966430664,19.030000686645508,6654.72021484375,4108.60009765625
2025-10-14,115166.0,115409.96,114542.0,114711.0,1023.79943,99.0500030517578,20.809999465942383,6644.31005859375,4138.7001953125
2025-10-15,113028.13,113112.41,112384.32,112726.98,1477.97662,98.79000091552734,20.63999938964844,6671.06005859375,4176.89990234375
2025-10-16,110763.28,111109.65,110361.0,111005.02,1023.51951,98.38999938964844,25.309999465942383,6629.06982421875,4280.2001953125
2025-10-17,108194.27,109115.08,107934.4,108980.44,890.83243,98.43000030517578,20.780000686645508,6664.009765625,4189.89990234375
2025-10-18,106431.68,106980.72,106322.2,106951.59,575.43807,98.43000030517578,20.780000686645508,6664.009765625,4189.89990234375
2025-10-19,107185.0,107267.2,106734.17,106939.99,493.36618,98.43000030517578,20.780000686645508,6664.009765625,4189.89990234375
2025-10-20,108642.77,108642.77,107402.52,108016.9,1452.56796,98.58999633789062,18.229999542236328,6735.1298828125,4336.39990234375
2025-10-21,110532.09,110532.09,110128.07,110152.11,549.02436,98.93000030517578,17.8700008392334,6735.35009765625,4087.699951171875
2025-10-22,108297.66,108643.61,107841.2,108051.58,2182.45282,98.9000015258789,18.600000381469727,6699.39990234375,4044.39990234375
2025-10-23,107567.45,108443.09,107500.0,108315.03,696.23445,98.94000244140624,17.299999237060547,6738.43994140625,4125.5
2025-10-24,110078.19,110709.22,109983.93,110550.48,611.12551,98.9499969482422,16.3700008392334,6791.68994140625,4118.39990234375
2025-10-25,111004.9,111044.86,110672.86,110876.15,256.03075,98.9499969482422,16.3700008392334,6791.68994140625,4118.39990234375
2025-10-26,111646.27,111899.56,111544.15,111730.75,460.35098,98.9499969482422,16.3700008392334,6791.68994140625,4118.39990234375
2025-10-27,114559.41,115176.47,114362.26,115028.72,1410.72946,98.77999877929688,15.789999961853027,6875.16015625,4001.89990234375
2025-10-28,114107.65,114374.2,113788.32,114246.57,663.17207,98.69000244140624,16.420000076293945,6890.89013671875,3966.199951171875
2025-10-29,112898.44,112898.45,112254.2,112321.57,714.32724,99.22000122070312,16.920000076293945,6890.58984375,3983.699951171875
2025-10-30,110021.3,110611.74,109703.43,110556.01,810.56277,99.52999877929688,16.90999984741211,6822.33984375,4001.300048828125
2025-10-31,108322.87,110042.16,108275.28,109769.71,1700.77186,99.8000030517578,17.440000534057617,6840.2001953125,3982.199951171875
2025-11-01,109608.01,109877.0,109394.81,109732.33,382.42752,99.8000030517578,17.440000534057617,6840.2001953125,3982.199951171875
2025-11-02,110098.1,110127.26,109895.27,110008.49,376.66144,99.8000030517578,17.440000534057617,6840.2001953125,3982.199951171875
2025-11-03,110540.69,110750.0,109484.0,109807.89,723.95165,99.87000274658205,17.170000076293945,6851.97021484375,4000.300048828125
2025-11-04,106583.05,106808.51,105852.37,106590.18,1421.11788,100.22000122070312,19.0,6771.5498046875,3947.699951171875
2025-11-05,101497.23,101752.96,99867.01,99887.41,1998.37627,100.1999969482422,18.010000228881836,6796.2900390625,3980.300048828125
2025-11-06,103885.16,103897.86,103029.2,103073.39,1546.75954,99.7300033569336,19.5,6720.31982421875,3979.89990234375
2025-11-07,101346.04,101894.83,100749.94,101792.38,1305.82934,99.5999984741211,19.07999992370605,6728.7998046875,3999.39990234375
2025-11-08,103339.09,103406.22,102539.49,102987.19,1056.24357,99.5999984741211,19.07999992370605,6728.7998046875,3999.39990234375
2025-11-09,102312.95,102337.89,101620.23,101937.71,770.69136,99.5999984741211,19.07999992370605,6728.7998046875,3999.39990234375
2025-11-10,104722.95,106670.11,104265.02,106291.42,3314.54976,99.62000274658205,17.600000381469727,6832.43017578125,4111.7998046875
2025-11-11,106011.13,106900.0,105500.0,106899.99,931.1983,99.45999908447266,17.280000686645508,6846.60986328125,4106.7998046875
2025-11-12,103059.0,103340.59,102687.72,103250.73,833.68268,99.4800033569336,17.510000228881836,6850.919921875,4204.39990234375
2025-11-13,101654.37,102604.0,101467.15,102200.28,1033.70732,99.18000030517578,20.0,6737.490234375,4186.89990234375
2025-11-14,99692.03,99778.0,98700.0,98834.01,2766.97648,99.2699966430664,19.82999992370605,6734.10986328125,4087.60009765625
2025-11-15,94594.0,95414.0,94558.49,95127.0,1246.21901,99.2699966430664,19.82999992370605,6734.10986328125,4087.60009765625
2025-11-16,95596.23,95704.81,95040.71,95373.46,473.429,99.2699966430664,19.82999992370605,6734.10986328125,4087.60009765625
2025-11-17,94261.45,95487.8,93767.27,95018.68,2063.57291,99.58999633789062,22.3799991607666,6672.41015625,4068.300048828125
2025-11-18,92215.14,92357.51,91200.0,92093.99,2411.57934,99.5500030517578,24.690000534057617,6617.31982421875,4061.300048828125
2025-11-19,92960.83,92980.22,91929.86,91965.44,1321.20284,100.2300033569336,23.65999984741211,6642.16015625,4077.699951171875
2025-11-20,91554.96,92335.0,91185.26,92213.11,1326.29218,100.16000366210938,26.420000076293945,6538.759765625,4056.5
2025-11-21,86637.22,87498.94,86592.0,87166.96,1063.84212,100.18000030517578,23.43000030517578,6602.990234375,4076.699951171875
2025-11-22,85129.42,85620.0,84571.13,84681.63,1151.88026,100.18000030517578,23.43000030517578,6602.990234375,4076.699951171875
2025-11-23,84739.75,85609.75,84667.57,85455.47,1238.39537,100.18000030517578,23.43000030517578,6602.990234375,4076.699951171875
2025-11-24,86830.0,87211.33,85946.65,86650.89,1672.2035,100.13999938964844,20.520000457763672,6705.1201171875,4091.89990234375
2025-11-25,88300.01,88300.01,87864.63,88154.99,934.31162,99.66000366210938,18.559999465942383,6765.8798828125,4139.2001953125
2025-11-26,87369.97,87770.0,87338.05,87534.38,585.06542,99.5999984741211,17.190000534057617,6812.60986328125,4165.2001953125
2025-11-27,90484.01,90931.0,90089.91,90653.52,1263.17063,99.5999984741211,17.190000534057617,6812.60986328125,4165.2001953125
2025-11-28,91333.94,91417.99,90876.92,90884.82,522.90153,99.45999908447266,16.350000381469727,6849.08984375,4218.2998046875
2025-11-29,90890.71,91043.99,90768.13,91042.63,233.52953,99.45999908447266,16.350000381469727,6849.08984375,4218.2998046875
2025-11-30,90802.44,91055.5,90765.12,90929.44,268.7211,99.45999908447266,16.350000381469727,6849.08984375,4218.2998046875
2025-12-01,90360.01,90417.0,86941.4,87305.65,5720.84016,99.41000366210938,17.239999771118164,6812.6298828125,4239.2998046875
2025-12-02,86286.01,87350.0,86184.39,86707.08,1763.1135,99.36000061035156,16.59000015258789,6829.3701171875,4186.60009765625
2025-12-03,91277.88,91890.0,90990.23,91768.39,1715.08516,98.8499984741211,16.079999923706055,6849.72021484375,4199.2998046875
2025-12-04,93429.95,93750.73,92669.82,93397.1,1591.34643,98.98999786376952,15.779999732971191,6857.1201171875,4211.7998046875
2025-12-05,92078.06,92500.0,92058.82,92449.92,383.08496,98.98999786376952,15.40999984741211,6870.39990234375,4212.89990234375
2025-12-06,89330.04,89466.34,89030.67,89382.0,331.31777,98.98999786376952,15.40999984741211,6870.39990234375,4212.89990234375
2025-12-07,89236.8,89588.23,89176.52,89459.22,312.5877,98.98999786376952,15.40999984741211,6870.39990234375,4212.89990234375
2025-12-08,90395.32,90783.88,89860.0,90762.3,665.87544,99.08999633789062,16.65999984741211,6846.509765625,4187.2001953125
2025-12-09,90634.35,90846.26,90233.04,90544.55,486.25364,99.22000122070312,16.93000030517578,6840.509765625,4206.7001953125
2025-12-10,92678.81,92786.35,92061.0,92375.89,781.68104,98.79000091552734,15.770000457763672,6886.68017578125,4196.39990234375
2025-12-11,92015.38,92080.32,90700.0,90850.0,1263.45754,98.3499984741211,14.850000381469728,6901.0,4285.5
2025-12-12,92513.38,92651.93,91448.31,92016.99,1055.83174,98.4000015258789,15.739999771118164,6827.41015625,4300.10009765625
2025-12-13,90268.43,90444.28,90207.2,90323.0,211.75622,98.4000015258789,15.739999771118164,6827.41015625,4300.10009765625
2025-12-14,90240.0,90472.4,90117.05,90415.9,342.89951,98.4000015258789,15.739999771118164,6827.41015625,4300.10009765625
2025-12-15,88172.16,88757.38,88074.37,88752.91,916.93354,98.1500015258789,16.5,6816.509765625,4306.7001953125
2025-12-16,86432.08,86535.22,85718.1,85987.82,718.55064,98.1500015258789,16.479999542236328,6800.259765625,4304.5
2025-12-17,87863.43,87863.43,87426.06,87744.28,424.75405,98.37000274658205,17.6200008392334,6721.43017578125,4347.5
2025-12-18,86243.23,86313.71,85863.93,85921.72,394.08859,98.43000030517578,16.8700008392334,6774.759765625,4339.5
2025-12-19,85516.41,85604.88,85295.2,85367.99,429.73431,98.5999984741211,14.90999984741211,6834.5,4361.39990234375
2025-12-20,88136.95,88188.0,87961.6,88114.17,302.46754,98.5999984741211,14.90999984741211,6834.5,4361.39990234375
2025-12-21,88360.91,88433.64,88289.45,88293.72,165.2218,98.5999984741211,14.90999984741211,6834.5,4361.39990234375
2025-12-22,88658.87,89627.24,88516.0,89066.97,1502.18225,98.29000091552734,14.079999923706056,6878.490234375,4444.60009765625
2025-12-23,88620.79,88940.0,88504.78,88587.53,376.32388,97.94000244140624,14.0,6909.7900390625,4482.7998046875
2025-12-24,87486.0,87839.66,87264.0,87686.45,531.70542,97.9800033569336,13.470000267028809,6932.0498046875,4480.60009765625
2025-12-25,87669.44,87749.0,87508.52,87665.0,209.18888,97.9800033569336,13.470000267028809,6932.0498046875,4480.60009765625
2025-12-26,87225.27,87361.54,86891.7,87332.71,670.60804,98.0199966430664,13.600000381469728,6929.93994140625,4529.10009765625
2025-12-27,87369.56,87414.26,87253.05,87343.24,245.29502,98.0199966430664,13.600000381469728,6929.93994140625,4529.10009765625
2025-12-28,87877.0,87961.37,87705.97,87805.51,299.0195,98.0199966430664,13.600000381469728,6929.93994140625,4529.10009765625
2025-12-29,87952.71,88444.19,87813.17,88014.12,740.45293,98.04000091552734,14.199999809265137,6905.740234375,4325.10009765625
2025-12-30,87237.13,87359.4,87105.09,87273.23,318.02196,98.23999786376952,14.329999923706056,6896.240234375,4370.10009765625
2025-12-31,88485.5,88661.11,88172.15,88637.12,421.99548,98.27999877929688,14.949999809265137,6845.5,4325.60009765625
2026-01-01,87648.21,88050.0,87632.74,87875.23,397.54535,98.27999877929688,14.949999809265137,6845.5,4325.60009765625
2026-01-02,88839.05,88890.09,88594.39,88732.02,543.80914,98.41999816894533,14.510000228881836,6858.47021484375,4314.39990234375
2026-01-03,89995.14,90231.92,89966.48,90186.43,374.10723,98.41999816894533,14.510000228881836,6858.47021484375,4314.39990234375
2026-01-04,90628.01,91610.17,90628.0,91104.0,1934.50547,98.41999816894533,14.510000228881836,6858.47021484375,4314.39990234375
2026-01-05,91529.74,92986.4,91514.81,92947.65,3027.5973,98.2699966430664,14.899999618530272,6902.0498046875,4436.89990234375
2026-01-06,93859.71,94042.3,93555.93,93955.99,692.80516,98.58000183105467,14.75,6944.81982421875,4482.2001953125
2026-01-07,93747.97,93747.97,92330.33,92531.14,1346.98867,98.68000030517578,15.380000114440918,6920.93017578125,4449.2998046875
2026-01-08,91364.16,91529.72,91072.16,91429.1,441.50844,98.93000030517578,15.449999809265137,6921.4599609375,4449.7001953125
2026-01-09,91100.0,91330.0,91058.7,91179.27,275.94622,99.12999725341795,14.489999771118164,6966.27978515625,4490.2998046875
2026-01-10,90641.27,90697.84,90527.99,90641.3,186.04417,99.12999725341795,14.489999771118164,6966.27978515625,4490.2998046875
2026-01-11,90504.7,90675.53,90451.1,90580.62,173.37959,99.12999725341795,14.489999771118164,6966.27978515625,4490.2998046875
2026-01-12,91013.66,91799.0,90700.29,91459.11,1359.07543,98.86000061035156,15.119999885559082,6977.27001953125,4604.2998046875
2026-01-13,91296.2,91546.08,91249.0,91386.33,452.97734,99.12999725341795,15.979999542236328,6963.740234375,4589.2001953125
2026-01-14,95413.99,95647.91,95150.0,95501.24,962.32813,99.12999725341795,16.75,6926.60009765625,4626.2998046875
2026-01-15,96951.78,97000.0,96500.0,96522.26,1022.32629,99.31999969482422,15.84000015258789,6944.47021484375,4616.2998046875
2026-01-16,95604.81,95828.01,95420.75,95548.02,342.77509,99.38999938964844,15.859999656677246,6940.009765625,4588.39990234375
2026-01-17,95550.94,95578.2,95433.94,95478.14,177.31737,99.38999938964844,15.859999656677246,6940.009765625,4588.39990234375
2026-01-18,95147.77,95250.0,94876.33,95025.86,342.12338,99.38999938964844,15.859999656677246,6940.009765625,4588.39990234375
2026-01-19,93673.14,93673.14,91910.2,92571.11,4741.41051,99.38999938964844,15.859999656677246,6940.009765625,4588.39990234375
2026-01-20,92630.99,92870.0,92370.25,92807.44,429.77081,98.63999938964844,20.09000015258789,6796.85986328125,4759.60009765625
2026-01-21,88427.66,89138.29,88250.0,89003.81,1326.88396,98.76000213623048,16.899999618530273,6875.6201171875,4831.7998046875
2026-01-22,89454.73,90193.52,89454.72,90157.12,581.65775,98.36000061035156,15.640000343322754,6913.35009765625,4908.7998046875
2026-01-23,89559.68,89687.9,89450.48,89665.57,327.91478,97.5999984741211,16.09000015258789,6915.60986328125,4976.2001953125
2026-01-24,89600.26,89625.41,89424.39,89573.32,175.17206,97.5999984741211,16.09000015258789,6915.60986328125,4976.2001953125
2026-01-25,89225.34,89319.13,89183.49,89186.78,197.03963,97.5999984741211,16.09000015258789,6915.60986328125,4976.2001953125
2026-01-26,86670.36,87775.0,86509.63,87606.65,1401.65571,97.04000091552734,16.149999618530273,6950.22998046875,5079.7001953125
2026-01-27,88347.08,88457.3,88194.82,88407.92,440.47616,96.22000122070312,16.350000381469727,6978.60009765625,5079.89990234375
2026-01-28,89249.99,89497.96,89154.8,89308.72,420.72243,96.4499969482422,16.350000381469727,6978.02978515625,5301.60009765625
2026-01-29,89300.0,89348.0,88613.09,88845.6,822.13499,96.27999877929688,16.8799991607666,6969.009765625,5318.39990234375
2026-01-30,84650.16,84735.75,81118.0,82421.77,6331.57957,96.98999786376952,17.440000534057617,6939.02978515625,4713.89990234375
2026-01-31,84260.5,84270.02,83908.0,84009.99,726.80922,96.98999786376952,17.440000534057617,6939.02978515625,4713.89990234375
2026-02-01,78741.1,79424.0,78284.0,78588.75,2910.90641,96.98999786376952,17.440000534057617,6939.02978515625,4713.89990234375
2026-02-02,76968.22,78231.26,76606.39,77653.61,3155.83553,97.61000061035156,16.34000015258789,6976.43994140625,4622.5
2026-02-03,78738.6,79186.81,78408.05,78948.15,1872.20642,97.44000244140624,18.0,6917.81005859375,4903.7001953125
2026-02-04,75770.21,76798.12,75467.22,76596.86,1533.90235,97.62000274658205,18.63999938964844,6882.72021484375,4920.39990234375
2026-02-05,73165.84,73341.18,71995.09,72549.17,2739.73865,97.81999969482422,21.770000457763672,6798.39990234375,4861.39990234375
2026-02-06,62909.87,65484.27,60000.0,65244.9,21255.74668,97.62999725341795,20.3700008392334,6932.2998046875,4951.2001953125
2026-02-07,70580.26,70600.0,69718.0,70263.79,2568.17104,97.62999725341795,20.3700008392334,6932.2998046875,4951.2001953125
2026-02-08,69289.37,69500.0,68888.0,69421.15,1247.66731,97.62999725341795,20.3700008392334,6932.2998046875,4951.2001953125
2026-02-09,70330.38,70926.4,70068.18,70379.73,1984.88943,96.81999969482422,17.360000610351562,6964.81982421875,5050.89990234375
2026-02-10,70138.0,70527.59,69743.8,70426.0,1148.51137,96.8000030517578,17.790000915527344,6941.81005859375,5003.7998046875
2026-02-11,68841.28,69292.88,68784.47,69159.06,766.23891,96.83000183105467,17.649999618530273,6941.47021484375,5071.60009765625
2026-02-12,67082.52,68047.48,67055.53,67635.0,1096.86327,96.93000030517578,20.81999969482422,6832.759765625,4923.7001953125
2026-02-13,66272.17,66619.9,65872.46,66394.79,1521.70042,96.87999725341795,20.600000381469727,6836.169921875,5022.0
2026-02-14,68853.97,69137.5,68768.56,69015.03,760.98959,96.87999725341795,20.600000381469727,6836.169921875,5022.0
2026-02-15,69822.94,69902.7,69350.0,69639.0,675.77483,96.87999725341795,20.600000381469727,6836.169921875,5022.0
2026-02-16,68832.59,69065.5,68454.54,68643.13,606.97237,96.87999725341795,20.600000381469727,6836.169921875,5022.0
2026-02-17,68892.43,69042.74,68704.36,68719.93,810.90182,97.16000366210938,20.290000915527344,6843.22021484375,4882.89990234375
2026-02-18,67503.52,67627.97,66892.03,67093.17,678.76731,97.6999969482422,19.6200008392334,6881.31005859375,4986.5
2026-02-19,66461.0,66833.53,66345.0,66833.53,669.76562,97.93000030517578,20.229999542236328,6861.89013671875,4975.89990234375
2026-02-20,67003.73,67486.62,66949.41,67217.71,857.36634,97.8000030517578,19.09000015258789,6909.509765625,5059.2998046875
2026-02-21,68020.0,68051.16,67787.19,67999.94,751.87688,97.8000030517578,19.09000015258789,6909.509765625,5059.2998046875
2026-02-22,67975.93,68171.46,67809.78,68150.01,547.55499,97.8000030517578,19.09000015258789,6909.509765625,5059.2998046875
2026-02-23,67643.39,67684.86,64290.71,64437.48,7705.59217,97.6999969482422,21.01000022888184,6837.75,5204.7001953125
2026-02-24,64656.01,65026.75,63433.84,64318.1,2737.05759,97.87999725341795,19.549999237060547,6890.06982421875,5155.7998046875
2026-02-25,64058.15,66300.0,63913.27,65887.89,3018.20086,97.6999969482422,17.93000030517578,6946.1298828125,5206.39990234375
2026-02-26,67988.04,68700.0,67727.52,68370.72,1674.36214,97.79000091552734,18.6299991607666,6908.85986328125,5176.5
2026-02-27,67485.19,67537.84,66885.0,67230.0,1188.09183,97.61000061035156,19.86000061035156,6878.8798828125,5230.5
2026-02-28,65872.09,66025.52,65721.13,65843.22,493.19169,97.61000061035156,19.86000061035156,6878.8798828125,5230.5
2026-03-01,66973.26,67703.32,66042.72,67208.49,2167.49578,97.61000061035156,19.86000061035156,6878.8798828125,5230.5
2026-03-02,65776.48,67079.0,65761.04,66625.01,1833.27929,98.37999725341795,21.440000534057617,6881.6201171875,5294.39990234375
2026-03-03,68830.06,69258.08,68644.38,68926.47,1001.44827,99.0500030517578,23.56999969482422,6816.6298828125,5107.39990234375
2026-03-04,68338.01,68909.34,67857.61,68543.03,1831.35805,98.7699966430664,21.149999618530277,6869.5,5120.2001953125
2026-03-05,72666.77,73306.82,72553.65,72589.46,1646.9902,99.31999969482422,23.75,6830.7099609375,5065.2998046875
2026-03-06,70891.02,71261.29,70344.03,71152.82,1651.57947,98.98999786376952,29.489999771118164,6740.02001953125,5146.10009765625
2026-03-07,68114.02,68394.09,68105.73,68251.56,914.9311,98.98999786376952,29.489999771118164,6740.02001953125,5146.10009765625
2026-03-08,67262.91,67481.96,67090.0,67329.41,1095.93084,98.98999786376952,29.489999771118164,6740.02001953125,5146.10009765625
2026-03-09,65971.2,66773.0,65821.97,66443.42,3121.96979,99.18000030517578,25.5,6795.990234375,5091.5
2026-03-10,68432.16,69290.42,68391.41,68938.01,1749.50504,98.83000183105467,24.93000030517578,6781.47998046875,5229.7001953125
2026-03-11,69948.64,70173.25,69759.63,69960.64,1605.20311,99.2300033569336,24.229999542236328,6775.7998046875,5167.39990234375
2026-03-12,70191.86,70353.87,69794.35,69894.0,1213.14052,99.73999786376952,27.290000915527344,6672.6201171875,5115.7998046875
2026-03-13,70541.34,72000.0,70386.01,71590.01,3722.68653,100.36000061035156,27.190000534057617,6632.18994140625,5052.5
2026-03-14,70930.01,70951.8,70481.7,70880.82,1319.8759,100.36000061035156,27.190000534057617,6632.18994140625,5052.5
2026-03-15,71211.95,71252.31,70858.82,71250.68,1078.37451,100.36000061035156,27.190000534057617,6632.18994140625,5052.5
2026-03-16,72815.25,73008.94,72270.41,72750.01,1420.46734,99.70999908447266,23.51000022888184,6699.3798828125,4994.0
2026-03-17,74884.67,76000.0,73399.19,73909.36,24521.26636,99.58000183105467,22.3700008392334,6716.08984375,5001.0
2026-03-18,73909.37,74672.34,70500.0,71246.54,23392.88093,100.08999633789062,25.09000015258789,6624.7001953125,4889.89990234375
2026-03-19,71246.55,71613.79,68793.35,69930.0,22364.81819,99.2300033569336,24.059999465942383,6606.490234375,4600.7001953125
2026-03-20,69930.01,71367.0,69388.0,70510.73,18121.16745,99.6500015258789,26.780000686645508,6506.47998046875,4570.39990234375
2026-03-21,70510.73,71100.94,68571.42,68918.12,13397.1675,99.6500015258789,26.780000686645508,6506.47998046875,4570.39990234375
2026-03-22,68918.12,69588.79,67360.66,67859.0,14843.78682,99.6500015258789,26.780000686645508,6506.47998046875,4570.39990234375
2026-03-23,67859.0,71817.09,67445.18,70906.45,28335.09119,98.9499969482422,26.149999618530277,6581.0,4404.10009765625
2026-03-24,70906.45,71400.0,68923.07,70556.74,20702.42244,99.43000030517578,26.950000762939453,6556.3701171875,4399.2998046875
2026-03-25,70556.74,72026.09,70408.0,71336.53,17719.50066,99.5999984741211,25.32999992370605,6591.89990234375,4549.7998046875
2026-03-26,71336.53,71436.82,68153.0,68820.31,20820.45768,99.9000015258789,27.440000534057617,6477.16015625,4375.5
2026-03-27,68820.31,69179.05,65548.25,66407.28,28603.69557,100.1500015258789,31.049999237060547,6368.85009765625,4492.0
2026-03-28,66407.28,67288.94,65932.09,66377.03,11462.39847,100.1500015258789,31.049999237060547,6368.85009765625,4492.0
2026-03-29,66377.04,67130.5,65000.0,66010.93,10052.85584,100.1500015258789,31.049999237060547,6368.85009765625,4492.0
2026-03-30,66010.93,68169.65,65800.59,66797.37,18353.38975,100.51000213623048,30.61000061035156,6343.72021484375,4526.0
2026-03-31,66797.38,68589.49,65998.05,68284.48,22105.40662,99.95999908447266,25.25,6528.52001953125,4647.60009765625
2026-04-01,68284.49,69310.0,67578.75,68113.92,19020.1899,99.6500015258789,24.540000915527344,6575.31982421875,4783.2001953125
2026-04-02,68113.92,68653.38,65712.12,66901.99,20203.47916,100.02999877929688,23.8700008392334,6582.68994140625,4651.5
2026-04-03,66901.99,67370.42,66282.0,66964.3,11429.13131,100.02999877929688,23.8700008392334,6582.68994140625,4651.5
2026-04-04,66964.29,67562.93,66775.91,67300.42,7373.51613,100.02999877929688,23.8700008392334,6582.68994140625,4651.5
2026-04-05,67300.42,69136.2,66611.66,69034.18,11733.46752,100.02999877929688,23.8700008392334,6582.68994140625,4651.5
2026-04-06,69034.18,70351.46,68300.0,68853.66,20281.61044,99.9800033569336,24.170000076293945,6611.830078125,4656.7998046875
2026-04-07,68853.66,72761.0,67732.01,71924.22,23750.49661,99.63999938964844,25.780000686645508,6616.85009765625,4657.10009765625
2026-04-08,71924.22,72857.0,70707.23,71069.93,19802.68627,99.12999725341795,21.040000915527344,6782.81005859375,4749.5
2026-04-09,71069.93,73145.0,70466.0,71787.97,18158.42159,98.81999969482422,19.489999771118164,6824.66015625,4792.2001953125
2026-04-10,71787.98,73434.0,71426.15,72962.7,17372.63288,98.6500015258789,19.229999542236328,6816.89013671875,4761.89990234375
2026-04-11,72962.71,73790.0,72513.09,73043.16,9070.94374,98.6500015258789,19.229999542236328,6816.89013671875,4761.89990234375
2026-04-12,73043.16,73137.24,70505.88,70740.98,13472.46801,98.6500015258789,19.229999542236328,6816.89013671875,4761.89990234375
2026-04-13,70741.56,74900.0,70566.99,74417.99,24230.21625,98.37000274658205,19.1200008392334,6886.240234375,4742.39990234375
2026-04-14,74418.0,76038.0,73795.47,74131.55,26532.94456,98.12000274658205,18.36000061035156,6967.3798828125,4825.0
2026-04-15,74131.55,75425.0,73514.0,74809.99,14425.04167,98.05999755859376,18.170000076293945,7022.9501953125,4800.0
2026-04-16,74809.99,75534.76,73309.85,75154.29,17088.68777,98.22000122070312,17.940000534057617,7041.27978515625,4785.39990234375
2026-04-17,75154.28,78333.0,74529.4,77072.0,25941.36694,98.0999984741211,17.479999542236328,7126.06005859375,4857.60009765625
2026-04-18,77072.01,77420.08,75445.16,75691.76,9141.84456,98.0999984741211,17.479999542236328,7126.06005859375,4857.60009765625
2026-04-19,75691.76,76240.66,73762.9,73801.79,11369.82232,98.0999984741211,17.479999542236328,7126.06005859375,4857.60009765625
2026-04-20,73801.8,76558.62,73724.31,75840.97,16993.41034,98.0500030517578,18.8700008392334,7109.14013671875,4806.60009765625
2026-04-21,75840.97,76927.57,74821.57,76336.15,14912.57132,98.41000366210938,19.5,7064.009765625,4698.39990234375
2026-04-22,76336.14,79472.82,76132.95,78178.23,19737.51225,98.58999633789062,18.920000076293945,7137.89990234375,4732.5
2026-04-23,78178.22,78662.5,76960.0,78257.48,16970.79501,98.8000030517578,19.309999465942383,7108.39990234375,4705.10009765625
2026-04-24,78257.48,78581.93,77264.08,77437.13,12675.14315,98.51000213623048,18.709999084472656,7165.080078125,4722.2998046875
2026-04-25,77437.13,77885.35,77140.23,77625.0,5685.1142,98.51000213623048,18.709999084472656,7165.080078125,4722.2998046875
2026-04-26,77625.0,78961.0,77326.51,78657.55,7963.56162,98.51000213623048,18.709999084472656,7165.080078125,4722.2998046875
2026-04-27,78657.55,79485.66,76459.64,77371.32,16046.92418,98.4800033569336,18.020000457763672,7173.91015625,4675.39990234375
2026-04-28,77371.32,77478.0,75666.6,76342.77,13210.72383,98.62000274658205,17.829999923706055,7138.7998046875,4591.5
2026-04-29,76342.78,77904.93,74937.52,75780.0,18279.93022,98.91999816894533,18.809999465942383,7135.9501953125,4545.2001953125
2026-04-30,75780.0,76669.14,75323.65,76346.57,10381.81607,98.08000183105467,16.889999389648438,7209.009765625,4614.7001953125
2026-05-01,76346.58,78914.12,76320.42,78231.13,17315.46502,98.20999908447266,16.989999771118164,7230.1201171875,4629.89990234375
2026-05-02,78231.13,79199.48,78040.0,78686.85,6150.87642,98.20999908447266,16.989999771118164,7230.1201171875,4629.89990234375
2026-05-03,78686.84,79447.0,78084.08,78568.57,7425.7929,98.20999908447266,16.989999771118164,7230.1201171875,4629.89990234375
2026-05-04,78568.58,80776.99,78202.0,79861.01,26042.96135,98.47000122070312,18.290000915527344,7200.75,4519.5
2026-05-05,79861.01,81791.48,79808.72,80905.52,16947.17995,98.4800033569336,17.3799991607666,7259.22021484375,4555.7998046875
2026-05-06,80905.53,82850.0,80731.14,81447.01,18798.77396,98.0199966430664,17.389999389648438,7365.1201171875,4681.89990234375
2026-05-07,81447.01,81708.32,79500.0,80006.0,16154.80338,98.25,17.079999923706055,7337.10986328125,4699.7998046875
2026-05-08,80006.0,80500.0,79181.48,80193.17,16001.31009,97.83999633789062,17.190000534057617,7398.93017578125,4720.39990234375
2026-05-09,80193.18,81080.0,80129.85,80678.4,7548.42177,97.83999633789062,17.190000534057617,7398.93017578125,4720.39990234375
2026-05-10,80678.41,82479.32,80279.77,82210.07,12034.31882,97.83999633789062,17.190000534057617,7398.93017578125,4720.39990234375
2026-05-11,82210.07,82380.0,80462.97,81745.65,12951.76056,97.94000244140624,18.3799991607666,7412.83984375,4718.7001953125
2026-05-12,81745.66,81788.0,79843.59,80504.47,12386.25676,98.29000091552734,17.989999771118164,7400.9599609375,4677.60009765625
2026-05-13,80504.47,81324.64,78754.65,79313.61,14810.05643,98.4800033569336,17.8700008392334,7444.25,4697.7001953125
2026-05-14,79313.61,82048.13,78922.0,81089.99,19727.86807,98.87999725341795,17.260000228881836,7501.240234375,4678.10009765625
2026-05-15,81090.0,81664.45,78659.0,79113.21,17351.27079,99.2699966430664,18.43000030517578,7408.5,4555.7998046875
2026-05-16,79113.2,79227.77,77640.0,78148.05,12132.86192,99.2699966430664,18.43000030517578,7408.5,4555.7998046875
2026-05-17,78148.05,78599.99,76735.16,77457.67,8442.7022,99.2699966430664,18.43000030517578,7408.5,4555.7998046875
2026-05-18,77457.67,77800.0,76051.0,77001.87,18745.51678,98.97000122070312,17.81999969482422,7403.0498046875,4552.5
2026-05-19,77001.88,77414.62,76144.71,76834.36,11024.85978,99.3000030517578,18.059999465942383,7353.60986328125,4506.2998046875
2026-05-20,76834.36,77853.04,76516.74,77552.23,11296.26307,99.11000061035156,17.440000534057617,7432.97021484375,4531.2998046875
2026-05-21,77552.24,78200.0,76719.47,77615.52,11318.25841,99.19000244140624,16.760000228881836,7445.72021484375,4539.7998046875
2026-05-22,77615.52,77900.0,75359.18,75539.5,11272.36134,99.31999969482422,16.700000762939453,7473.47021484375,4521.0
2026-05-23,75539.5,77404.18,74289.6,76752.01,15086.88814,99.31999969482422,16.700000762939453,7473.47021484375,4521.0
2026-05-24,76752.0,77543.15,76108.0,77064.96,8398.00156,99.31999969482422,16.700000762939453,7473.47021484375,4521.0
2026-05-25,77064.96,77905.52,76914.25,77322.01,7672.32197,99.31999969482422,16.59000015258789,7473.47021484375,4521.0
2026-05-26,77322.01,78080.0,75677.97,75930.01,16953.47629,99.16999816894533,17.010000228881836,7519.1201171875,4500.39990234375
2026-05-27,75930.01,76174.15,74243.99,74449.3,16877.77483,99.20999908447266,16.290000915527344,7520.35986328125,4447.5
2026-05-28,74449.31,74590.77,72582.82,73617.51,21274.02026,99.0199966430664,15.739999771118164,7563.6298828125,4499.2998046875
2026-05-29,73617.52,74514.1,72512.49,73460.78,18686.74141,98.91000366210938,15.31999969482422,7580.06005859375,4560.5
2026-05-30,73460.78,74143.76,73216.0,73884.38,7515.40909,98.91000366210938,15.31999969482422,7580.06005859375,4560.5
2026-05-31,73884.38,74275.66,73400.0,73674.39,6986.45707,98.91000366210938,15.31999969482422,7580.06005859375,4560.5
2026-06-01,73674.39,74092.0,73222.0,73304.0,2631.2038,99.1999969482422,16.049999237060547,7599.9599609375,4475.2001953125
2026-06-02,71408.9,71408.9,66193.0,66760.83,32858.19586,99.22000122070312,15.770000457763672,7609.77978515625,4489.10009765625
2026-06-03,66760.84,67204.15,65426.34,66461.87,6925.60683,99.52999877929688,16.059999465942383,7553.68017578125,4436.7001953125
2026-06-04,64142.75,64764.32,61383.56,63885.99,43577.17571,99.41000366210938,15.399999618530272,7584.31005859375,4475.7998046875
2026-06-05,63885.99,63978.0,59130.91,61056.47,55027.28807,100.06999969482422,21.51000022888184,7383.740234375,4337.10009765625
2026-06-06,61056.47,61530.05,59500.0,61172.0,7449.05725,100.06999969482422,21.51000022888184,7383.740234375,4337.10009765625
2026-06-07,60884.62,64234.68,60746.0,63332.01,26612.10443,100.06999969482422,21.51000022888184,7383.740234375,4337.10009765625
2026-06-08,63332.01,63863.06,62657.07,62762.0,3880.86282,100.0500030517578,18.920000076293945,7405.72998046875,4335.89990234375
2026-06-09,63086.0,63526.01,60780.0,61730.0,21636.21959,99.91000366210938,19.8700008392334,7386.64990234375,4260.0
2026-06-10,61730.0,62857.99,60755.0,61510.99,15998.71652,99.9499969482422,22.21999931335449,7266.990234375,4108.2001953125
2026-06-11,61510.99,63933.02,61510.99,63625.99,17380.94642,99.86000061035156,19.440000534057617,7394.2998046875,4090.300048828125
2026-06-12,63626.0,64394.44,62829.81,63580.01,16397.0524,99.75,17.68000030517578,7431.4599609375,4215.0
2026-06-13,63580.0,64762.77,63418.66,64458.01,9960.74163,99.75,17.68000030517578,7431.4599609375,4215.0
2026-06-14,64458.01,65800.0,63678.83,65746.45,13203.03375,99.75,17.68000030517578,7431.4599609375,4215.0
2026-06-15,65746.45,67292.15,65354.0,66328.74,18559.80102,99.62999725341795,16.200000762939453,7554.2900390625,4328.0
2026-06-16,66328.74,66463.26,65650.0,66241.66,4220.2761,99.54000091552734,16.40999984741211,7511.35009765625,4330.89990234375
2026-06-17,65675.02,66445.93,63915.77,64509.4,19048.65409,100.08999633789062,18.440000534057617,7420.10009765625,4358.89990234375
2026-06-18,64509.4,64806.0,62272.07,62958.01,16935.59661,100.8499984741211,16.399999618530273,7500.580078125,4224.10009765625
2026-06-19,62958.01,63666.0,62316.44,63543.91,14247.424,100.8499984741211,16.399999618530273,7500.580078125,4224.10009765625
2026-06-20,63543.9,64388.0,63184.21,64298.01,9522.10324,100.8499984741211,16.399999618530273,7500.580078125,4224.10009765625
2026-06-21,64298.01,64588.0,63270.0,63311.99,8034.66333,100.8499984741211,16.399999618530273,7500.580078125,4224.10009765625
2026-06-22,63312.0,65622.83,63312.0,64020.01,15423.10851,101.0199966430664,17.280000686645508,7472.7900390625,4181.89990234375
2026-06-23,64020.01,64275.38,61938.0,62734.57,20222.99292,101.41000366210938,19.489999771118164,7365.4599609375,4129.89990234375
2026-06-24,62734.57,63239.06,59102.7,61077.99,30678.28543,101.61000061035156,18.6299991607666,7358.22021484375,3990.300048828125
2026-06-25,61078.0,61962.4,58115.01,59794.0,30386.00694,101.43000030517578,18.88999938964844,7357.490234375,4030.5
2026-06-26,59794.64,60759.99,58337.0,60097.27,27403.55723,101.36000061035156,18.40999984741211,7354.02001953125,4078.699951171875
2026-06-27,60097.27,60941.17,59855.16,60029.0,9587.22916,101.36000061035156,18.40999984741211,7354.02001953125,4078.699951171875
2026-06-28,60029.01,60545.01,58905.0,59577.01,8907.13796,101.36000061035156,18.40999984741211,7354.02001953125,4078.699951171875
2026-06-29,59577.01,60780.57,58900.01,60260.21,20203.14178,101.11000061035156,17.649999618530273,7440.43017578125,4022.300048828125
2026-06-30,60260.2,60276.54,58201.0,58624.71,19639.82787,101.19000244140624,16.450000762939453,7499.35986328125,4022.89990234375
2026-07-01,58624.71,61334.0,57800.19,60024.0,25093.44662,101.38999938964844,16.59000015258789,7483.22998046875,4068.300048828125
2026-07-02,60024.0,62200.0,59588.0,61560.0,21382.14163,100.86000061035156,16.149999618530273,7483.240234375,4112.7001953125
2026-07-03,61560.0,62979.86,61248.86,62583.26,14048.98627,100.86000061035156,16.149999618530273,7483.240234375,4112.7001953125
2026-07-04,62583.26,63461.99,62328.24,63144.01,9139.8274,100.86000061035156,16.149999618530273,7483.240234375,4112.7001953125
2026-07-05,63144.01,63999.0,62436.59,63650.0,9172.07758,100.86000061035156,16.149999618530273,7483.240234375,4112.7001953125
2026-07-06,63650.01,64700.0,61306.84,64042.02,21435.28437,100.8499984741211,15.56999969482422,7537.43017578125,4155.10009765625
2026-07-07,64042.93,64314.0,62671.39,63363.99,16834.20823,101.13999938964844,16.1299991607666,7503.85009765625,4145.2998046875
2026-07-08,63364.0,63761.99,61544.56,62290.0,18620.09796,101.0500030517578,16.899999618530273,7482.7099609375,4070.89990234375
2026-07-09,62290.01,63500.0,61705.29,63230.0,16742.80672,100.94000244140624,15.84000015258789,7543.64013671875,4130.60009765625
2026-07-10,63230.01,64692.83,62926.01,64161.72,17589.00122,100.97000122070312,15.029999732971191,7575.39013671875,4104.10009765625
2026-07-11,64161.72,64504.11,63819.0,63819.0,9151.97432,100.97000122070312,15.029999732971191,7575.39013671875,4104.10009765625
2026-07-12,63819.01,64290.11,63640.83,63780.0,13914.83703,100.97000122070312,15.029999732971191,7575.39013671875,4104.10009765625
2026-07-13,63780.0,64425.0,61824.97,62334.52,21682.50204,101.27999877929688,17.15999984741211,7515.33984375,3997.0
2026-07-14,62334.52,65100.0,62272.2,65043.98,20552.41384,100.94000244140624,16.5,7543.58984375,4061.10009765625
2026-07-15,65043.99,65600.0,64485.0,64756.28,18401.89741,100.5,15.670000076293944,7572.39990234375,4044.0
2026-07-16,64756.28,64997.52,63748.74,63830.2,18764.52679,100.7300033569336,16.729999542236328,7533.77001953125,3985.60009765625
2026-07-17,63830.2,64387.99,62537.56,63931.67,18189.89389,100.75,18.770000457763672,7457.68994140625,4012.699951171875
2026-07-18,63931.67,64865.0,63886.65,64834.22,8031.18012,100.75,18.770000457763672,7457.68994140625,4012.699951171875
2026-07-19,64834.21,64967.25,64280.0,64722.54,8379.91474,100.75,18.770000457763672,7457.68994140625,4012.699951171875
2026-07-20,64722.55,65799.0,63100.0,65255.51,21323.48702,100.98999786376952,18.649999618530277,7443.27978515625,4010.300048828125
2026-07-21,65255.51,66956.15,65148.75,66556.16,18618.28087,101.18000030517578,17.049999237060547,7509.2001953125,4071.10009765625
2026-07-22,66556.15,66739.89,65553.67,66114.49,18074.86602,101.13999938964844,16.639999389648438,7498.9599609375,4146.89990234375
2026-07-23,66114.5,66313.14,64650.0,65098.97,14698.22673,101.43000030517578,18.700000762939453,7408.2998046875,4046.60009765625
2026-07-24,65098.98,65808.59,63739.75,64139.99,16821.2718,101.47000122070312,18.57999992370605,7411.97998046875,4067.60009765625
2026-07-25,64140.0,64475.28,63810.0,64375.0,8863.0503,101.47000122070312,18.57999992370605,7411.97998046875,4067.60009765625
2026-07-26,64375.01,65577.0,64293.81,65399.99,7933.06089,101.47000122070312,18.57999992370605,7411.97998046875,4067.60009765625
2026-07-27,65400.0,65744.6,63605.56,63755.86,14791.90543,101.51000213623048,18.670000076293945,7413.18017578125,4074.5
2026-07-28,63755.86,64100.0,62742.47,63915.0,13889.82996,101.37999725341795,18.209999084472656,7428.77978515625,4036.300048828125
2026-07-29,63915.0,64744.81,63267.34,63984.28,16780.11912,100.8000030517578,20.65999984741211,7316.14990234375,4034.699951171875
2026-07-30,63984.29,65176.6,63603.92,64780.02,17131.58486,100.01000213623048,17.09000015258789,7437.6298828125,4100.10009765625
2026-07-31,64780.03,65409.56,62466.0,62887.88,20475.60686,99.8000030517578,15.989999771118164,7489.72021484375,4049.10009765625
2026-08-01,62887.88,63150.0,62275.0,62823.64,7563.08904,99.8000030517578,15.989999771118164,7489.72021484375,4049.10009765625
2026-08-02,62823.65,63796.33,62806.58,63570.0,8387.01154,99.8000030517578,15.989999771118164,7489.72021484375,4049.10009765625
2026-08-03,63570.01,64080.0,62300.0,63520.0,15543.29743,99.95999908447266,15.859999656677246,7600.5,4033.699951171875
2026-08-04,63520.0,64549.16,63322.01,64106.56,13690.47909,99.88999938964844,16.5,7736.52001953125,4095.39990234375
2026-08-05,64106.55,65025.22,63880.0,64665.23,12742.85528,99.69000244140624,15.8100004196167,7723.5498046875,4245.7998046875
2026-08-06,64665.24,64999.0,64172.0,64323.61,9864.43284,99.97000122070312,15.149999618530272,7709.9599609375,4242.0
2026-08-07,64323.61,65390.99,64166.0,64923.19,11807.40403,99.5999984741211,14.899999618530272,7757.64013671875,4340.7001953125
2026-08-08,64923.2,65192.54,64784.19,64962.6,5760.14298,99.5999984741211,14.899999618530272,7757.64013671875,4340.7001953125
2026-08-09,64962.6,65474.46,64730.08,64901.59,7031.23606,99.5999984741211,14.899999618530272,7757.64013671875,4340.7001953125
2026-08-10,64901.59,65391.14,63806.27,63970.01,13638.40877,99.80999755859376,15.460000038146973,7753.10986328125,4361.7998046875
2026-08-11,63970.01,64515.43,63238.0,63600.0,12891.63248,99.81999969482422,15.279999732971191,7728.2001953125,4383.0
2026-08-12,63600.01,64500.0,63310.34,63479.99,13627.06822,100.01000213623048,14.550000190734863,7748.5,4408.89990234375
2026-08-13,63479.99,64010.0,62802.27,63490.86,10793.85853,99.95999908447266,14.630000114440918,7798.990234375,4363.60009765625
2026-08-14,63490.86,63617.45,62535.24,63043.56,12340.82899,99.66999816894533,14.25,7785.759765625,4380.39990234375
2026-08-15,63043.56,63187.98,62920.0,63086.01,5405.16038,99.66999816894533,14.25,7785.759765625,4380.39990234375
2026-08-16,63086.01,63390.0,62716.0,62900.0,4737.23135,99.66999816894533,14.25,7785.759765625,4380.39990234375
2026-08-17,62900.0,64610.01,62751.1,64532.1,14255.64713,99.63999938964844,15.1899995803833,7745.06005859375,4417.7998046875
2026-08-18,64532.11,65058.81,64027.85,64725.42,11789.91312,99.6500015258789,15.84000015258789,7691.759765625,4366.0
2026-08-19,64725.42,70000.0,64166.0,69334.79,29054.29976,98.83000183105467,14.890000343322754,7707.97998046875,4489.39990234375
2026-08-20,69334.78,73400.0,68902.22,73025.15,35904.79287,98.9000015258789,16.010000228881836,7641.16015625,4571.39990234375
2026-08-21,73027.02,79500.0,73027.02,78338.03,44339.56568,98.80000305175781,15.130000114440918,7674.3701171875,4680.60009765625
2026-08-22,78338.03,78828.15,76500.0,77074.93,18524.50847,98.80000305175781,15.130000114440918,7674.3701171875,4680.60009765625
2026-08-23,77074.94,78052.85,75545.67,77734.0,15367.23185,98.80000305175781,15.130000114440918,7674.3701171875,4680.60009765625
2026-08-24,77734.0,80000.0,76670.01,78992.75,30179.29391,99.0,15.850000381469727,7652.85986328125,4697.7998046875
2026-08-25,78992.76,81272.62,77851.0,78539.14,24772.51394,98.91999816894531,15.449999809265137,7677.27978515625,4694.5
2026-08-26,78539.13,79251.6,77632.58,79023.75,14613.75887,99.16999816894531,15.210000038146973,7675.7001953125,4653.2998046875
2026-08-27,79023.75,80848.74,78546.13,80249.58,16265.53695,99.16000366210938,14.510000228881836,7730.990234375,4664.0
2026-08-28,80249.59,81478.87,76888.0,77845.87,19756.43646,99.69999694824219,14.430000305175781,7711.759765625,4529.89990234375
2026-08-29,77845.88,78330.0,77382.37,78230.0,7016.30257,99.69999694824219,14.430000305175781,7711.759765625,4529.89990234375
2026-08-30,78230.0,79400.0,77000.0,77682.0,9085.42405,99.69999694824219,14.430000305175781,7711.759765625,4529.89990234375
2026-08-31,77682.0,79250.0,77392.0,78581.29,15303.90602,99.43000030517578,14.920000076293945,7686.14013671875,4481.5
2026-09-01,78581.3,79220.61,76420.0,77439.0,14130.63949,99.66999816894531,16.34000015258789,7631.47021484375,4396.39990234375
2026-09-02,77439.01,77792.0,76264.0,77340.01,13070.9782,99.55999755859375,15.199999809265137,7666.60009765625,4414.60009765625
2026-09-03,77340.01,82300.0,76968.0,81270.37,19806.42247,99.0,14.319999694824219,7747.7099609375,4539.89990234375
2026-09-04,81270.37,81427.75,78660.0,79660.77,19198.62549,99.16000366210938,14.529999732971191,7718.60009765625,4476.60009765625
2026-09-05,79660.77,80200.0,79442.0,79831.75,9117.2402,99.16000366210938,14.529999732971191,7718.60009765625,4476.60009765625
2026-09-06,79831.75,80559.99,79233.0,80341.83,8854.81827,99.16000366210938,14.529999732971191,7718.60009765625,4476.60009765625
2026-09-07,80341.83,80443.99,78680.0,79112.01,10572.45495,99.16000366210938,15.300000190734863,7718.60009765625,4476.60009765625
2026-09-08,79112.0,79485.0,77620.01,78455.8,19235.06605,98.83999633789062,15.720000267028809,7673.52001953125,4439.0
2026-09-09,78455.8,79760.0,77770.0,78306.43,14129.92027,98.7699966430664,16.459999084472656,7636.35986328125,4460.7001953125
2026-09-10,78306.43,78564.39,76464.0,76568.72,15320.36904,99.08999633789062,17.84000015258789,7591.7001953125,4407.2998046875
2026-09-11,76568.73,79890.0,76046.58,77225.7,19713.27729,99.12000274658203,15.84000015258789,7656.97998046875,4408.89990234375
2026-09-12,77225.71,77505.67,77059.75,77278.73,8060.44455,99.12000274658203,15.84000015258789,7656.97998046875,4408.89990234375
2026-09-13,77278.73,77450.0,76500.0,76842.01,6959.68366,99.12000274658203,15.84000015258789,7656.97998046875,4408.89990234375
2026-09-14,76842.01,79600.0,76388.72,78189.21,15413.48971,99.45999908447266,17.100000381469727,7619.97998046875,4351.89990234375
2026-09-15,78189.2,78250.46,74967.97,75644.48,21682.71734,99.6500015258789,17.200000762939453,7585.72998046875,4332.7998046875
2026-09-16,75644.48,76560.76,75064.82,76206.01,14887.98431,100.30999755859375,17.709999084472656,7551.81005859375,4387.5
2026-09-17,76206.0,77179.47,76000.0,76417.01,10925.02219,100.22000122070312,15.4399995803833,7637.759765625,4399.7001953125
2026-09-18,76417.01,81400.0,76296.0,80883.87,23907.77962,100.22000122070312,14.8100004196167,7650.5,4424.89990234375
2026-09-19,80883.86,81951.0,80844.58,81249.99,10663.76706,100.22000122070312,14.8100004196167,7650.5,4424.89990234375
2026-09-20,81249.99,81497.33,80126.04,81178.0,10993.68293,100.22000122070312,14.8100004196167,7650.5,4424.89990234375
2026-09-21,81178.01,87395.67,80850.22,86620.0,31963.17872,100.43000030517578,14.869999885559082,7764.7001953125,4383.89990234375
2026-09-22,86620.01,86717.6,85114.0,86208.56,21328.45813,100.5999984741211,14.210000038146973,7764.64013671875,4376.39990234375
2026-09-23,86208.57,87278.54,83500.01,84397.6,22150.93277,101.0999984741211,15.180000305175781,7706.02978515625,4318.39990234375
2026-09-24,84397.6,84942.45,82874.93,84410.24,18703.61971,101.29000091552734,15.670000076293945,7704.1298828125,4298.0
2026-09-25,84410.24,85255.0,83183.0,84099.99,18056.26519,100.97000122070312,14.869999885559082,7743.41015625,4321.2001953125
2026-09-26,84100.0,84473.58,83798.0,84433.1,8058.06465,100.97000122070312,14.869999885559082,7743.41015625,4321.2001953125
2026-09-27,84433.11,85159.03,84132.0,84472.0,9615.12963,100.97000122070312,14.869999885559082,7743.41015625,4321.2001953125
2026-09-28,84472.01,84999.0,82563.0,83500.01,20960.72462,101.19999694824219,16.06999969482422,7683.68994140625,4168.39990234375
2026-09-29,83500.01,84563.99,82775.94,83663.66,13461.55331,101.37000274658203,16.040000915527344,7670.83984375,4179.7001953125
2026-09-30,83663.66,85649.95,82956.11,83623.6,18522.82001,101.44999694824219,16.34000015258789,7651.5400390625,4186.7001953125
2026-10-01,83623.59,85273.65,83186.0,84880.05,16766.05675,102.0999984741211,16.389999389648438,7666.4501953125,4202.2998046875
2026-10-02,84880.05,87220.0,83888.0,84518.01,26497.91954,101.93000030517578,15.3100004196167,7722.72021484375,4162.2998046875
2026-10-03,84518.0,85037.63,84456.02,84753.56,6889.63623,101.93000030517578,15.3100004196167,7722.72021484375,4162.2998046875
2026-10-04,84753.57,84924.53,84719.99,84922.48,1397.42659,101.93000030517578,15.3100004196167,7722.72021484375,4162.2998046875
